repo,sha,date,week,month,weekday,message,type,scope
cisco,97841ee,2026-02-23,2026-W08,2026-02,Monday,Ajustado nomes de pastas que estavam erradas,outro,geral
cisco,b263161,2026-02-08,2026-W05,2026-02,Sunday,Alterado o Readme.md,outro,geral
cisco,eb338dc,2026-02-08,2026-W05,2026-02,Sunday,Alterado o Readme.md,outro,geral
cisco,59321dd,2026-02-08,2026-W05,2026-02,Sunday,Alterado o Readme.md,outro,geral
cisco,561f161,2026-02-07,2026-W05,2026-02,Saturday,Alterado o Readme.md,outro,geral
cisco,38ce9f8,2026-02-07,2026-W05,2026-02,Saturday,Alterado o Readme.md,outro,geral
cisco,bce7541,2026-02-07,2026-W05,2026-02,Saturday,Alterado o Readme.md,outro,geral
cisco,2bc239a,2026-02-07,2026-W05,2026-02,Saturday,Alterado o Readme.md,outro,geral
cisco,626d9ad,2026-02-04,2026-W05,2026-02,Wednesday,Alterado o Readme.md,outro,geral
cisco,4f122a2,2026-02-04,2026-W05,2026-02,Wednesday,Alterado o Readme.md,outro,geral
cisco,257ffec,2026-02-04,2026-W05,2026-02,Wednesday,Alterado o Readme.md,outro,geral
cisco,8e912f5,2026-02-04,2026-W05,2026-02,Wednesday,Alterado o Readme.md,outro,geral
cisco,fd6e685,2026-02-04,2026-W05,2026-02,Wednesday,Alterado o Readme.md,outro,geral
cisco,f082d38,2026-02-04,2026-W05,2026-02,Wednesday,Alterado o Readme.md,outro,geral
cisco,ac8ce04,2026-02-04,2026-W05,2026-02,Wednesday,Alterado o Readme.md,outro,geral
cisco,1c11006,2026-02-04,2026-W05,2026-02,Wednesday,Alterado o Readme.md,outro,geral
cisco,84ece8c,2026-02-04,2026-W05,2026-02,Wednesday,Alterado o Readme.md,outro,geral
cisco,f31cc08,2026-02-04,2026-W05,2026-02,Wednesday,Alterado o Readme.md,outro,geral
cisco,3d9b6df,2026-02-04,2026-W05,2026-02,Wednesday,Alterado o Readme.md,outro,geral
cisco,1d018ac,2026-02-04,2026-W05,2026-02,Wednesday,Alterado o Readme.md,outro,geral
cisco,baf0a38,2026-02-01,2026-W04,2026-02,Sunday,Alterado o Readme.md,outro,geral
cisco,e85ccd7,2026-02-01,2026-W04,2026-02,Sunday,Alterado o Readme.md,outro,geral
cisco,28ab616,2026-02-01,2026-W04,2026-02,Sunday,Alterado o Readme.md,outro,geral
cisco,618521d,2026-02-01,2026-W04,2026-02,Sunday,Alterado o Readme.md,outro,geral
cisco,a7c1772,2026-01-29,2026-W04,2026-01,Thursday,Alterado o Readme.md,outro,geral
cisco,ca6a5ae,2026-01-29,2026-W04,2026-01,Thursday,Alterado o Readme.md,outro,geral
cisco,0226bc6,2026-01-26,2026-W04,2026-01,Monday,Alterado o Readme.md,outro,geral
cisco,d9c6d10,2026-01-26,2026-W04,2026-01,Monday,Alterado o Readme.md,outro,geral
cisco,3683f12,2026-01-26,2026-W04,2026-01,Monday,Adicionado a pasta 12,outro,geral
cisco,3ad84cf,2026-01-20,2026-W03,2026-01,Tuesday,Adicionado a pasta 12,outro,geral
cisco,caee9c4,2026-01-17,2026-W02,2026-01,Saturday,Alterado o Readme.md,outro,geral
cisco,a4098ee,2026-01-17,2026-W02,2026-01,Saturday,Alterado o Readme.md,outro,geral
cisco,3d5ee3c,2026-01-17,2026-W02,2026-01,Saturday,Alterado o Readme.md,outro,geral
cisco,3255b06,2026-01-17,2026-W02,2026-01,Saturday,Alterado o Readme.md,outro,geral
cisco,c99ecf6,2026-01-17,2026-W02,2026-01,Saturday,Alterado o Readme.md,outro,geral
cisco,5e61080,2026-01-16,2026-W02,2026-01,Friday,Alterado o Readme.md,outro,geral
cisco,90f3da3,2026-01-15,2026-W02,2026-01,Thursday,Alterado o Readme.md,outro,geral
cisco,475ff4c,2026-01-15,2026-W02,2026-01,Thursday,Alterado o Readme.md,outro,geral
cisco,b42add8,2026-01-12,2026-W02,2026-01,Monday,Alterado o Readme.md,outro,geral
cisco,43e5e56,2026-01-12,2026-W02,2026-01,Monday,Alterado o Readme.md,outro,geral
cisco,25a5d8c,2026-01-11,2026-W01,2026-01,Sunday,Alterado o Readme.md,outro,geral
cisco,dea3f66,2026-01-10,2026-W01,2026-01,Saturday,Alterado o Readme.md,outro,geral
cisco,deaa79d,2026-01-10,2026-W01,2026-01,Saturday,Alterado o Readme.md,outro,geral
cisco,e8a3b4b,2026-01-10,2026-W01,2026-01,Saturday,Alterado o Readme.md,outro,geral
cisco,73c0203,2026-01-09,2026-W01,2026-01,Friday,Alterado o Readme.md,outro,geral
cisco,7d68044,2026-01-09,2026-W01,2026-01,Friday,Alterado o Readme.md,outro,geral
cisco,4158659,2026-01-09,2026-W01,2026-01,Friday,Alterado o Readme.md,outro,geral
cisco,c7c5bea,2026-01-09,2026-W01,2026-01,Friday,Alterado o Readme.md,outro,geral
cisco,2cddf73,2026-01-09,2026-W01,2026-01,Friday,Alterado o Readme.md,outro,geral
cisco,6f14492,2026-01-09,2026-W01,2026-01,Friday,Alterado o Readme.md,outro,geral
cisco,1c2552f,2026-01-09,2026-W01,2026-01,Friday,Alterado o Readme.md,outro,geral
cisco,d0aa158,2026-01-08,2026-W01,2026-01,Thursday,Alterado o Readme.md,outro,geral
cisco,756a4fc,2026-01-06,2026-W01,2026-01,Tuesday,Alterado o Readme.md,outro,geral
cisco,2c6b40b,2026-01-06,2026-W01,2026-01,Tuesday,Alterado o Readme.md,outro,geral
cisco,ec03a61,2026-01-06,2026-W01,2026-01,Tuesday,Alterado o Readme.md,outro,geral
cisco,86d513b,2026-01-06,2026-W01,2026-01,Tuesday,Alterado o Readme.md,outro,geral
cisco,574b4b4,2026-01-06,2026-W01,2026-01,Tuesday,Alterado o Readme.md,outro,geral
cisco,bf3f86c,2026-01-05,2026-W01,2026-01,Monday,Alterado o Readme.md,outro,geral
cisco,981e936,2026-01-05,2026-W01,2026-01,Monday,Alterado o Readme.md,outro,geral
cisco,6057e43,2026-01-05,2026-W01,2026-01,Monday,Alterado o Readme.md,outro,geral
cisco,1fb150b,2026-01-05,2026-W01,2026-01,Monday,Alterado o Readme.md,outro,geral
cisco,6f3a794,2026-01-05,2026-W01,2026-01,Monday,Alterado o Readme.md,outro,geral
cisco,f27ca73,2026-01-05,2026-W01,2026-01,Monday,Ajustado numeração de pasta de 12 para 11,outro,geral
cisco,688d22e,2025-12-31,2025-W52,2025-12,Wednesday,Adicionado a Pasta 12 - MSDP (Multicast Source Discovery Protocol - Ultimo do ano de 2026,outro,geral
cisco,3ae65bd,2025-12-31,2025-W52,2025-12,Wednesday,Alterado o Readme.md,outro,geral
cisco,c1e97db,2025-12-30,2025-W52,2025-12,Tuesday,Alterado o Readme.md,outro,geral
cisco,e6ab7bc,2025-12-29,2025-W52,2025-12,Monday,Alterado o Readme.md,outro,geral
cisco,6afc1ea,2025-12-29,2025-W52,2025-12,Monday,Alterado o Readme.md,outro,geral
cisco,461da72,2025-12-28,2025-W51,2025-12,Sunday,Alterado o Readme.md,outro,geral
cisco,4ec57bc,2025-12-28,2025-W51,2025-12,Sunday,Alterado o Readme.md,outro,geral
cisco,722dd8d,2025-12-27,2025-W51,2025-12,Saturday,Alterado o Readme.md,outro,geral
cisco,6d08dc3,2025-12-27,2025-W51,2025-12,Saturday,Alterado o Readme.md,outro,geral
cisco,276f82c,2025-12-27,2025-W51,2025-12,Saturday,Alterado o Readme.md,outro,geral
cisco,11cda20,2025-12-27,2025-W51,2025-12,Saturday,Alterado o Readme.md,outro,geral
cisco,741ade0,2025-12-27,2025-W51,2025-12,Saturday,Alterado o Readme.md,outro,geral
cisco,11b889b,2025-12-27,2025-W51,2025-12,Saturday,Alterado o Readme.md,outro,geral
cisco,55f739f,2025-12-26,2025-W51,2025-12,Friday,Alterado o Readme.md,outro,geral
cisco,cc63c90,2025-12-26,2025-W51,2025-12,Friday,Alterado o Readme.md,outro,geral
cisco,87af7a4,2025-12-26,2025-W51,2025-12,Friday,Alterado o Readme.md,outro,geral
cisco,e7d989c,2025-12-25,2025-W51,2025-12,Thursday,Alterado o Readme.md,outro,geral
cisco,fec5e3f,2025-12-25,2025-W51,2025-12,Thursday,Alterado o Readme.md,outro,geral
cisco,6fa950a,2025-12-25,2025-W51,2025-12,Thursday,Alterado o Readme.md,outro,geral
cisco,e206474,2025-12-25,2025-W51,2025-12,Thursday,Alterado o Readme.md,outro,geral
cisco,76c37dc,2025-12-25,2025-W51,2025-12,Thursday,Alterado o Readme.md,outro,geral
cisco,93b544e,2025-12-25,2025-W51,2025-12,Thursday,Alterado o Readme.md,outro,geral
cisco,d477017,2025-12-25,2025-W51,2025-12,Thursday,Alterado o Readme.md,outro,geral
cisco,5e93438,2025-12-23,2025-W51,2025-12,Tuesday,Alterado o Readme.md,outro,geral
cisco,a1b9733,2025-12-22,2025-W51,2025-12,Monday,Alterado o Readme.md,outro,geral
cisco,f41550c,2025-12-22,2025-W51,2025-12,Monday,Alterado o Readme.md,outro,geral
cisco,d237752,2025-12-22,2025-W51,2025-12,Monday,Alterado o Readme.md,outro,geral
cisco,10dc7ff,2025-12-22,2025-W51,2025-12,Monday,Alterado o Readme.md,outro,geral
cisco,2101b21,2025-12-21,2025-W50,2025-12,Sunday,Alterado o Readme.md,outro,geral
cisco,1e36cb7,2025-12-21,2025-W50,2025-12,Sunday,Alterado o Readme.md,outro,geral
cisco,0c4f36d,2025-12-21,2025-W50,2025-12,Sunday,Alterado o Readme.md,outro,geral
cisco,64124d4,2025-12-20,2025-W50,2025-12,Saturday,Alterado o Readme.md,outro,geral
cisco,b2753b3,2025-12-20,2025-W50,2025-12,Saturday,Alterado o Readme.md,outro,geral
cisco,41b0b9c,2025-12-20,2025-W50,2025-12,Saturday,Alterado o Readme.md,outro,geral
cisco,d41a6cf,2025-12-20,2025-W50,2025-12,Saturday,Alterado o Readme.md,outro,geral
cisco,6d5b12d,2025-12-20,2025-W50,2025-12,Saturday,Alterado o Readme.md - Ajustado o trecho de intrdução,outro,geral
cisco,034330e,2025-12-20,2025-W50,2025-12,Saturday,Alterado o Readme.md - Ajustado o trecho de intrdução,outro,geral
cisco,9b533e4,2025-12-20,2025-W50,2025-12,Saturday,Adiconado a pasta  10 - Exemplo Pratico -PIM Biderecional Multicast,outro,geral
cisco,e9e5093,2025-12-20,2025-W50,2025-12,Saturday,Apagado imagens das pastas Apagar deas pastas 08 e 09,outro,geral
cisco,01dcf23,2025-11-19,2025-W46,2025-11,Wednesday,Alterado o Readme.md,outro,geral
cisco,c834123,2025-11-19,2025-W46,2025-11,Wednesday,Alterado o Readme.md,outro,geral
cisco,eb7cd37,2025-11-18,2025-W46,2025-11,Tuesday,Alterado o Readme.md,outro,geral
cisco,38c4629,2025-11-18,2025-W46,2025-11,Tuesday,Alterado o Readme.md,outro,geral
cisco,eb530bf,2025-11-15,2025-W45,2025-11,Saturday,Alterado o Readme.md,outro,geral
cisco,70bfbd5,2025-11-15,2025-W45,2025-11,Saturday,Alterado o Readme.md,outro,geral
cisco,d2591e5,2025-11-14,2025-W45,2025-11,Friday,Alterado o Readme.md,outro,geral
cisco,ad7eadc,2025-11-14,2025-W45,2025-11,Friday,Alterado o Readme.md,outro,geral
cisco,baedf9c,2025-11-14,2025-W45,2025-11,Friday,Alterado o Readme.md,outro,geral
cisco,3cdf7d3,2025-11-14,2025-W45,2025-11,Friday,Alterado o Readme.md,outro,geral
cisco,9282b39,2025-11-14,2025-W45,2025-11,Friday,Alterado o Readme.md,outro,geral
cisco,b59e6a7,2025-11-14,2025-W45,2025-11,Friday,Alterado o Readme.md,outro,geral
cisco,f12bd30,2025-11-13,2025-W45,2025-11,Thursday,Alterado o Readme.md,outro,geral
cisco,f86e47c,2025-11-13,2025-W45,2025-11,Thursday,Alterado o Readme.md,outro,geral
cisco,bd97bd2,2025-11-12,2025-W45,2025-11,Wednesday,Adicionado a pasta  09 - Exemplo Pratico -SSM (Source-Specific Multicast) e IGMP v3,outro,source-specific multicast
cisco,b93faf0,2025-11-12,2025-W45,2025-11,Wednesday,Adicionado a pasta  09 - Exemplo Pratico -SSM (Source-Specific Multicast) e IGMP v3,outro,source-specific multicast
cisco,fcae1a2,2025-11-11,2025-W45,2025-11,Tuesday,Ajustado o README.md,outro,geral
cisco,8d13b1b,2025-11-11,2025-W45,2025-11,Tuesday,Ajustado o README.md,outro,geral
cisco,a5816ff,2025-11-11,2025-W45,2025-11,Tuesday,Ajustado o README.md,outro,geral
cisco,4dd8e8e,2025-11-11,2025-W45,2025-11,Tuesday,Ajustado o README.md,outro,geral
cisco,11e4818,2025-11-07,2025-W44,2025-11,Friday,Ajustado o README.md,outro,geral
cisco,e2e6007,2025-11-06,2025-W44,2025-11,Thursday,Ajustado o README.md,outro,geral
cisco,2941932,2025-11-06,2025-W44,2025-11,Thursday,Ajustado o README.md,outro,geral
cisco,122d0e3,2025-11-05,2025-W44,2025-11,Wednesday,Ajustado o README.md,outro,geral
cisco,76ebf8c,2025-11-05,2025-W44,2025-11,Wednesday,Ajustado o README.md,outro,geral
cisco,d7aa5cd,2025-11-05,2025-W44,2025-11,Wednesday,Ajustado o README.md,outro,geral
cisco,4a89086,2025-11-05,2025-W44,2025-11,Wednesday,Ajustado o README.md,outro,geral
cisco,6a229bb,2025-11-05,2025-W44,2025-11,Wednesday,Ajustado o README.md,outro,geral
cisco,48b998d,2025-11-05,2025-W44,2025-11,Wednesday,Ajustado o README.md,outro,geral
cisco,20ae057,2025-11-05,2025-W44,2025-11,Wednesday,Adicionado a pasta 08 - Exemplo Pratico - Pim Sparse Mode com Bootstrap Router IETF,outro,geral
cisco,bde1668,2025-11-04,2025-W44,2025-11,Tuesday,Ajustado o README.md,outro,geral
cisco,8cb7d8f,2025-11-04,2025-W44,2025-11,Tuesday,Ajustado o README.md,outro,geral
cisco,64d04fd,2025-11-04,2025-W44,2025-11,Tuesday,Ajustado o README.md das pastas 06 e 07 - Ajuste de tpitulos,outro,geral
cisco,75f1643,2025-11-03,2025-W44,2025-11,Monday,Ajustado o README.md das pastas 06 e 07 - Ajuste de tpitulos,outro,geral
cisco,8c4644d,2025-11-03,2025-W44,2025-11,Monday,Ajustado o README.md das pastas 06 e 07 - Ajuste de tpitulos,outro,geral
cisco,e424ded,2025-11-03,2025-W44,2025-11,Monday,Ajustado o README.md das pastas 06 e 07 - Ajuste de tpitulos,outro,geral
cisco,818d942,2025-11-03,2025-W44,2025-11,Monday,Ajustado o README.md das pastas 06 e 07 - Ajuste de tpitulos,outro,geral
cisco,f699b4a,2025-11-03,2025-W44,2025-11,Monday,Ajustado o README.md das pastas 06 e 07 - Ajuste de tpitulos,outro,geral
cisco,b732673,2025-11-03,2025-W44,2025-11,Monday,Ajustado o README.md das pastas 06 e 07 - Ajuste de tpitulos,outro,geral
cisco,4e4f4de,2025-11-03,2025-W44,2025-11,Monday,Alterado o nome da pasta 06 para 06 - Exemplo Pratico - Pim Sparse Mode com RP manual,outro,geral
cisco,54c7754,2025-11-02,2025-W43,2025-11,Sunday,Alterado o README.md,outro,geral
cisco,ba35d9c,2025-11-02,2025-W43,2025-11,Sunday,Alterado o README.md,outro,geral
cisco,f26599e,2025-11-01,2025-W43,2025-11,Saturday,Alterado o README.md,outro,geral
cisco,9855f5f,2025-11-01,2025-W43,2025-11,Saturday,Alterado o README.md,outro,geral
cisco,921aa6a,2025-11-01,2025-W43,2025-11,Saturday,Alterado o README.md,outro,geral
cisco,6675dcb,2025-11-01,2025-W43,2025-11,Saturday,Alterado o README.md,outro,geral
cisco,97c278b,2025-11-01,2025-W43,2025-11,Saturday,Alterado o README.md,outro,geral
cisco,f12e466,2025-10-30,2025-W43,2025-10,Thursday,Alterado o README.md,outro,geral
cisco,5a6b451,2025-10-29,2025-W43,2025-10,Wednesday,Alterado o README.md,outro,geral
cisco,d73a708,2025-10-29,2025-W43,2025-10,Wednesday,Alterado o README.md,outro,geral
cisco,6bed9e1,2025-10-29,2025-W43,2025-10,Wednesday,Alterado o README.md,outro,geral
cisco,dcee803,2025-10-28,2025-W43,2025-10,Tuesday,Alterado o README.md,outro,geral
cisco,4bd4799,2025-10-27,2025-W43,2025-10,Monday,Adicionado a pasta 06 - Exemplo Pratico - Pim Sparse Mode,outro,geral
cisco,774dfe6,2025-10-18,2025-W41,2025-10,Saturday,Alteradoo Readme.md,outro,geral
cisco,b3f234e,2025-10-18,2025-W41,2025-10,Saturday,Alteradoo Readme.md,outro,geral
cisco,ed03e03,2025-10-18,2025-W41,2025-10,Saturday,Alteradoo Readme.md,outro,geral
cisco,2910a59,2025-10-18,2025-W41,2025-10,Saturday,Alteradoo Readme.md,outro,geral
cisco,436156b,2025-10-17,2025-W41,2025-10,Friday,Alteradoo Readme.md,outro,geral
cisco,02b71ad,2025-10-17,2025-W41,2025-10,Friday,Alteradoo Readme.md,outro,geral
cisco,4c6fc78,2025-10-17,2025-W41,2025-10,Friday,Alteradoo Readme.md,outro,geral
cisco,8a3bbd6,2025-10-17,2025-W41,2025-10,Friday,Alteradoo Readme.md,outro,geral
cisco,faa5d52,2025-10-17,2025-W41,2025-10,Friday,Alteradoo Readme.md,outro,geral
cisco,d8c3b14,2025-10-17,2025-W41,2025-10,Friday,Alteradoo Readme.md,outro,geral
cisco,d05822a,2025-10-17,2025-W41,2025-10,Friday,Alteradoo Readme.md,outro,geral
cisco,1fb78e0,2025-10-17,2025-W41,2025-10,Friday,Alteradoo Readme.md,outro,geral
cisco,428d74a,2025-10-17,2025-W41,2025-10,Friday,Alteradoo Readme.md,outro,geral
cisco,1810738,2025-10-17,2025-W41,2025-10,Friday,Alteradoo Readme.md,outro,geral
cisco,ff0d2c5,2025-10-17,2025-W41,2025-10,Friday,Alteradoo Readme.md,outro,geral
cisco,41f5575,2025-10-17,2025-W41,2025-10,Friday,Alteradoo Readme.md,outro,geral
cisco,e4331d9,2025-10-16,2025-W41,2025-10,Thursday,Alteradoo Readme.md,outro,geral
cisco,ce9870f,2025-10-16,2025-W41,2025-10,Thursday,Alteradoo Readme.md,outro,geral
cisco,5a7cf39,2025-10-14,2025-W41,2025-10,Tuesday,Alteradoo Readme.md,outro,geral
cisco,435f95c,2025-10-14,2025-W41,2025-10,Tuesday,Alteradoo Readme.md,outro,geral
cisco,293c750,2025-10-14,2025-W41,2025-10,Tuesday,Alteradoo Readme.md,outro,geral
cisco,414c1ec,2025-10-14,2025-W41,2025-10,Tuesday,Alteradoo Readme.md,outro,geral
cisco,ce42918,2025-10-14,2025-W41,2025-10,Tuesday,Alteradoo Readme.md,outro,geral
cisco,3142ccf,2025-10-14,2025-W41,2025-10,Tuesday,Alteradoo Readme.md,outro,geral
cisco,1087780,2025-10-14,2025-W41,2025-10,Tuesday,Alteradoo Readme.md,outro,geral
cisco,bda9609,2025-10-14,2025-W41,2025-10,Tuesday,Alteradoo Readme.md,outro,geral
cisco,36840d2,2025-10-14,2025-W41,2025-10,Tuesday,Alteradoo Readme.md,outro,geral
cisco,bb53735,2025-10-14,2025-W41,2025-10,Tuesday,Alteradoo Readme.md,outro,geral
cisco,46d2bc5,2025-10-14,2025-W41,2025-10,Tuesday,Alteradoo Readme.md,outro,geral
cisco,a9c8332,2025-10-14,2025-W41,2025-10,Tuesday,Alteradoo Readme.md,outro,geral
cisco,34428e6,2025-10-13,2025-W41,2025-10,Monday,Alteradoo Readme.md,outro,geral
cisco,595512d,2025-10-13,2025-W41,2025-10,Monday,Alteradoo Readme.md,outro,geral
cisco,a706756,2025-10-13,2025-W41,2025-10,Monday,Alteradoo Readme.md,outro,geral
cisco,9eda598,2025-10-13,2025-W41,2025-10,Monday,Alteradoo Readme.md,outro,geral
cisco,3a965e6,2025-10-13,2025-W41,2025-10,Monday,Alteradoo Readme.md,outro,geral
cisco,be9fb21,2025-10-13,2025-W41,2025-10,Monday,Alteradoo Readme.md,outro,geral
cisco,b5d8f32,2025-10-13,2025-W41,2025-10,Monday,Alteradoo Readme.md,outro,geral
cisco,14ade81,2025-10-13,2025-W41,2025-10,Monday,Alteradoo Readme.md,outro,geral
cisco,e915b0e,2025-10-13,2025-W41,2025-10,Monday,Alteradoo Readme.md,outro,geral
cisco,1a655f9,2025-10-13,2025-W41,2025-10,Monday,Alteradoo Readme.md,outro,geral
cisco,19add97,2025-10-13,2025-W41,2025-10,Monday,Alteradoo Readme.md,outro,geral
cisco,c3a3f35,2025-10-13,2025-W41,2025-10,Monday,Alteradoo Readme.md,outro,geral
cisco,a6d4eae,2025-10-13,2025-W41,2025-10,Monday,Alteradoo Readme.md,outro,geral
cisco,53a362e,2025-10-13,2025-W41,2025-10,Monday,Alteradoo Readme.md,outro,geral
cisco,02c52ff,2025-10-13,2025-W41,2025-10,Monday,Alteradoo Readme.md,outro,geral
cisco,2c81847,2025-10-13,2025-W41,2025-10,Monday,Alteradoo Readme.md,outro,geral
cisco,d4a227c,2025-10-13,2025-W41,2025-10,Monday,Alteradoo Readme.md,outro,geral
cisco,6c748db,2025-10-13,2025-W41,2025-10,Monday,Alteradoo Readme.md,outro,geral
cisco,4c91d45,2025-10-13,2025-W41,2025-10,Monday,Alteradoo Readme.md,outro,geral
cisco,10a91a9,2025-10-13,2025-W41,2025-10,Monday,Alteradoo Readme.md,outro,geral
cisco,bf06142,2025-10-12,2025-W40,2025-10,Sunday,Alteradoo Readme.md,outro,geral
cisco,794e378,2025-10-12,2025-W40,2025-10,Sunday,Alteradoo Readme.md,outro,geral
cisco,ffcf350,2025-10-12,2025-W40,2025-10,Sunday,Alteradoo Readme.md,outro,geral
cisco,6c1f8da,2025-10-12,2025-W40,2025-10,Sunday,Adicionado a pasta 05 - Exemplo Pratico - Pim Dense Mode,outro,geral
cisco,2d9bc0c,2025-09-03,2025-W35,2025-09,Wednesday,Corrigido erros técnicos de endereções na seção do Item 6,outro,geral
cisco,422dba6,2025-09-03,2025-W35,2025-09,Wednesday,Alterado o Readme.md,outro,geral
cisco,60ff0f3,2025-09-03,2025-W35,2025-09,Wednesday,Alterado o Readme.md,outro,geral
cisco,531aea7,2025-09-03,2025-W35,2025-09,Wednesday,Alterado o conteudo. Atualizao do bluprint comparacao de topicos atuaos x novos,outro,geral
cisco,ab01693,2025-09-03,2025-W35,2025-09,Wednesday,Alterado o conteudo. Atualizao do bluprint comparacao de topicos atuaos x novos,outro,geral
cisco,70610b1,2025-09-02,2025-W35,2025-09,Tuesday,Alterado o README.MD - Adicionado comandos práticos,outro,geral
cisco,b5e3bf6,2025-09-02,2025-W35,2025-09,Tuesday,Alterado o README.MD - Adicionado comandos práticos,outro,geral
cisco,a7c7fed,2025-09-02,2025-W35,2025-09,Tuesday,Separado o multicast em 3 pastas,outro,geral
cisco,13c3233,2025-09-02,2025-W35,2025-09,Tuesday,Separado o multicast em 3 pastas,outro,geral
cisco,b6606cf,2025-09-02,2025-W35,2025-09,Tuesday,Alterado o Readme.md,outro,geral
cisco,1b04014,2025-09-01,2025-W35,2025-09,Monday,Alterado o Readme - copia 1.md,outro,geral
cisco,9923009,2025-08-31,2025-W34,2025-08,Sunday,Adicionado comandos e verificações básicas,outro,geral
cisco,c7040a8,2025-08-31,2025-W34,2025-08,Sunday,Adicionado comandos e verificações básicas,outro,geral
cisco,743aa3f,2025-08-31,2025-W34,2025-08,Sunday,Adicionado comandos e verificações básicas,outro,geral
cisco,f1259e4,2025-08-31,2025-W34,2025-08,Sunday,Adicionado comandos e verificações básicas,outro,geral
cisco,5610fd3,2025-08-30,2025-W34,2025-08,Saturday,Dividido o Readme.md em 03 partes,outro,geral
cisco,5735cc9,2025-08-30,2025-W34,2025-08,Saturday,Dividido o Readme.md em 03 partes,outro,geral
cisco,2fb12bf,2025-08-29,2025-W34,2025-08,Friday,Alterado o Readme.md,outro,geral
cisco,1724539,2025-08-29,2025-W34,2025-08,Friday,Alterado o Readme.md,outro,geral
cisco,3268046,2025-08-28,2025-W34,2025-08,Thursday,Alterado o Readme.md,outro,geral
cisco,6aeae60,2025-08-28,2025-W34,2025-08,Thursday,Alterado o Readme.md,outro,geral
cisco,ac12a19,2025-08-27,2025-W34,2025-08,Wednesday,Alterado o Readme.md,outro,geral
cisco,4ed389c,2025-08-27,2025-W34,2025-08,Wednesday,Alterado o Readme.md,outro,geral
cisco,13c98a7,2025-08-27,2025-W34,2025-08,Wednesday,Alterado o Readme.md,outro,geral
cisco,27dfdb5,2025-08-27,2025-W34,2025-08,Wednesday,Alterado o Readme.md,outro,geral
cisco,df3370c,2025-08-27,2025-W34,2025-08,Wednesday,Adicionado a pasta 04 - Pim - Rendezvouz Points.,outro,geral
cisco,23e328f,2025-08-27,2025-W34,2025-08,Wednesday,Adicionado a pasta 04 - Pim - Rendezvouz Points.,outro,geral
cisco,4ede833,2025-08-27,2025-W34,2025-08,Wednesday,Alterado o Readme.md,outro,geral
cisco,3d9b287,2025-08-27,2025-W34,2025-08,Wednesday,Alterado o Readme.md,outro,geral
cisco,997838a,2025-08-27,2025-W34,2025-08,Wednesday,Alterado o Readme.md,outro,geral
cisco,cc83371,2025-08-26,2025-W34,2025-08,Tuesday,Alterado o Readme.md,outro,geral
cisco,986b296,2025-08-26,2025-W34,2025-08,Tuesday,Alterado o Readme.md,outro,geral
cisco,42c7d53,2025-08-26,2025-W34,2025-08,Tuesday,Alterado o Readme.md,outro,geral
cisco,e5680fc,2025-08-26,2025-W34,2025-08,Tuesday,Alterado o Readme.md,outro,geral
cisco,15c1e3d,2025-08-26,2025-W34,2025-08,Tuesday,Alterado o Readme.md,outro,geral
cisco,293d98d,2025-08-26,2025-W34,2025-08,Tuesday,Alterado o Readme.md,outro,geral
cisco,2d48a77,2025-08-26,2025-W34,2025-08,Tuesday,Alterado o Readme.md,outro,geral
cisco,0403959,2025-08-26,2025-W34,2025-08,Tuesday,Alterado o Readme.md,outro,geral
cisco,8522f4d,2025-08-26,2025-W34,2025-08,Tuesday,Alterado o Readme.md,outro,geral
cisco,d082e4e,2025-08-25,2025-W34,2025-08,Monday,Alterado o Readme.md,outro,geral
cisco,55d8773,2025-08-25,2025-W34,2025-08,Monday,Alterado o Readme.md,outro,geral
cisco,c3bded8,2025-08-25,2025-W34,2025-08,Monday,Alterado o Readme.md,outro,geral
cisco,9e3bd89,2025-08-25,2025-W34,2025-08,Monday,Alterado o Readme.md,outro,geral
cisco,684effe,2025-08-25,2025-W34,2025-08,Monday,Alterado o Readme.md,outro,geral
cisco,5bdfe48,2025-08-25,2025-W34,2025-08,Monday,Alterado o Readme.md,outro,geral
cisco,a94e60d,2025-08-25,2025-W34,2025-08,Monday,Alterado o Readme.md,outro,geral
cisco,5e26217,2025-08-25,2025-W34,2025-08,Monday,Alterado o Readme.md,outro,geral
cisco,dc7c500,2025-08-25,2025-W34,2025-08,Monday,Alterado o Readme.md,outro,geral
cisco,471b155,2025-08-24,2025-W33,2025-08,Sunday,Alterado o Readme.md,outro,geral
cisco,e37372a,2025-08-24,2025-W33,2025-08,Sunday,Alterado o Readme.md,outro,geral
cisco,8c9c038,2025-08-24,2025-W33,2025-08,Sunday,Alterado o Readme.md,outro,geral
cisco,a45e438,2025-08-24,2025-W33,2025-08,Sunday,Adicionado a pasta 03 PIM,outro,geral
cisco,800ca11,2025-08-24,2025-W33,2025-08,Sunday,Adicionado a pasta 03 PIM,outro,geral
cisco,4cb6eb3,2025-08-24,2025-W33,2025-08,Sunday,Adicionado a pasta 03 PIM,outro,geral
cisco,d00ba19,2025-08-24,2025-W33,2025-08,Sunday,Adicionado a pasta 03 PIM,outro,geral
cisco,1e76674,2025-08-24,2025-W33,2025-08,Sunday,Adicionado a pasta 03 PIM,outro,geral
cisco,f40478f,2025-08-22,2025-W33,2025-08,Friday,Alterado o Readme.md,outro,geral
cisco,d93bc90,2025-08-22,2025-W33,2025-08,Friday,Alterado o Readme.md,outro,geral
cisco,1096aa5,2025-08-22,2025-W33,2025-08,Friday,Alterado o Readme.md,outro,geral
cisco,c1bd4ed,2025-08-22,2025-W33,2025-08,Friday,Alterado o Readme.md,outro,geral
cisco,8ab2b3a,2025-08-22,2025-W33,2025-08,Friday,Alterado o Readme.md,outro,geral
cisco,eb42401,2025-08-22,2025-W33,2025-08,Friday,Alterado o Readme.md,outro,geral
cisco,a1e6acb,2025-08-22,2025-W33,2025-08,Friday,Alterado o Readme.md,outro,geral
cisco,cb4d81d,2025-08-22,2025-W33,2025-08,Friday,Alterado o Readme.md,outro,geral
cisco,e01bce5,2025-08-22,2025-W33,2025-08,Friday,Alterado o Readme.md,outro,geral
cisco,c6d9de1,2025-08-22,2025-W33,2025-08,Friday,Alterado o Readme.md,outro,geral
cisco,d40b1f9,2025-08-22,2025-W33,2025-08,Friday,Alterado o Readme.md,outro,geral
cisco,8740bfd,2025-08-22,2025-W33,2025-08,Friday,Alterado o Readme.md,outro,geral
cisco,e6d5495,2025-08-22,2025-W33,2025-08,Friday,Alterado o Readme.md,outro,geral
cisco,bca8c4c,2025-08-22,2025-W33,2025-08,Friday,Alterado o Readme.md,outro,geral
cisco,32b5948,2025-08-22,2025-W33,2025-08,Friday,Alterado o Readme.md,outro,geral
cisco,13150be,2025-08-22,2025-W33,2025-08,Friday,"Adicionado Simulados 01, 02, 03 e dashboard",outro,geral
cisco,a2c1caf,2025-08-22,2025-W33,2025-08,Friday,"Adicionado Simulados 01, 02, 03 e dashboard",outro,geral
cisco,227f9de,2025-08-22,2025-W33,2025-08,Friday,"Adicionado Simulados 01, 02, 03 e dashboard",outro,geral
cisco,f1a3a52,2025-08-22,2025-W33,2025-08,Friday,"Adicionado Simulados 01, 02, 03 e dashboard",outro,geral
cisco,5216b24,2025-08-22,2025-W33,2025-08,Friday,"Adicionado Simulados 01, 02, 03 e dashboard",outro,geral
cisco,b106cf3,2025-08-22,2025-W33,2025-08,Friday,"Adicionado Simulados 01, 02, 03 e dashboard",outro,geral
cisco,b4d2841,2025-08-22,2025-W33,2025-08,Friday,"Adicionado Simulados 01, 02, 03 e dashboard",outro,geral
cisco,2378675,2025-08-21,2025-W33,2025-08,Thursday,Teste animacao de IGMPv2,test,geral
cisco,b804cb4,2025-08-21,2025-W33,2025-08,Thursday,Teste animacao de IGMPv2,test,geral
cisco,5ce7f98,2025-08-21,2025-W33,2025-08,Thursday,Teste animacao de IGMPv2,test,geral
cisco,0cdb6b1,2025-08-21,2025-W33,2025-08,Thursday,Teste animacao de IGMPv2,test,geral
cisco,a1b612d,2025-08-21,2025-W33,2025-08,Thursday,Teste animacao de IGMPv2,test,geral
cisco,abb0445,2025-08-21,2025-W33,2025-08,Thursday,Teste animacao de IGMPv2,test,geral
cisco,ef271da,2025-08-21,2025-W33,2025-08,Thursday,Alterado o Readme.md,outro,geral
cisco,e73e769,2025-08-21,2025-W33,2025-08,Thursday,Alterado o Readme.md,outro,geral
cisco,018b213,2025-08-21,2025-W33,2025-08,Thursday,Alterado o Readme.md,outro,geral
cisco,ca111a4,2025-08-21,2025-W33,2025-08,Thursday,Alterado o Readme.md,outro,geral
cisco,907abb0,2025-08-21,2025-W33,2025-08,Thursday,Alterado o Readme.md,outro,geral
cisco,84deee4,2025-08-21,2025-W33,2025-08,Thursday,Alterado o Readme.md,outro,geral
cisco,3950e16,2025-08-20,2025-W33,2025-08,Wednesday,Alterado o Readme.md,outro,geral
cisco,82cb94d,2025-08-20,2025-W33,2025-08,Wednesday,Alterado o Readme.md,outro,geral
cisco,c790cb8,2025-08-20,2025-W33,2025-08,Wednesday,Alterado o Readme.md,outro,geral
cisco,e542d8c,2025-08-19,2025-W33,2025-08,Tuesday,Alterado o Readme.md,outro,geral
cisco,c38f906,2025-08-19,2025-W33,2025-08,Tuesday,Alterado o Readme.md,outro,geral
cisco,9d68722,2025-08-19,2025-W33,2025-08,Tuesday,Alterado o Readme.md,outro,geral
cisco,6d7d78b,2025-08-19,2025-W33,2025-08,Tuesday,Alterado o Readme.md,outro,geral
cisco,5b2f660,2025-08-19,2025-W33,2025-08,Tuesday,Alterado o Readme.md,outro,geral
cisco,0ffeaf5,2025-08-19,2025-W33,2025-08,Tuesday,Alterado o Readme.md,outro,geral
cisco,319a92e,2025-08-19,2025-W33,2025-08,Tuesday,Alterado o Readme.md,outro,geral
cisco,743b31f,2025-08-19,2025-W33,2025-08,Tuesday,Alterado o Readme.md,outro,geral
cisco,ba58113,2025-08-19,2025-W33,2025-08,Tuesday,Alterado o Readme.md,outro,geral
cisco,a5f4119,2025-08-19,2025-W33,2025-08,Tuesday,Alterado o Readme.md,outro,geral
cisco,856f47f,2025-08-19,2025-W33,2025-08,Tuesday,Alterado o Readme.md,outro,geral
cisco,40e2647,2025-08-19,2025-W33,2025-08,Tuesday,Alterado o Readme.md,outro,geral
cisco,54ab874,2025-08-18,2025-W33,2025-08,Monday,Alterado o Readme.md,outro,geral
cisco,494db6c,2025-08-18,2025-W33,2025-08,Monday,Alterado o Readme.md,outro,geral
cisco,604a35c,2025-08-18,2025-W33,2025-08,Monday,Alterado o Readme.md,outro,geral
cisco,68cca2c,2025-08-18,2025-W33,2025-08,Monday,Alterado o Readme.md,outro,geral
cisco,7e44763,2025-08-18,2025-W33,2025-08,Monday,Alterado o Readme.md,outro,geral
cisco,c6c9c17,2025-08-18,2025-W33,2025-08,Monday,Alterado o Readme.md,outro,geral
cisco,0aae479,2025-08-18,2025-W33,2025-08,Monday,Alterado o Readme.md,outro,geral
cisco,250a460,2025-08-18,2025-W33,2025-08,Monday,Alterado o Readme.md,outro,geral
cisco,275de74,2025-08-18,2025-W33,2025-08,Monday,Alterado o Readme.md,outro,geral
cisco,963cc91,2025-08-18,2025-W33,2025-08,Monday,Alterado o Readme.md,outro,geral
cisco,2d36d1f,2025-08-18,2025-W33,2025-08,Monday,Alterado o Readme.md,outro,geral
cisco,104cdcb,2025-08-18,2025-W33,2025-08,Monday,Alterado o Readme.md,outro,geral
cisco,fa09d77,2025-08-18,2025-W33,2025-08,Monday,Alterado o Readme.md,outro,geral
cisco,1334c50,2025-08-18,2025-W33,2025-08,Monday,Alterado o Readme.md,outro,geral
cisco,89f2601,2025-08-18,2025-W33,2025-08,Monday,Alterado o Readme.md,outro,geral
cisco,76b807b,2025-08-18,2025-W33,2025-08,Monday,Alterado o Readme.md,outro,geral
cisco,ad05188,2025-08-18,2025-W33,2025-08,Monday,Alterado o Readme.md,outro,geral
cisco,15d4945,2025-08-18,2025-W33,2025-08,Monday,Alterado o Readme.md,outro,geral
cisco,07fa8b9,2025-08-18,2025-W33,2025-08,Monday,Alterado o Readme.md,outro,geral
cisco,7d1edfe,2025-08-16,2025-W32,2025-08,Saturday,Alterado o Readme.md,outro,geral
cisco,c4442e4,2025-08-16,2025-W32,2025-08,Saturday,Alterado o Readme.md,outro,geral
cisco,1c20ca0,2025-08-16,2025-W32,2025-08,Saturday,Alterado o Readme.md,outro,geral
cisco,b9bfc3d,2025-08-16,2025-W32,2025-08,Saturday,Alterado o Readme.md,outro,geral
cisco,2dad39d,2025-08-16,2025-W32,2025-08,Saturday,Alterado o Readme.md,outro,geral
cisco,4657e5f,2025-08-16,2025-W32,2025-08,Saturday,Alterado o Readme.md,outro,geral
cisco,d2624e5,2025-08-16,2025-W32,2025-08,Saturday,Adicionando simulado multicast,outro,geral
cisco,58ab265,2025-08-16,2025-W32,2025-08,Saturday,Adicionando simulado multicast,outro,geral
cisco,46cf5b4,2025-08-16,2025-W32,2025-08,Saturday,Adicionando simulado multicast,outro,geral
cisco,45b272d,2025-08-16,2025-W32,2025-08,Saturday,Teste de githubpages,test,geral
cisco,28957e8,2025-08-16,2025-W32,2025-08,Saturday,Teste de githubpages,test,geral
cisco,f5b2da7,2025-08-16,2025-W32,2025-08,Saturday,Teste de githubpages,test,geral
cisco,dc58745,2025-08-15,2025-W32,2025-08,Friday,Alterado o Readme.md,outro,geral
cisco,f7722d7,2025-08-15,2025-W32,2025-08,Friday,Alterado o Readme.md,outro,geral
cisco,7fa0083,2025-08-15,2025-W32,2025-08,Friday,Alterado o Readme.md,outro,geral
cisco,c2c70ee,2025-08-15,2025-W32,2025-08,Friday,Alterado o Readme.md,outro,geral
cisco,e26517f,2025-08-14,2025-W32,2025-08,Thursday,Alterado o Readme.md,outro,geral
cisco,bfb9d07,2025-08-14,2025-W32,2025-08,Thursday,Alterado o Readme.md,outro,geral
cisco,1dc99c0,2025-08-14,2025-W32,2025-08,Thursday,Alterado o Readme.md,outro,geral
cisco,31f099e,2025-08-14,2025-W32,2025-08,Thursday,Alterado o Readme.md,outro,geral
cisco,d902300,2025-08-14,2025-W32,2025-08,Thursday,Alterado o Readme.md,outro,geral
cisco,74876b5,2025-08-14,2025-W32,2025-08,Thursday,Alterado o Readme.md,outro,geral
cisco,aa4f840,2025-08-13,2025-W32,2025-08,Wednesday,Alterado o Readme.md,outro,geral
cisco,66c9942,2025-08-13,2025-W32,2025-08,Wednesday,Alterado o Readme.md,outro,geral
cisco,544c1ba,2025-08-13,2025-W32,2025-08,Wednesday,Alterado o Readme.md,outro,geral
cisco,254c915,2025-08-13,2025-W32,2025-08,Wednesday,Alterado o Readme.md,outro,geral
cisco,ecd26ae,2025-08-13,2025-W32,2025-08,Wednesday,Alterado o Readme.md,outro,geral
cisco,b09a2cc,2025-08-12,2025-W32,2025-08,Tuesday,Alterado o Readme.md,outro,geral
cisco,d79e301,2025-08-12,2025-W32,2025-08,Tuesday,Alterado o Readme.md,outro,geral
cisco,b44f963,2025-08-12,2025-W32,2025-08,Tuesday,Alterado o Readme.md,outro,geral
cisco,798d58e,2025-08-12,2025-W32,2025-08,Tuesday,Alterado o Readme.md,outro,geral
cisco,948e7dd,2025-08-12,2025-W32,2025-08,Tuesday,Alterado o Readme.md,outro,geral
cisco,0c3ea02,2025-08-12,2025-W32,2025-08,Tuesday,Alterado o Readme.md,outro,geral
cisco,ea89133,2025-08-12,2025-W32,2025-08,Tuesday,Alterado o Readme.md,outro,geral
cisco,a1d97c9,2025-08-12,2025-W32,2025-08,Tuesday,Ajuste imagem topologia,outro,geral
cisco,727577f,2025-08-12,2025-W32,2025-08,Tuesday,Teste de SVG em Multicast,test,geral
cisco,7feac7d,2025-08-12,2025-W32,2025-08,Tuesday,Teste de SVG em Multicast,test,geral
cisco,0b65318,2025-08-12,2025-W32,2025-08,Tuesday,Teste de SVG em Multicast,test,geral
cisco,bd1161b,2025-08-12,2025-W32,2025-08,Tuesday,Teste de SVG em Multicast,test,geral
cisco,e616570,2025-08-12,2025-W32,2025-08,Tuesday,Teste de SVG em Multicast,test,geral
cisco,35f9ec8,2025-08-12,2025-W32,2025-08,Tuesday,Teste de SVG em Multicast,test,geral
cisco,ad64003,2025-08-12,2025-W32,2025-08,Tuesday,Teste de SVG em Multicast,test,geral
cisco,6d9e9bd,2025-08-12,2025-W32,2025-08,Tuesday,Teste de SVG em Multicast,test,geral
cisco,8a52dac,2025-08-12,2025-W32,2025-08,Tuesday,Teste de SVG em Multicast,test,geral
cisco,4f12176,2025-08-12,2025-W32,2025-08,Tuesday,Teste de SVG em Multicast,test,geral
cisco,0844b68,2025-08-12,2025-W32,2025-08,Tuesday,Teste de SVG em Multicast,test,geral
cisco,caab70f,2025-08-11,2025-W32,2025-08,Monday,Teste de HTML em Multicast,test,geral
cisco,638b452,2025-08-11,2025-W32,2025-08,Monday,Teste de HTML em Multicast,test,geral
cisco,fe06c0e,2025-08-11,2025-W32,2025-08,Monday,Teste de HTML em Multicast,test,geral
cisco,4a4115b,2025-08-11,2025-W32,2025-08,Monday,Teste de HTML em Multicast,test,geral
cisco,aa0959a,2025-08-11,2025-W32,2025-08,Monday,Teste de HTML em Multicast,test,geral
cisco,9ee51f9,2025-08-11,2025-W32,2025-08,Monday,Teste de HTML em Multicast,test,geral
cisco,55b6dd6,2025-08-11,2025-W32,2025-08,Monday,Teste de HTML em Multicast,test,geral
cisco,4bd56ad,2025-08-11,2025-W32,2025-08,Monday,Teste de HTML em Multicast,test,geral
cisco,8715193,2025-08-10,2025-W31,2025-08,Sunday,Teste de imagem svg em Multicast,test,geral
cisco,09a8eac,2025-08-10,2025-W31,2025-08,Sunday,Teste de imagem svg em Multicast,test,geral
cisco,4a7309b,2025-08-10,2025-W31,2025-08,Sunday,Teste de imagem svg em Multicast,test,geral
cisco,86384d0,2025-08-10,2025-W31,2025-08,Sunday,Teste de imagem svg em Multicast,test,geral
cisco,99f2938,2025-08-10,2025-W31,2025-08,Sunday,Teste de imagem svg em Multicast,test,geral
cisco,4f2b2cc,2025-08-10,2025-W31,2025-08,Sunday,Teste de imagem svg em Multicast,test,geral
cisco,085e21e,2025-08-10,2025-W31,2025-08,Sunday,Teste de imagem svg em Multicast,test,geral
cisco,426234b,2025-08-10,2025-W31,2025-08,Sunday,Removido o Código da imagem svg,outro,geral
cisco,1379527,2025-08-10,2025-W31,2025-08,Sunday,Teste de imagem svg em Multicast,test,geral
cisco,11a50bd,2025-07-30,2025-W30,2025-07,Wednesday,Alterado o arquivo README.md,outro,geral
cisco,671d804,2025-07-30,2025-W30,2025-07,Wednesday,Alterado o arquivo README.md,outro,geral
cisco,f1f440b,2025-07-30,2025-W30,2025-07,Wednesday,Alterado o arquivo README.md,outro,geral
cisco,8cb4a61,2025-07-30,2025-W30,2025-07,Wednesday,Alterado o arquivo README.md,outro,geral
cisco,d9abac3,2025-07-30,2025-W30,2025-07,Wednesday,Alterado o arquivo README.md,outro,geral
cisco,2b9fe04,2025-07-28,2025-W30,2025-07,Monday,Alterado o arquivo README.md,outro,geral
cisco,191ea96,2025-07-28,2025-W30,2025-07,Monday,Alterado o arquivo README.md,outro,geral
cisco,2577900,2025-07-28,2025-W30,2025-07,Monday,Alterado o arquivo README.md,outro,geral
cisco,88c74dd,2025-07-28,2025-W30,2025-07,Monday,Alterado o arquivo README.md,outro,geral
cisco,d631d3b,2025-07-28,2025-W30,2025-07,Monday,Alterado o arquivo README.md,outro,geral
cisco,2e4a455,2025-07-28,2025-W30,2025-07,Monday,Alterado o arquivo README.md,outro,geral
cisco,f11137b,2025-07-28,2025-W30,2025-07,Monday,Alterado o arquivo README.md,outro,geral
cisco,2967d14,2025-07-26,2025-W29,2025-07,Saturday,alterado o arquivo README.md,outro,geral
cisco,43b7390,2025-07-25,2025-W29,2025-07,Friday,Alterado o arquivo README.md,outro,geral
cisco,f080c14,2025-07-25,2025-W29,2025-07,Friday,Alterado o arquivo README.md,outro,geral
cisco,1bc9b09,2025-07-25,2025-W29,2025-07,Friday,Alterado o arquivo README.md,outro,geral
cisco,c74d466,2025-07-25,2025-W29,2025-07,Friday,Alterado o arquivo README.md,outro,geral
cisco,c010471,2025-07-25,2025-W29,2025-07,Friday,Alterado o arquivo README.md,outro,geral
cisco,41c8387,2025-07-25,2025-W29,2025-07,Friday,Alterado o arquivo README.md,outro,geral
cisco,7882d76,2025-07-25,2025-W29,2025-07,Friday,Alterado o arquivo README.md,outro,geral
cisco,4ddee97,2025-07-25,2025-W29,2025-07,Friday,Alterado o arquivo README.md,outro,geral
cisco,98e6899,2025-07-25,2025-W29,2025-07,Friday,Alterado o arquivo README.md,outro,geral
cisco,2bd310a,2025-07-25,2025-W29,2025-07,Friday,Alterado o arquivo README.md,outro,geral
cisco,fc4e00d,2025-07-25,2025-W29,2025-07,Friday,Adicionado a pasta 21- Python - 15 - Orquestração - pyATS,outro,geral
cisco,5bf9581,2025-07-25,2025-W29,2025-07,Friday,Adicionado a pasta 20- Python - 14 - Parsing  Automatico - II,outro,geral
cisco,4187099,2025-07-25,2025-W29,2025-07,Friday,Adicionado a pasta 20- Python - 14 - Parsing  Automatico - II,outro,geral
cisco,53d35f1,2025-07-25,2025-W29,2025-07,Friday,Adicionado a pasta 20- Python - 14 - Parsing  Automatico - II,outro,geral
cisco,d52f919,2025-07-25,2025-W29,2025-07,Friday,Adicionado a pasta 20- Python - 14 - Parsing  Automatico - II,outro,geral
cisco,8711df4,2025-07-25,2025-W29,2025-07,Friday,Adicionado a pasta 20- Python - 14 - Parsing  Automatico - II,outro,geral
cisco,6848520,2025-07-25,2025-W29,2025-07,Friday,Adicionado a pasta 20- Python - 14 - Parsing  Automatico - II,outro,geral
cisco,6801e6a,2025-07-25,2025-W29,2025-07,Friday,Adicionado a pasta 20- Python - 14 - Parsing  Automatico - II,outro,geral
cisco,4852832,2025-07-25,2025-W29,2025-07,Friday,Adicionado a pasta 20- Python - 14 - Parsing  Automatico - II,outro,geral
cisco,5800d08,2025-07-25,2025-W29,2025-07,Friday,Adicionado a pasta 20- Python - 14 - Parsing  Automatico - II,outro,geral
cisco,77eed68,2025-07-25,2025-W29,2025-07,Friday,Adicionado a pasta 20- Python - 14 - Parsing  Automatico - II,outro,geral
cisco,d574c28,2025-07-25,2025-W29,2025-07,Friday,Adicionado a pasta 20- Python - 14 - Parsing  Automatico - II,outro,geral
cisco,0e69dfc,2025-07-25,2025-W29,2025-07,Friday,Adicionado a pasta 20- Python - 14 - Parsing  Automatico - II,outro,geral
cisco,8de6e3f,2025-07-25,2025-W29,2025-07,Friday,Adicionado a pasta 20- Python - 14 - Parsing  Automatico - II,outro,geral
cisco,5d3dc8a,2025-07-25,2025-W29,2025-07,Friday,Adicionado a pasta 20- Python - 14 - Parsing  Automatico - II,outro,geral
cisco,9798727,2025-07-25,2025-W29,2025-07,Friday,Adicionado a pasta 20- Python - 14 - Parsing  Automatico - II,outro,geral
cisco,53c3a18,2025-07-25,2025-W29,2025-07,Friday,Adicionado a pasta 20- Python - 14 - Parsing  Automatico - II,outro,geral
cisco,76c1a51,2025-07-24,2025-W29,2025-07,Thursday,Adicionado a pasta 20- Python - 14 - Parsing  Automatico - II,outro,geral
cisco,d72c029,2025-07-24,2025-W29,2025-07,Thursday,Adicionado a pasta 20- Python - 14 - Parsing  Automatico - II,outro,geral
cisco,eae358a,2025-07-24,2025-W29,2025-07,Thursday,Adicionado a pasta 20- Python - 14 - Parsing  Automatico - II,outro,geral
cisco,37bc703,2025-07-24,2025-W29,2025-07,Thursday,Adicionado a pasta 20- Python - 14 - Parsing  Automatico - II,outro,geral
cisco,5b37ddb,2025-07-24,2025-W29,2025-07,Thursday,Adicionado a pasta 20- Python - 14 - Parsing  Automatico - II,outro,geral
cisco,3b52ae9,2025-07-24,2025-W29,2025-07,Thursday,Adicionado a pasta 20- Python - 14 - Parsing  Automatico - II,outro,geral
cisco,66d2491,2025-07-24,2025-W29,2025-07,Thursday,Adicionado a pasta 20- Python - 14 - Parsing  Automatico - II,outro,geral
cisco,35ab964,2025-07-24,2025-W29,2025-07,Thursday,Adicionado a pasta 20- Python - 14 - Parsing  Automatico - II,outro,geral
cisco,082698c,2025-07-24,2025-W29,2025-07,Thursday,Adicionado a pasta 20- Python - 14 - Parsing  Automatico - II,outro,geral
cisco,b8ec14d,2025-07-23,2025-W29,2025-07,Wednesday,Adicionado a pasta 20- Python - 14 - Parsing  Automatico - II,outro,geral
cisco,5d55ed2,2025-07-22,2025-W29,2025-07,Tuesday,Adicionado a pasta 20- Python - 14 - Parsing  Automatico - II,outro,geral
cisco,4947ba2,2025-07-22,2025-W29,2025-07,Tuesday,Adicionado a pasta 20- Python - 14 - Parsing  Automatico - II,outro,geral
cisco,9384a9b,2025-07-22,2025-W29,2025-07,Tuesday,Adicionado a pasta 20- Python - 14 - Parsing  Automatico - II,outro,geral
cisco,0bfc79a,2025-07-22,2025-W29,2025-07,Tuesday,Adicionado a pasta 20- Python - 14 - Parsing  Automatico - II,outro,geral
cisco,f48f261,2025-07-22,2025-W29,2025-07,Tuesday,Adicionado a pasta 20- Python - 14 - Parsing  Automatico - II,outro,geral
cisco,09ffd70,2025-07-22,2025-W29,2025-07,Tuesday,Adicionado a pasta 20- Python - 14 - Parsing  Automatico - II,outro,geral
cisco,f994b96,2025-07-22,2025-W29,2025-07,Tuesday,Adicionado a pasta 20- Python - 14 - Parsing  Automatico - II,outro,geral
cisco,bc978a6,2025-07-22,2025-W29,2025-07,Tuesday,Adicionado a pasta 20- Python - 14 - Parsing  Automatico - II,outro,geral
cisco,adaa9b1,2025-07-22,2025-W29,2025-07,Tuesday,Adicionado a pasta 20- Python - 14 - Parsing  Automatico - II,outro,geral
cisco,dd72313,2025-07-22,2025-W29,2025-07,Tuesday,Adicionado a pasta 20- Python - 14 - Parsing  Automatico - II,outro,geral
cisco,a8dccab,2025-07-22,2025-W29,2025-07,Tuesday,Adicionado a pasta 20- Python - 14 - Parsing  Automatico - II,outro,geral
cisco,618f9b7,2025-07-22,2025-W29,2025-07,Tuesday,Adicionado a pasta 20- Python - 14 - Parsing  Automatico - II,outro,geral
cisco,5a0028e,2025-07-22,2025-W29,2025-07,Tuesday,Adicionado a pasta 20- Python - 14 - Parsing  Automatico - II,outro,geral
cisco,1026b81,2025-07-22,2025-W29,2025-07,Tuesday,Adicionado a pasta 20- Python - 14 - Parsing  Automatico - II,outro,geral
cisco,40b450c,2025-07-22,2025-W29,2025-07,Tuesday,Adicionado a pasta 20- Python - 14 - Parsing  Automatico - II,outro,geral
cisco,cb41a70,2025-07-22,2025-W29,2025-07,Tuesday,Adicionado a pasta 20- Python - 14 - Parsing  Automatico - II,outro,geral
cisco,1bf175d,2025-07-22,2025-W29,2025-07,Tuesday,Adicionado a pasta 20- Python - 14 - Parsing  Automatico - II,outro,geral
cisco,18cde37,2025-07-22,2025-W29,2025-07,Tuesday,Adicionado a pasta 20- Python - 14 - Parsing  Automatico - II,outro,geral
cisco,ac4b226,2025-07-22,2025-W29,2025-07,Tuesday,Adicionado a pasta 20- Python - 14 - Parsing  Automatico - II,outro,geral
cisco,25a1cf9,2025-07-21,2025-W29,2025-07,Monday,Adicionado a pasta 20- Python - 14 - Parsing  Automatico - II,outro,geral
cisco,f341883,2025-07-21,2025-W29,2025-07,Monday,Adicionado a pasta 20- Python - 14 - Parsing  Automatico - II,outro,geral
cisco,a292442,2025-07-21,2025-W29,2025-07,Monday,Adicionado a pasta 20- Python - 14 - Parsing  Automatico - II,outro,geral
cisco,5e4c528,2025-07-21,2025-W29,2025-07,Monday,Adicionado a pasta 20- Python - 14 - Parsing  Automatico - II,outro,geral
cisco,099e5ea,2025-07-21,2025-W29,2025-07,Monday,Adicionado a pasta 20- Python - 14 - Parsing  Automatico - II,outro,geral
cisco,be1c167,2025-07-21,2025-W29,2025-07,Monday,Alterado o arquivo README.md,outro,geral
cisco,110899e,2025-07-21,2025-W29,2025-07,Monday,Alterado o arquivo README.md,outro,geral
cisco,1c4a56b,2025-07-20,2025-W28,2025-07,Sunday,Alterado o arquivo README.md,outro,geral
cisco,3667f23,2025-07-17,2025-W28,2025-07,Thursday,Alterado o arquivo README.md,outro,geral
cisco,87b90f4,2025-07-17,2025-W28,2025-07,Thursday,Alterado o arquivo README.md,outro,geral
cisco,cd3598c,2025-07-17,2025-W28,2025-07,Thursday,Alterado o arquivo README.md,outro,geral
cisco,10e18da,2025-07-17,2025-W28,2025-07,Thursday,Alterado o arquivo README.md,outro,geral
cisco,4c31f5d,2025-07-17,2025-W28,2025-07,Thursday,Alterado o arquivo README.md,outro,geral
cisco,6800d91,2025-07-17,2025-W28,2025-07,Thursday,Alterado o arquivo README.md,outro,geral
cisco,a08f3e8,2025-07-17,2025-W28,2025-07,Thursday,Alterado o arquivo README.md,outro,geral
cisco,972444d,2025-07-16,2025-W28,2025-07,Wednesday,Alterado o arquivo README.md,outro,geral
cisco,a615506,2025-07-16,2025-W28,2025-07,Wednesday,Alterado o arquivo README.md,outro,geral
cisco,5d72b08,2025-07-15,2025-W28,2025-07,Tuesday,Alterado o arquivo README.md,outro,geral
cisco,b67a361,2025-07-15,2025-W28,2025-07,Tuesday,Alterado o arquivo README.md,outro,geral
cisco,8866e3c,2025-07-15,2025-W28,2025-07,Tuesday,Alterado o arquivo README.md,outro,geral
cisco,09a50ec,2025-07-14,2025-W28,2025-07,Monday,Alterado o arquivo README.md,outro,geral
cisco,94082d1,2025-07-14,2025-W28,2025-07,Monday,Alterado o arquivo README.md,outro,geral
cisco,1c304ce,2025-07-14,2025-W28,2025-07,Monday,Alterado o arquivo README.md,outro,geral
cisco,9433270,2025-07-14,2025-W28,2025-07,Monday,Alterado o arquivo README.md,outro,geral
cisco,8211268,2025-07-13,2025-W27,2025-07,Sunday,Alterado o arquivo README.md,outro,geral
cisco,748a712,2025-07-13,2025-W27,2025-07,Sunday,Alterado o arquivo README.md,outro,geral
cisco,2111872,2025-07-13,2025-W27,2025-07,Sunday,Alterado o arquivo README.md,outro,geral
cisco,a067dc1,2025-07-13,2025-W27,2025-07,Sunday,Alterado o arquivo README.md,outro,geral
cisco,99bbb9a,2025-07-13,2025-W27,2025-07,Sunday,Alterado o arquivo README.md,outro,geral
cisco,d022a35,2025-07-13,2025-W27,2025-07,Sunday,Alterado o arquivo README.md,outro,geral
cisco,dc4148b,2025-07-13,2025-W27,2025-07,Sunday,Alterado o arquivo README.md,outro,geral
cisco,0f40276,2025-07-12,2025-W27,2025-07,Saturday,Alterado o arquivo README.md,outro,geral
cisco,b5d50ea,2025-07-12,2025-W27,2025-07,Saturday,Alterado o arquivo README.md,outro,geral
cisco,830c050,2025-07-12,2025-W27,2025-07,Saturday,Alterado o arquivo README.md,outro,geral
cisco,8161fdb,2025-07-12,2025-W27,2025-07,Saturday,Alterado o arquivo README.md,outro,geral
cisco,26d46e7,2025-07-12,2025-W27,2025-07,Saturday,Alterado o arquivo README.md,outro,geral
cisco,e8d9b34,2025-07-12,2025-W27,2025-07,Saturday,Alterado o arquivo README.md,outro,geral
cisco,99dd060,2025-07-12,2025-W27,2025-07,Saturday,Alterado o arquivo README.md,outro,geral
cisco,10c46bb,2025-07-12,2025-W27,2025-07,Saturday,Alterado o arquivo README.md,outro,geral
cisco,4ed00e2,2025-07-11,2025-W27,2025-07,Friday,Alterado o arquivo README.md,outro,geral
cisco,e4f0bd7,2025-07-11,2025-W27,2025-07,Friday,Alterado o arquivo README.md,outro,geral
cisco,41dc90a,2025-07-11,2025-W27,2025-07,Friday,Alterado o arquivo README.md,outro,geral
cisco,884917b,2025-07-11,2025-W27,2025-07,Friday,Alterado o arquivo README.md,outro,geral
cisco,c19aa9f,2025-07-11,2025-W27,2025-07,Friday,Alterado o arquivo README.md,outro,geral
cisco,437c460,2025-07-11,2025-W27,2025-07,Friday,Alterado o arquivo README.md,outro,geral
cisco,bb85c3e,2025-07-11,2025-W27,2025-07,Friday,Alterado o arquivo README.md,outro,geral
cisco,75a6196,2025-07-11,2025-W27,2025-07,Friday,Alterado o arquivo README.md,outro,geral
cisco,a477f69,2025-07-11,2025-W27,2025-07,Friday,Alterado o arquivo README.md,outro,geral
cisco,ebf69cb,2025-07-11,2025-W27,2025-07,Friday,Alterado o arquivo README.md,outro,geral
cisco,d6af67d,2025-07-11,2025-W27,2025-07,Friday,Alterado o arquivo README.md,outro,geral
cisco,caa9d90,2025-07-11,2025-W27,2025-07,Friday,Alterado o arquivo README.md,outro,geral
cisco,3b4e70f,2025-07-10,2025-W27,2025-07,Thursday,Alterado o arquivo README.md,outro,geral
cisco,de72c67,2025-07-09,2025-W27,2025-07,Wednesday,Alterado o arquivo README.md,outro,geral
cisco,ce32ef6,2025-07-09,2025-W27,2025-07,Wednesday,Alterado o arquivo README.md,outro,geral
cisco,57e5e9a,2025-07-09,2025-W27,2025-07,Wednesday,Alterado o arquivo README.md,outro,geral
cisco,5741c5b,2025-07-09,2025-W27,2025-07,Wednesday,Alterado o arquivo README.md,outro,geral
cisco,5a1373a,2025-07-08,2025-W27,2025-07,Tuesday,Alterado o arquivo README.md,outro,geral
cisco,2892bbc,2025-07-08,2025-W27,2025-07,Tuesday,Alterado o arquivo README.md,outro,geral
cisco,002ab7a,2025-07-07,2025-W27,2025-07,Monday,Alterado o arquivo README.md,outro,geral
cisco,3a9e1cb,2025-07-07,2025-W27,2025-07,Monday,Alterado o arquivo README.md,outro,geral
cisco,dd29ad8,2025-07-07,2025-W27,2025-07,Monday,Alterado o arquivo README.md,outro,geral
cisco,120aa44,2025-07-07,2025-W27,2025-07,Monday,Alterado o arquivo README.md,outro,geral
cisco,e25b5b7,2025-07-07,2025-W27,2025-07,Monday,Alterado o arquivo README.md,outro,geral
cisco,7282dc1,2025-07-07,2025-W27,2025-07,Monday,Alterado o arquivo README.md,outro,geral
cisco,8c644b6,2025-07-07,2025-W27,2025-07,Monday,Alterado o arquivo README.md,outro,geral
cisco,8ea361e,2025-07-03,2025-W26,2025-07,Thursday,Alterado o arquivo README.md,outro,geral
cisco,3dce970,2025-07-01,2025-W26,2025-07,Tuesday,Alterado o arquivo README.md,outro,geral
cisco,9a139a1,2025-06-30,2025-W26,2025-06,Monday,Alterado o arquivo README.md,outro,geral
cisco,48bca5d,2025-06-30,2025-W26,2025-06,Monday,Alterado o arquivo README.md,outro,geral
cisco,1ae7467,2025-06-30,2025-W26,2025-06,Monday,Alterado o arquivo README.md,outro,geral
cisco,ee1eebc,2025-06-30,2025-W26,2025-06,Monday,Alterado o arquivo README.md,outro,geral
cisco,1c64291,2025-06-30,2025-W26,2025-06,Monday,Alterado o arquivo README.md,outro,geral
cisco,b47d27d,2025-06-30,2025-W26,2025-06,Monday,Alterado o arquivo README.md,outro,geral
cisco,c61482c,2025-06-30,2025-W26,2025-06,Monday,Alterado o arquivo README.md,outro,geral
cisco,7c4ad0a,2025-06-29,2025-W25,2025-06,Sunday,Alterado o arquivo README.md,outro,geral
cisco,f106d01,2025-06-29,2025-W25,2025-06,Sunday,Alterado o arquivo README.md,outro,geral
cisco,fb73e21,2025-06-29,2025-W25,2025-06,Sunday,Alterado o arquivo README.md,outro,geral
cisco,faff384,2025-06-29,2025-W25,2025-06,Sunday,Alterado o arquivo README.md,outro,geral
cisco,e244359,2025-06-29,2025-W25,2025-06,Sunday,Alterado o arquivo README.md,outro,geral
cisco,bbf095f,2025-06-29,2025-W25,2025-06,Sunday,Alterado o arquivo README.md,outro,geral
cisco,6ba45fe,2025-06-29,2025-W25,2025-06,Sunday,Alterado o arquivo README.md,outro,geral
cisco,c13a4be,2025-06-29,2025-W25,2025-06,Sunday,Alterado o arquivo README.nd,outro,geral
cisco,62653f1,2025-06-29,2025-W25,2025-06,Sunday,Adicionado a pasta 19 - Python 14 - Parsing Automatico,outro,geral
cisco,88bee30,2025-06-28,2025-W25,2025-06,Saturday,Adicionado a pasta 19 - Python 14 - Parsing Automatico,outro,geral
cisco,f1453b6,2025-06-26,2025-W25,2025-06,Thursday,Alterado o arquivo README.md,outro,geral
cisco,f154444,2025-06-26,2025-W25,2025-06,Thursday,Alterado o arquivo README.md,outro,geral
cisco,a75aa36,2025-06-26,2025-W25,2025-06,Thursday,Alterado o arquivo README.md,outro,geral
cisco,1a40e49,2025-06-26,2025-W25,2025-06,Thursday,Alterado o arquivo README.md,outro,geral
cisco,f002f10,2025-06-26,2025-W25,2025-06,Thursday,Alterado o arquivo README.md,outro,geral
cisco,a7aae83,2025-06-26,2025-W25,2025-06,Thursday,Alterado o arquivo README.md,outro,geral
cisco,9c7f7c0,2025-06-26,2025-W25,2025-06,Thursday,Alterado o arquivo README.md,outro,geral
cisco,b55726d,2025-06-26,2025-W25,2025-06,Thursday,Alterado o arquivo README.md,outro,geral
cisco,9b85aa9,2025-06-26,2025-W25,2025-06,Thursday,Alterado o arquivo README.md,outro,geral
cisco,e264cee,2025-06-25,2025-W25,2025-06,Wednesday,Alterado o arquivo README.md,outro,geral
cisco,55361a8,2025-06-25,2025-W25,2025-06,Wednesday,Alterado o arquivo README.md,outro,geral
cisco,4486cc8,2025-06-25,2025-W25,2025-06,Wednesday,Alterado o arquivo README.md,outro,geral
cisco,d1aaeb5,2025-06-25,2025-W25,2025-06,Wednesday,Alterado o arquivo README.md,outro,geral
cisco,8ce55fe,2025-06-25,2025-W25,2025-06,Wednesday,Alterado o arquivo README.md,outro,geral
cisco,c7fccbb,2025-06-24,2025-W25,2025-06,Tuesday,Alterado o arquivo README.md,outro,geral
cisco,aaef382,2025-06-24,2025-W25,2025-06,Tuesday,Alterado o arquivo README.md,outro,geral
cisco,d455d69,2025-06-24,2025-W25,2025-06,Tuesday,Alterado o arquivo README.md,outro,geral
cisco,521c6ea,2025-06-24,2025-W25,2025-06,Tuesday,Alterado o arquivo README.md,outro,geral
cisco,c6c7a17,2025-06-24,2025-W25,2025-06,Tuesday,Alterado o arquivo README.md,outro,geral
cisco,8ecde7b,2025-06-24,2025-W25,2025-06,Tuesday,Alterado o arquivo README.md,outro,geral
cisco,7103868,2025-06-24,2025-W25,2025-06,Tuesday,Alterado o arquivo README.md,outro,geral
cisco,a19015c,2025-06-24,2025-W25,2025-06,Tuesday,Alterado o arquivo README.md,outro,geral
cisco,5cf5b8b,2025-06-24,2025-W25,2025-06,Tuesday,Alterado o arquivo README.md,outro,geral
cisco,d07aad5,2025-06-24,2025-W25,2025-06,Tuesday,Alterado o arquivo README.md,outro,geral
cisco,fb6ae53,2025-06-24,2025-W25,2025-06,Tuesday,Alterado o arquivo README.md,outro,geral
cisco,b5ef6c7,2025-06-24,2025-W25,2025-06,Tuesday,Alterado o arquivo README.md,outro,geral
cisco,f9ae1ab,2025-06-24,2025-W25,2025-06,Tuesday,Alterado o arquivo README.md,outro,geral
cisco,8a841ce,2025-06-24,2025-W25,2025-06,Tuesday,Alterado o arquivo README.md,outro,geral
cisco,79c5e87,2025-06-24,2025-W25,2025-06,Tuesday,Alterado o arquivo README.md,outro,geral
cisco,3a86b54,2025-06-24,2025-W25,2025-06,Tuesday,Alterado o arquivo README.md,outro,geral
cisco,c292c8d,2025-06-24,2025-W25,2025-06,Tuesday,Alterado o arquivo README.md,outro,geral
cisco,b5528c4,2025-06-24,2025-W25,2025-06,Tuesday,Alterado o arquivo README.md,outro,geral
cisco,f1e9efe,2025-06-24,2025-W25,2025-06,Tuesday,Alterado o arquivo README.md,outro,geral
cisco,9dc1e33,2025-06-24,2025-W25,2025-06,Tuesday,Alterado o arquivo README.md,outro,geral
cisco,eb4eece,2025-06-24,2025-W25,2025-06,Tuesday,Alterado o arquivo README.md,outro,geral
cisco,191a8b8,2025-06-24,2025-W25,2025-06,Tuesday,Alterado o arquivo README.md e alterado nome da pasta 17,outro,geral
cisco,cc3084b,2025-06-24,2025-W25,2025-06,Tuesday,Adicionado a pasta 18 - Python - 13 - Parsing,outro,geral
cisco,ccb08d7,2025-06-24,2025-W25,2025-06,Tuesday,Alterado o arquivo README.md e alterado nome da pasta 17,outro,geral
cisco,1483a27,2025-06-23,2025-W25,2025-06,Monday,Alterado o arquivo README.md,outro,geral
cisco,6248c49,2025-06-23,2025-W25,2025-06,Monday,Alterado o arquivo README.md,outro,geral
cisco,e181f5a,2025-06-23,2025-W25,2025-06,Monday,Alterado o arquivo README.md,outro,geral
cisco,53240bf,2025-06-23,2025-W25,2025-06,Monday,Alterado o arquivo README.md,outro,geral
cisco,c0c043d,2025-06-23,2025-W25,2025-06,Monday,Alterado o arquivo README.md,outro,geral
cisco,26be873,2025-06-23,2025-W25,2025-06,Monday,Alterado o arquivo README.md,outro,geral
cisco,ccfe4ba,2025-06-23,2025-W25,2025-06,Monday,Alterado o arquivo README.md,outro,geral
cisco,631ee02,2025-06-23,2025-W25,2025-06,Monday,Alterado o arquivo README.md,outro,geral
cisco,6a3feb3,2025-06-23,2025-W25,2025-06,Monday,Alterado o arquivo README.md,outro,geral
cisco,0eeafd9,2025-06-23,2025-W25,2025-06,Monday,Alterado o arquivo README.md,outro,geral
cisco,7b99fe3,2025-06-23,2025-W25,2025-06,Monday,Alterado o arquivo README.md,outro,geral
cisco,53dddf1,2025-06-23,2025-W25,2025-06,Monday,Alterado o arquivo README.md,outro,geral
cisco,bfa7e6c,2025-06-23,2025-W25,2025-06,Monday,Alterado o arquivo README.md,outro,geral
cisco,4fdcca4,2025-06-23,2025-W25,2025-06,Monday,Alterado o arquivo README.md,outro,geral
cisco,57d501b,2025-06-23,2025-W25,2025-06,Monday,Alterado o arquivo README.md,outro,geral
cisco,d479e33,2025-06-23,2025-W25,2025-06,Monday,Alterado o arquivo README.md,outro,geral
cisco,90e89f0,2025-06-23,2025-W25,2025-06,Monday,Alterado o arquivo README.md,outro,geral
cisco,ab3c409,2025-06-23,2025-W25,2025-06,Monday,Alterado o arquivo README.md,outro,geral
cisco,f3067e9,2025-06-23,2025-W25,2025-06,Monday,Alterado o arquivo README.md,outro,geral
cisco,551c56d,2025-06-23,2025-W25,2025-06,Monday,Alterado o arquivo README.md,outro,geral
cisco,b74cc7d,2025-06-22,2025-W24,2025-06,Sunday,Alterado o arquivo README.md,outro,geral
cisco,20a5bf3,2025-06-22,2025-W24,2025-06,Sunday,Alterado o arquivo README.md,outro,geral
cisco,f0eed17,2025-06-22,2025-W24,2025-06,Sunday,Alterado o arquivo README.md,outro,geral
cisco,a7fefd0,2025-06-22,2025-W24,2025-06,Sunday,Alterado o arquivo README.md,outro,geral
cisco,1edfb0e,2025-06-22,2025-W24,2025-06,Sunday,Alterado o arquivo README.md,outro,geral
cisco,bcd5f48,2025-06-22,2025-W24,2025-06,Sunday,Alterado o arquivo README.md,outro,geral
cisco,3174d95,2025-06-22,2025-W24,2025-06,Sunday,Alterado o arquivo README.md,outro,geral
cisco,b6f20c0,2025-06-22,2025-W24,2025-06,Sunday,Alterado o arquivo README.md,outro,geral
cisco,812afd0,2025-06-20,2025-W24,2025-06,Friday,Alterado o arquivo README.md,outro,geral
cisco,2830e33,2025-06-20,2025-W24,2025-06,Friday,Alterado o arquivo README.md,outro,geral
cisco,b8ab459,2025-06-20,2025-W24,2025-06,Friday,Alterado o arquivo README.md,outro,geral
cisco,38b1035,2025-06-20,2025-W24,2025-06,Friday,Alterado o arquivo README.md,outro,geral
cisco,ffc5afe,2025-06-20,2025-W24,2025-06,Friday,Alterado o arquivo README.md,outro,geral
cisco,59403ea,2025-06-20,2025-W24,2025-06,Friday,Alterado o arquivo README.md,outro,geral
cisco,7102b17,2025-06-20,2025-W24,2025-06,Friday,Alterado o arquivo README.md,outro,geral
cisco,438e0f7,2025-06-20,2025-W24,2025-06,Friday,Alterado o arquivo README.md,outro,geral
cisco,b70c477,2025-06-20,2025-W24,2025-06,Friday,Alterado o arquivo README.md,outro,geral
cisco,a386346,2025-06-20,2025-W24,2025-06,Friday,Alterado o arquivo README.md,outro,geral
cisco,f7c5e55,2025-06-20,2025-W24,2025-06,Friday,Alterado o arquivo README.md,outro,geral
cisco,67f35ec,2025-06-20,2025-W24,2025-06,Friday,Alterado o arquivo README.md,outro,geral
cisco,bbe1628,2025-06-20,2025-W24,2025-06,Friday,Alterado o arquivo README.md,outro,geral
cisco,49740f2,2025-06-19,2025-W24,2025-06,Thursday,Alterado o arquivo README.md,outro,geral
cisco,0aefda3,2025-06-19,2025-W24,2025-06,Thursday,Alterado o arquivo README.md,outro,geral
cisco,3f28ddc,2025-06-19,2025-W24,2025-06,Thursday,Alterado o arquivo README.md,outro,geral
cisco,634a196,2025-06-19,2025-W24,2025-06,Thursday,Alterado o arquivo README.md,outro,geral
cisco,757d694,2025-06-19,2025-W24,2025-06,Thursday,Alterado o arquivo README.md,outro,geral
cisco,3dc18a4,2025-06-19,2025-W24,2025-06,Thursday,Alterado o arquivo README.md,outro,geral
cisco,9418126,2025-06-19,2025-W24,2025-06,Thursday,Alterado o arquivo README.md,outro,geral
cisco,945f774,2025-06-19,2025-W24,2025-06,Thursday,Alterado o arquivo README.md,outro,geral
cisco,6103ec1,2025-06-19,2025-W24,2025-06,Thursday,Alterado o arquivo README.md,outro,geral
cisco,85747ff,2025-06-19,2025-W24,2025-06,Thursday,Alterado o arquivo README.md,outro,geral
cisco,04c590c,2025-06-19,2025-W24,2025-06,Thursday,Alterado o arquivo README.md,outro,geral
cisco,2c68b16,2025-06-19,2025-W24,2025-06,Thursday,Alterado o arquivo README.md,outro,geral
cisco,ffc3389,2025-06-19,2025-W24,2025-06,Thursday,Alterado o arquivo README.md,outro,geral
cisco,8810e09,2025-06-19,2025-W24,2025-06,Thursday,Alterado o arquivo README.md,outro,geral
cisco,0da5e43,2025-06-19,2025-W24,2025-06,Thursday,Alterado o arquivo README.md,outro,geral
cisco,40faf61,2025-06-19,2025-W24,2025-06,Thursday,Alterado o arquivo README.md,outro,geral
cisco,c021349,2025-06-19,2025-W24,2025-06,Thursday,Alterado o arquivo README.md,outro,geral
cisco,fc47fda,2025-06-19,2025-W24,2025-06,Thursday,Alterado o arquivo README.md,outro,geral
cisco,c0adf6f,2025-06-19,2025-W24,2025-06,Thursday,Alterado o arquivo README.md,outro,geral
cisco,bc9e3a7,2025-06-19,2025-W24,2025-06,Thursday,Alterado o arquivo README.md,outro,geral
cisco,7ad0847,2025-06-19,2025-W24,2025-06,Thursday,Alterado o arquivo README.md,outro,geral
cisco,9fcd400,2025-06-19,2025-W24,2025-06,Thursday,Alterado o arquivo README.md,outro,geral
cisco,1a62ea2,2025-06-19,2025-W24,2025-06,Thursday,Alterado o arquivo README.md,outro,geral
cisco,6fb74b0,2025-06-19,2025-W24,2025-06,Thursday,Alterado o arquivo README.md,outro,geral
cisco,a841bb1,2025-06-19,2025-W24,2025-06,Thursday,Alterado o arquivo README.md,outro,geral
cisco,d5e97ab,2025-06-19,2025-W24,2025-06,Thursday,Alterado o arquivo README.md,outro,geral
cisco,a9ae006,2025-06-19,2025-W24,2025-06,Thursday,Alterado o arquivo README.md,outro,geral
cisco,6543fc3,2025-06-19,2025-W24,2025-06,Thursday,Alterado o arquivo README.md,outro,geral
cisco,544dd94,2025-06-19,2025-W24,2025-06,Thursday,Alterado o arquivo README.md,outro,geral
cisco,5a68c89,2025-06-19,2025-W24,2025-06,Thursday,Alterado o arquivo README.md,outro,geral
cisco,284dc4d,2025-06-19,2025-W24,2025-06,Thursday,Alterado o arquivo README.md,outro,geral
cisco,a134437,2025-06-19,2025-W24,2025-06,Thursday,Alterado o arquivo README.md,outro,geral
cisco,85b64c1,2025-06-19,2025-W24,2025-06,Thursday,Alterado o arquivo README.md,outro,geral
cisco,2957818,2025-06-19,2025-W24,2025-06,Thursday,Alterado o arquivo README.md,outro,geral
cisco,f040867,2025-06-19,2025-W24,2025-06,Thursday,Alterado o arquivo README.md,outro,geral
cisco,a2306a6,2025-06-19,2025-W24,2025-06,Thursday,Alterado o arquivo README.md,outro,geral
cisco,b4a29d9,2025-06-19,2025-W24,2025-06,Thursday,Alterado o arquivo README.md,outro,geral
cisco,d9e592a,2025-06-19,2025-W24,2025-06,Thursday,Alterado o arquivo README.md,outro,geral
cisco,5e66ddd,2025-06-19,2025-W24,2025-06,Thursday,Alterado o arquivo README.md,outro,geral
cisco,adfce38,2025-06-19,2025-W24,2025-06,Thursday,Alterado o arquivo README.md,outro,geral
cisco,c8f96af,2025-06-19,2025-W24,2025-06,Thursday,Alterado o arquivo README.md,outro,geral
cisco,cf0f0e1,2025-06-19,2025-W24,2025-06,Thursday,Alterado o arquivo README.md,outro,geral
cisco,df0072a,2025-06-19,2025-W24,2025-06,Thursday,Alterado o arquivo README.md,outro,geral
cisco,d961b4f,2025-06-19,2025-W24,2025-06,Thursday,Alterado o arquivo README.md,outro,geral
cisco,e2472d2,2025-06-19,2025-W24,2025-06,Thursday,Alterado o arquivo README.md,outro,geral
cisco,c072696,2025-06-19,2025-W24,2025-06,Thursday,Alterado o arquivo README.md,outro,geral
cisco,1f712cb,2025-06-19,2025-W24,2025-06,Thursday,Alterado o arquivo README.md,outro,geral
cisco,56a2d7b,2025-06-19,2025-W24,2025-06,Thursday,Alterado o arquivo README.md,outro,geral
cisco,619748c,2025-06-19,2025-W24,2025-06,Thursday,Alterado o arquivo README.md,outro,geral
cisco,c179d32,2025-06-19,2025-W24,2025-06,Thursday,Alterado o arquivo README.md,outro,geral
cisco,5d31025,2025-06-19,2025-W24,2025-06,Thursday,Alterado o arquivo README.md,outro,geral
cisco,5ac5275,2025-06-19,2025-W24,2025-06,Thursday,Adicionado a pasta Logging,outro,geral
cisco,1773149,2025-06-17,2025-W24,2025-06,Tuesday,Alterado o arquivo README.nd,outro,geral
cisco,c23c621,2025-06-17,2025-W24,2025-06,Tuesday,Alterado o arquivo README.nd,outro,geral
cisco,c5a53a9,2025-06-17,2025-W24,2025-06,Tuesday,Alterado o arquivo README.nd,outro,geral
cisco,9eda42a,2025-06-17,2025-W24,2025-06,Tuesday,Alterado o arquivo README.nd,outro,geral
cisco,d232fbd,2025-06-17,2025-W24,2025-06,Tuesday,Alterado o arquivo README.nd,outro,geral
cisco,c3bb623,2025-06-17,2025-W24,2025-06,Tuesday,Alterado o arquivo README.nd,outro,geral
cisco,18c5c0e,2025-06-17,2025-W24,2025-06,Tuesday,Alterado o arquivo README.nd,outro,geral
cisco,e020e87,2025-06-17,2025-W24,2025-06,Tuesday,Alterado o arquivo README.nd,outro,geral
cisco,6f70547,2025-06-17,2025-W24,2025-06,Tuesday,Alterado o arquivo README.nd,outro,geral
cisco,b8ab83b,2025-06-17,2025-W24,2025-06,Tuesday,Alterado o arquivo README.nd,outro,geral
cisco,74110a7,2025-06-17,2025-W24,2025-06,Tuesday,Alterado o arquivo README.nd,outro,geral
cisco,a8a0bb0,2025-06-17,2025-W24,2025-06,Tuesday,Alterado o arquivo README.nd,outro,geral
cisco,0318deb,2025-06-16,2025-W24,2025-06,Monday,Alterado o arquivo README.nd,outro,geral
cisco,d9bacb9,2025-06-16,2025-W24,2025-06,Monday,Alterado o arquivo README.nd,outro,geral
cisco,1683383,2025-06-16,2025-W24,2025-06,Monday,Alterado o arquivo README.nd,outro,geral
cisco,ac1e154,2025-06-16,2025-W24,2025-06,Monday,Alterado o arquivo README.nd,outro,geral
cisco,9a3142f,2025-06-13,2025-W23,2025-06,Friday,Alterado o arquivo README.nd,outro,geral
cisco,114d010,2025-06-13,2025-W23,2025-06,Friday,Alterado o arquivo README.nd,outro,geral
cisco,8a62d08,2025-06-13,2025-W23,2025-06,Friday,Alterado o arquivo README.nd,outro,geral
cisco,f3c4f1f,2025-06-13,2025-W23,2025-06,Friday,Alterado o arquivo README.nd,outro,geral
cisco,233a2af,2025-06-12,2025-W23,2025-06,Thursday,Alterado o arquivo README.nd,outro,geral
cisco,61fe6dd,2025-06-12,2025-W23,2025-06,Thursday,Alterado o arquivo README.nd,outro,geral
cisco,045a2d4,2025-06-12,2025-W23,2025-06,Thursday,Alterado o arquivo README.nd,outro,geral
cisco,cbbbf68,2025-06-12,2025-W23,2025-06,Thursday,Alterado o arquivo README.nd,outro,geral
cisco,e1ba4f6,2025-06-12,2025-W23,2025-06,Thursday,Alterado o arquivo README.nd,outro,geral
cisco,e581f32,2025-06-12,2025-W23,2025-06,Thursday,Alterado o arquivo README.nd,outro,geral
cisco,4ff79e3,2025-06-12,2025-W23,2025-06,Thursday,Alterado o arquivo README.nd,outro,geral
cisco,1495d26,2025-06-12,2025-W23,2025-06,Thursday,Alterado o arquivo README.nd,outro,geral
cisco,c20ac4a,2025-06-12,2025-W23,2025-06,Thursday,Alterado o arquivo README.nd,outro,geral
cisco,62a9868,2025-06-11,2025-W23,2025-06,Wednesday,Alterado o arquivo README.nd,outro,geral
cisco,50eb2bd,2025-06-11,2025-W23,2025-06,Wednesday,Alterado o arquivo README.nd,outro,geral
cisco,b55ad06,2025-06-11,2025-W23,2025-06,Wednesday,Alterado o arquivo README.nd,outro,geral
cisco,df65be5,2025-06-11,2025-W23,2025-06,Wednesday,Alterado o arquivo README.nd,outro,geral
cisco,5234a22,2025-06-11,2025-W23,2025-06,Wednesday,Alterado o arquivo README.nd,outro,geral
cisco,808b44e,2025-06-11,2025-W23,2025-06,Wednesday,Alterado o arquivo README.nd,outro,geral
cisco,4e4d088,2025-06-11,2025-W23,2025-06,Wednesday,Alterado o arquivo README.nd,outro,geral
cisco,8d994f6,2025-06-11,2025-W23,2025-06,Wednesday,Alterado o arquivo README.nd,outro,geral
cisco,349aa4a,2025-06-09,2025-W23,2025-06,Monday,Alterado o arquivo README.nd,outro,geral
cisco,a05d94f,2025-06-09,2025-W23,2025-06,Monday,Alterado o arquivo README.nd,outro,geral
cisco,4eb431a,2025-06-09,2025-W23,2025-06,Monday,Alterado o arquivo README.nd,outro,geral
cisco,21dd39a,2025-06-09,2025-W23,2025-06,Monday,Alterado o arquivo README.nd,outro,geral
cisco,aa6b7e9,2025-06-09,2025-W23,2025-06,Monday,Alterado o arquivo README.nd,outro,geral
cisco,18416b4,2025-06-09,2025-W23,2025-06,Monday,Alterado o arquivo README.nd,outro,geral
cisco,3091b43,2025-06-09,2025-W23,2025-06,Monday,Alterado o arquivo README.nd,outro,geral
cisco,827112a,2025-06-09,2025-W23,2025-06,Monday,Alterado o arquivo README.nd,outro,geral
cisco,cf4bdc2,2025-06-09,2025-W23,2025-06,Monday,Alterado o arquivo README.nd,outro,geral
cisco,083444c,2025-06-09,2025-W23,2025-06,Monday,Alterado o arquivo README.nd,outro,geral
cisco,d6cbf87,2025-06-09,2025-W23,2025-06,Monday,Alterado o arquivo README.nd,outro,geral
cisco,f4fb363,2025-06-09,2025-W23,2025-06,Monday,Alterado o arquivo README.nd,outro,geral
cisco,5d4799d,2025-06-09,2025-W23,2025-06,Monday,Alterado o arquivo README.nd,outro,geral
cisco,ad00cfc,2025-06-09,2025-W23,2025-06,Monday,Alterado o arquivo README.nd,outro,geral
cisco,1898344,2025-06-09,2025-W23,2025-06,Monday,Alterado o arquivo README.nd,outro,geral
cisco,9ef8fbd,2025-06-09,2025-W23,2025-06,Monday,Alterado o arquivo README.nd,outro,geral
cisco,a2d81c0,2025-06-09,2025-W23,2025-06,Monday,Alterado o arquivo README.nd,outro,geral
cisco,63fe53f,2025-06-09,2025-W23,2025-06,Monday,Alterado o arquivo README.nd,outro,geral
cisco,0a37b93,2025-06-09,2025-W23,2025-06,Monday,Alterado o arquivo README.nd,outro,geral
cisco,7f1556e,2025-06-09,2025-W23,2025-06,Monday,Alterado o arquivo README.nd,outro,geral
cisco,67f24ce,2025-06-09,2025-W23,2025-06,Monday,Alterado o arquivo README.nd,outro,geral
cisco,00f9029,2025-06-09,2025-W23,2025-06,Monday,Alterado o arquivo README.nd,outro,geral
cisco,407d82c,2025-06-09,2025-W23,2025-06,Monday,Alterado o arquivo README.nd,outro,geral
cisco,83f87fc,2025-06-09,2025-W23,2025-06,Monday,Alterado o arquivo README.nd,outro,geral
cisco,a029850,2025-06-09,2025-W23,2025-06,Monday,Alterado o arquivo README.nd,outro,geral
cisco,e8c6e9c,2025-06-08,2025-W22,2025-06,Sunday,Alterado o arquivo README.nd,outro,geral
cisco,a575214,2025-06-08,2025-W22,2025-06,Sunday,Alterado o arquivo README.nd,outro,geral
cisco,ddd6593,2025-06-08,2025-W22,2025-06,Sunday,Alterado o arquivo README.nd,outro,geral
cisco,1d21924,2025-06-08,2025-W22,2025-06,Sunday,Alterado o arquivo README.nd,outro,geral
cisco,ce71bcd,2025-06-08,2025-W22,2025-06,Sunday,Adicionado a pasta 16 - Tratamento de Erros,outro,geral
cisco,53feedd,2025-06-08,2025-W22,2025-06,Sunday,Alterado o arquivo README.nd,outro,geral
cisco,d57677f,2025-06-07,2025-W22,2025-06,Saturday,Alterado o arquivo README.nd,outro,geral
cisco,2990a8e,2025-06-07,2025-W22,2025-06,Saturday,Alterado o arquivo README.nd,outro,geral
cisco,6a83c06,2025-06-06,2025-W22,2025-06,Friday,Alterado o arquivo README.nd,outro,geral
cisco,87dfd84,2025-06-06,2025-W22,2025-06,Friday,Alterado o arquivo README.nd,outro,geral
cisco,2672427,2025-06-06,2025-W22,2025-06,Friday,Alterado o arquivo README.nd,outro,geral
cisco,4b18e49,2025-06-06,2025-W22,2025-06,Friday,Alterado o arquivo README.nd,outro,geral
cisco,b6e2fc9,2025-06-06,2025-W22,2025-06,Friday,Alterado o arquivo README.nd,outro,geral
cisco,db27d62,2025-06-06,2025-W22,2025-06,Friday,Alterado o arquivo README.nd,outro,geral
cisco,06e011a,2025-06-06,2025-W22,2025-06,Friday,Alterado o arquivo README.nd,outro,geral
cisco,30f9e97,2025-06-06,2025-W22,2025-06,Friday,Alterado o arquivo README.nd,outro,geral
cisco,ac34354,2025-06-06,2025-W22,2025-06,Friday,Alterado o arquivo README.nd,outro,geral
cisco,0acff1e,2025-06-06,2025-W22,2025-06,Friday,Alterado o arquivo README.nd,outro,geral
cisco,45926c1,2025-06-06,2025-W22,2025-06,Friday,Alterado o arquivo README.nd,outro,geral
cisco,3d5921d,2025-06-06,2025-W22,2025-06,Friday,Alterado o arquivo README.nd,outro,geral
cisco,54c53b4,2025-06-05,2025-W22,2025-06,Thursday,Alterado o arquivo README.nd,outro,geral
cisco,d8ea172,2025-06-05,2025-W22,2025-06,Thursday,Alterado o arquivo README.nd,outro,geral
cisco,7dbfe92,2025-06-05,2025-W22,2025-06,Thursday,Alterado o arquivo README.nd,outro,geral
cisco,a0dcd9c,2025-06-03,2025-W22,2025-06,Tuesday,Alterado o arquivo README.nd,outro,geral
cisco,688e8cb,2025-06-03,2025-W22,2025-06,Tuesday,Alterado o arquivo README.nd,outro,geral
cisco,fe4a0b2,2025-06-03,2025-W22,2025-06,Tuesday,Alterado o arquivo README.nd,outro,geral
cisco,156a83a,2025-06-03,2025-W22,2025-06,Tuesday,Alterado o arquivo README.nd,outro,geral
cisco,8f90278,2025-06-03,2025-W22,2025-06,Tuesday,Alterado o arquivo README.nd,outro,geral
cisco,0e33c77,2025-06-03,2025-W22,2025-06,Tuesday,Alterado o arquivo README.nd,outro,geral
cisco,25697a3,2025-06-03,2025-W22,2025-06,Tuesday,Alterado o arquivo README.nd,outro,geral
cisco,827361b,2025-06-02,2025-W22,2025-06,Monday,Alterado o arquivo README.nd,outro,geral
cisco,4191fa0,2025-06-02,2025-W22,2025-06,Monday,Alterado o arquivo README.nd,outro,geral
cisco,e0848bc,2025-06-02,2025-W22,2025-06,Monday,Alterado o arquivo README.nd,outro,geral
cisco,bf51adc,2025-06-02,2025-W22,2025-06,Monday,Alterado o arquivo README.nd,outro,geral
cisco,d3a52f9,2025-06-02,2025-W22,2025-06,Monday,Alterado o arquivo README.nd,outro,geral
cisco,b387560,2025-06-02,2025-W22,2025-06,Monday,Criado a pasta env,outro,geral
cisco,474a9b5,2025-06-02,2025-W22,2025-06,Monday,Criado a pasta env,outro,geral
cisco,8ac85f5,2025-06-02,2025-W22,2025-06,Monday,Alterado o arquivo README.md,outro,geral
cisco,b053f25,2025-06-01,2025-W21,2025-06,Sunday,Alterado o arquivo README.md,outro,geral
cisco,7b9ecd4,2025-06-01,2025-W21,2025-06,Sunday,Alterado o arquivo README.md,outro,geral
cisco,ae839be,2025-06-01,2025-W21,2025-06,Sunday,Alterado o arquivo README.md,outro,geral
cisco,48d28cd,2025-06-01,2025-W21,2025-06,Sunday,Alterado o arquivo README.md,outro,geral
cisco,a73068e,2025-05-30,2025-W21,2025-05,Friday,Alterado o arquivo README.md,outro,geral
cisco,4c86835,2025-05-30,2025-W21,2025-05,Friday,Alterado o arquivo README.md,outro,geral
cisco,02d91a2,2025-05-30,2025-W21,2025-05,Friday,Alterado o arquivo README.md,outro,geral
cisco,7c807bd,2025-05-30,2025-W21,2025-05,Friday,Alterado o arquivo README.md,outro,geral
cisco,662abd0,2025-05-30,2025-W21,2025-05,Friday,Alterado o arquivo README.md,outro,geral
cisco,efcf65e,2025-05-30,2025-W21,2025-05,Friday,Alterado o arquivo README.md,outro,geral
cisco,75dbf18,2025-05-30,2025-W21,2025-05,Friday,Alterado o arquivo README.md,outro,geral
cisco,41a2bf0,2025-05-30,2025-W21,2025-05,Friday,Alterado o arquivo README.md,outro,geral
cisco,1c3838a,2025-05-30,2025-W21,2025-05,Friday,Alterado o arquivo README.md,outro,geral
cisco,4234d51,2025-05-30,2025-W21,2025-05,Friday,Alterado o arquivo README.md,outro,geral
cisco,5ddb65f,2025-05-30,2025-W21,2025-05,Friday,Alterado o arquivo README.md,outro,geral
cisco,7e9767e,2025-05-30,2025-W21,2025-05,Friday,Alterado o arquivo README.md,outro,geral
cisco,5436af4,2025-05-30,2025-W21,2025-05,Friday,Alterado o arquivo README.md,outro,geral
cisco,56d5191,2025-05-30,2025-W21,2025-05,Friday,Alterado o arquivo README.md,outro,geral
cisco,97e0df0,2025-05-30,2025-W21,2025-05,Friday,Alterado o arquivo README.md,outro,geral
cisco,2713918,2025-05-30,2025-W21,2025-05,Friday,Alterado o arquivo README.md,outro,geral
cisco,2ebfe3b,2025-05-30,2025-W21,2025-05,Friday,Alterado o arquivo README.md,outro,geral
cisco,edc1c7b,2025-05-29,2025-W21,2025-05,Thursday,Alterado o arquivo README.md,outro,geral
cisco,2e731ea,2025-05-29,2025-W21,2025-05,Thursday,Alterado o arquivo README.md,outro,geral
cisco,96981e7,2025-05-29,2025-W21,2025-05,Thursday,Alterado o arquivo README.md,outro,geral
cisco,45b9f65,2025-05-29,2025-W21,2025-05,Thursday,Alterado o arquivo README.md,outro,geral
cisco,b453cee,2025-05-29,2025-W21,2025-05,Thursday,Alterado o arquivo README.md,outro,geral
cisco,c6c8c4d,2025-05-29,2025-W21,2025-05,Thursday,Alterado o arquivo README.md,outro,geral
cisco,78de85a,2025-05-29,2025-W21,2025-05,Thursday,Alterado o arquivo README.md,outro,geral
cisco,72a076d,2025-05-29,2025-W21,2025-05,Thursday,Alterado o arquivo README.md,outro,geral
cisco,3f66284,2025-05-29,2025-W21,2025-05,Thursday,Alterado o arquivo README.md,outro,geral
cisco,3e26a1a,2025-05-29,2025-W21,2025-05,Thursday,Alterado o arquivo README.md,outro,geral
cisco,8bc9499,2025-05-29,2025-W21,2025-05,Thursday,Alterado o arquivo README.md,outro,geral
cisco,1da4eb1,2025-05-29,2025-W21,2025-05,Thursday,Alterado o arquivo README.md,outro,geral
cisco,33e1f6b,2025-05-29,2025-W21,2025-05,Thursday,Alterado o arquivo README.md,outro,geral
cisco,c7919ce,2025-05-29,2025-W21,2025-05,Thursday,Alterado o arquivo README.md,outro,geral
cisco,92f6e1a,2025-05-29,2025-W21,2025-05,Thursday,Alterado o arquivo README.md,outro,geral
cisco,8bb69d1,2025-05-29,2025-W21,2025-05,Thursday,Alterado o arquivo README.md,outro,geral
cisco,adcd807,2025-05-29,2025-W21,2025-05,Thursday,Alterado o arquivo README.md,outro,geral
cisco,c800b0f,2025-05-29,2025-W21,2025-05,Thursday,Alterado o arquivo README.md,outro,geral
cisco,2ec313e,2025-05-29,2025-W21,2025-05,Thursday,Alterado o arquivo README.md,outro,geral
cisco,2c562b5,2025-05-29,2025-W21,2025-05,Thursday,Alterado o arquivo README.md,outro,geral
cisco,f87361d,2025-05-29,2025-W21,2025-05,Thursday,Alterado o arquivo README.md,outro,geral
cisco,279b250,2025-05-28,2025-W21,2025-05,Wednesday,Adicionado a pasta j2,outro,geral
cisco,528a357,2025-05-27,2025-W21,2025-05,Tuesday,Alterado o arquivo README.md,outro,geral
cisco,69df509,2025-05-27,2025-W21,2025-05,Tuesday,Alterado o arquivo README.md,outro,geral
cisco,79b9849,2025-05-27,2025-W21,2025-05,Tuesday,Alterado o arquivo README.md,outro,geral
cisco,f47ba30,2025-05-23,2025-W20,2025-05,Friday,Alterado o arquivo README.md,outro,geral
cisco,ee514ca,2025-05-23,2025-W20,2025-05,Friday,Alterado o arquivo README.md,outro,geral
cisco,6429637,2025-05-23,2025-W20,2025-05,Friday,Alterado o arquivo README.md,outro,geral
cisco,19cf622,2025-05-16,2025-W19,2025-05,Friday,Alterado o arquivo README.md,outro,geral
cisco,be5038b,2025-05-16,2025-W19,2025-05,Friday,Alterado o arquivo README.md,outro,geral
cisco,69b9258,2025-05-16,2025-W19,2025-05,Friday,Alterado o arquivo README.md,outro,geral
cisco,b938726,2025-05-16,2025-W19,2025-05,Friday,Alterado o arquivo README.md,outro,geral
cisco,a6c1560,2025-05-16,2025-W19,2025-05,Friday,Alterado o arquivo README.md,outro,geral
cisco,4341d45,2025-05-16,2025-W19,2025-05,Friday,Alterado o arquivo README.md,outro,geral
cisco,0460b3a,2025-05-16,2025-W19,2025-05,Friday,Adicionado a pasta xml,outro,geral
cisco,ad5876e,2025-05-15,2025-W19,2025-05,Thursday,Alterado o arquivo README.md,outro,geral
cisco,39d1ba3,2025-05-15,2025-W19,2025-05,Thursday,Alterado o arquivo README.md,outro,geral
cisco,57ed84c,2025-05-15,2025-W19,2025-05,Thursday,Alterado o arquivo README.md,outro,geral
cisco,8336385,2025-05-15,2025-W19,2025-05,Thursday,Alterado o arquivo README.md,outro,geral
cisco,febebcd,2025-05-15,2025-W19,2025-05,Thursday,Alterado o arquivo README.md,outro,geral
cisco,b35d2e9,2025-05-15,2025-W19,2025-05,Thursday,Alterado o arquivo README.md,outro,geral
cisco,647d000,2025-05-15,2025-W19,2025-05,Thursday,Alterado o arquivo README.md,outro,geral
cisco,f434cc3,2025-05-15,2025-W19,2025-05,Thursday,Alterado o arquivo README.md,outro,geral
cisco,f85e32c,2025-05-15,2025-W19,2025-05,Thursday,Alterado o arquivo README.md,outro,geral
cisco,2616ff5,2025-05-15,2025-W19,2025-05,Thursday,Alterado o arquivo README.md,outro,geral
cisco,5f38489,2025-05-15,2025-W19,2025-05,Thursday,Alterado o arquivo README.md,outro,geral
cisco,680e479,2025-05-15,2025-W19,2025-05,Thursday,Alterado o arquivo README.md,outro,geral
cisco,8c42953,2025-05-15,2025-W19,2025-05,Thursday,Alterado o arquivo README.md,outro,geral
cisco,170181e,2025-05-15,2025-W19,2025-05,Thursday,Alterado o arquivo README.md,outro,geral
cisco,e197566,2025-05-15,2025-W19,2025-05,Thursday,Alterado o arquivo README.md,outro,geral
cisco,78c90d9,2025-05-14,2025-W19,2025-05,Wednesday,Alterado o arquivo README.md,outro,geral
cisco,dc7e0c4,2025-05-14,2025-W19,2025-05,Wednesday,Alterado o arquivo README.md,outro,geral
cisco,696ae83,2025-05-14,2025-W19,2025-05,Wednesday,Alterado o arquivo README.md,outro,geral
cisco,c1a5e41,2025-05-14,2025-W19,2025-05,Wednesday,Alterado o arquivo README.md,outro,geral
cisco,0ef3ed6,2025-05-14,2025-W19,2025-05,Wednesday,Alterado o arquivo README.md,outro,geral
cisco,e5e9ea9,2025-05-14,2025-W19,2025-05,Wednesday,Alterado o arquivo README.md,outro,geral
cisco,ffd0a18,2025-05-14,2025-W19,2025-05,Wednesday,Alterado o arquivo README.md,outro,geral
cisco,e4ba1d5,2025-05-14,2025-W19,2025-05,Wednesday,Alterado o arquivo README.md,outro,geral
cisco,15f7a2b,2025-05-14,2025-W19,2025-05,Wednesday,Alterado o arquivo README.md,outro,geral
cisco,fd73711,2025-05-12,2025-W19,2025-05,Monday,Alterado o arquivo README.md,outro,geral
cisco,afd1503,2025-05-12,2025-W19,2025-05,Monday,Alterado o arquivo README.md,outro,geral
cisco,f4ab16d,2025-05-12,2025-W19,2025-05,Monday,Alterado o arquivo README.md,outro,geral
cisco,3aa1a73,2025-05-12,2025-W19,2025-05,Monday,Alterado o arquivo README.md,outro,geral
cisco,f5fb8d5,2025-05-12,2025-W19,2025-05,Monday,Alterado o arquivo README.md,outro,geral
cisco,8ec687d,2025-05-12,2025-W19,2025-05,Monday,Alterado o arquivo README.md,outro,geral
cisco,1f5ea55,2025-05-12,2025-W19,2025-05,Monday,Alterado o arquivo README.md,outro,geral
cisco,89d9ea2,2025-05-12,2025-W19,2025-05,Monday,Alterado o arquivo README.md,outro,geral
cisco,cfe5468,2025-05-12,2025-W19,2025-05,Monday,Alterado o arquivo README.md,outro,geral
cisco,de888ca,2025-05-12,2025-W19,2025-05,Monday,Alterado o arquivo README.md,outro,geral
cisco,a7c9676,2025-05-12,2025-W19,2025-05,Monday,Alterado o arquivo README.md,outro,geral
cisco,0fe6835,2025-05-12,2025-W19,2025-05,Monday,Adicionado a pasta yaml,outro,geral
cisco,a155b42,2025-05-09,2025-W18,2025-05,Friday,Alterado o aquivo read.me,outro,geral
cisco,8058af2,2025-05-09,2025-W18,2025-05,Friday,Alterado o aquivo read.me,outro,geral
cisco,45d6a66,2025-05-09,2025-W18,2025-05,Friday,Alterado o aquivo read.me,outro,geral
cisco,5c43b7f,2025-05-09,2025-W18,2025-05,Friday,Alterado o aquivo read.me,outro,geral
cisco,ea6e64e,2025-05-09,2025-W18,2025-05,Friday,Alterado o aquivo read.me,outro,geral
cisco,66df267,2025-05-08,2025-W18,2025-05,Thursday,Alterado o aquivo read.me,outro,geral
cisco,7440222,2025-05-08,2025-W18,2025-05,Thursday,Alterado o aquivo read.me,outro,geral
cisco,3526352,2025-05-08,2025-W18,2025-05,Thursday,Alterado o aquivo read.me,outro,geral
cisco,20bd40b,2025-05-08,2025-W18,2025-05,Thursday,Alterado o aquivo read.me,outro,geral
cisco,704b5d3,2025-05-08,2025-W18,2025-05,Thursday,Alterado o aquivo read.me,outro,geral
cisco,9a8497b,2025-05-08,2025-W18,2025-05,Thursday,Alterado o aquivo read.me,outro,geral
cisco,cdc6a01,2025-05-07,2025-W18,2025-05,Wednesday,Alterado o aquivo read.me,outro,geral
cisco,bbaeab4,2025-05-07,2025-W18,2025-05,Wednesday,Alterado o aquivo read.me,outro,geral
cisco,3d5637c,2025-05-07,2025-W18,2025-05,Wednesday,Alterado o aquivo read.me,outro,geral
cisco,2ba6096,2025-05-07,2025-W18,2025-05,Wednesday,Alterado o aquivo read.me,outro,geral
cisco,d02e169,2025-05-07,2025-W18,2025-05,Wednesday,Alterado o aquivo read.me,outro,geral
cisco,d02badc,2025-05-07,2025-W18,2025-05,Wednesday,Alterado o aquivo read.me,outro,geral
cisco,1441126,2025-05-07,2025-W18,2025-05,Wednesday,Alterado o aquivo read.me,outro,geral
cisco,1d915d9,2025-05-07,2025-W18,2025-05,Wednesday,Alterado o aquivo read.me,outro,geral
cisco,5f9081c,2025-05-07,2025-W18,2025-05,Wednesday,Alterado o aquivo read.me,outro,geral
cisco,884afdf,2025-05-07,2025-W18,2025-05,Wednesday,Alterado o aquivo read.me,outro,geral
cisco,c5ad462,2025-05-07,2025-W18,2025-05,Wednesday,Alterado o aquivo read.me,outro,geral
cisco,df9af67,2025-05-07,2025-W18,2025-05,Wednesday,Alterado o aquivo read.me,outro,geral
cisco,04be5da,2025-05-06,2025-W18,2025-05,Tuesday,Alterado o aquivo read.me,outro,geral
cisco,7cdbbdb,2025-05-06,2025-W18,2025-05,Tuesday,Alterado o aquivo read.me,outro,geral
cisco,330e283,2025-05-06,2025-W18,2025-05,Tuesday,Alterado o aquivo read.me,outro,geral
cisco,f8a77f3,2025-05-06,2025-W18,2025-05,Tuesday,Alterado o aquivo read.me,outro,geral
cisco,056af51,2025-05-06,2025-W18,2025-05,Tuesday,Alterado o aquivo read.me,outro,geral
cisco,d0c83dc,2025-05-06,2025-W18,2025-05,Tuesday,Alterado o aquivo read.me,outro,geral
cisco,7a41d7e,2025-05-06,2025-W18,2025-05,Tuesday,Alterado o aquivo read.me,outro,geral
cisco,5365fcd,2025-05-06,2025-W18,2025-05,Tuesday,Alterado o aquivo read.me,outro,geral
cisco,2aacb93,2025-05-06,2025-W18,2025-05,Tuesday,Alterado o aquivo read.me,outro,geral
cisco,824b843,2025-05-05,2025-W18,2025-05,Monday,Alterado o aquivo read.me,outro,geral
cisco,ae4e4be,2025-05-05,2025-W18,2025-05,Monday,Alterado o aquivo read.me,outro,geral
cisco,738674d,2025-05-05,2025-W18,2025-05,Monday,Alterado o aquivo read.me,outro,geral
cisco,ffb3276,2025-05-05,2025-W18,2025-05,Monday,Alterado o aquivo read.me,outro,geral
cisco,2892f86,2025-05-05,2025-W18,2025-05,Monday,Alterado o aquivo read.me,outro,geral
cisco,e01912d,2025-05-05,2025-W18,2025-05,Monday,Alterado o aquivo read.me,outro,geral
cisco,d9facb2,2025-05-05,2025-W18,2025-05,Monday,Alterado o aquivo read.me,outro,geral
cisco,fe1d45d,2025-05-05,2025-W18,2025-05,Monday,Alterado o aquivo read.me,outro,geral
cisco,32270c0,2025-05-05,2025-W18,2025-05,Monday,Alterado o aquivo read.me,outro,geral
cisco,71f6fec,2025-05-05,2025-W18,2025-05,Monday,Alterado o aquivo read.me,outro,geral
cisco,5091196,2025-05-05,2025-W18,2025-05,Monday,Alterado o aquivo read.me,outro,geral
cisco,2546b42,2025-05-05,2025-W18,2025-05,Monday,Alterado o aquivo read.me,outro,geral
cisco,3d7e99d,2025-05-05,2025-W18,2025-05,Monday,Alterado o aquivo read.me,outro,geral
cisco,4c7ca8c,2025-05-05,2025-W18,2025-05,Monday,Alterado o aquivo read.me,outro,geral
cisco,84fdb99,2025-05-05,2025-W18,2025-05,Monday,Alterado o aquivo read.me,outro,geral
cisco,9465d2b,2025-05-05,2025-W18,2025-05,Monday,Alterado o aquivo read.me,outro,geral
cisco,b15ea11,2025-05-05,2025-W18,2025-05,Monday,Alterado o aquivo read.me,outro,geral
cisco,708d04c,2025-05-05,2025-W18,2025-05,Monday,Alterado o aquivo read.me,outro,geral
cisco,46bd239,2025-05-05,2025-W18,2025-05,Monday,Alterado o aquivo read.me,outro,geral
cisco,2ca617d,2025-05-05,2025-W18,2025-05,Monday,Alterado o aquivo read.me,outro,geral
cisco,71ea627,2025-05-05,2025-W18,2025-05,Monday,Alterado o aquivo read.me,outro,geral
cisco,61db364,2025-05-05,2025-W18,2025-05,Monday,Alterado o aquivo read.me,outro,geral
cisco,f770625,2025-05-05,2025-W18,2025-05,Monday,Alterado o aquivo read.me,outro,geral
cisco,8f9ddac,2025-05-05,2025-W18,2025-05,Monday,Alterado o aquivo read.me,outro,geral
cisco,566f50f,2025-05-05,2025-W18,2025-05,Monday,Alterado o aquivo read.me,outro,geral
cisco,2881617,2025-05-05,2025-W18,2025-05,Monday,Alterado o aquivo read.me,outro,geral
cisco,1285434,2025-05-05,2025-W18,2025-05,Monday,Alterado o aquivo read.me,outro,geral
cisco,e9947cc,2025-05-05,2025-W18,2025-05,Monday,Alterado o aquivo read.me,outro,geral
cisco,489d442,2025-05-05,2025-W18,2025-05,Monday,Alterado o aquivo read.me,outro,geral
cisco,d0e982c,2025-05-05,2025-W18,2025-05,Monday,Alterado o aquivo read.me,outro,geral
cisco,f9c9966,2025-05-05,2025-W18,2025-05,Monday,Alterado o aquivo read.me,outro,geral
cisco,c63e02b,2025-05-05,2025-W18,2025-05,Monday,Alterado o aquivo read.me,outro,geral
cisco,81fc443,2025-05-05,2025-W18,2025-05,Monday,Alterado o aquivo read.me,outro,geral
cisco,89e9e21,2025-05-05,2025-W18,2025-05,Monday,Alterado o aquivo read.me,outro,geral
cisco,2cdf24e,2025-05-05,2025-W18,2025-05,Monday,Alterado o aquivo read.me,outro,geral
cisco,9f4cee8,2025-05-05,2025-W18,2025-05,Monday,Alterado o aquivo read.me,outro,geral
cisco,7e1d16a,2025-05-05,2025-W18,2025-05,Monday,Alterado o aquivo read.me,outro,geral
cisco,b4f4e20,2025-05-05,2025-W18,2025-05,Monday,Alterado o aquivo read.me,outro,geral
cisco,779441f,2025-05-05,2025-W18,2025-05,Monday,Alterado o aquivo read.me,outro,geral
cisco,bb64127,2025-05-05,2025-W18,2025-05,Monday,Alterado o aquivo read.me,outro,geral
cisco,07013fe,2025-05-05,2025-W18,2025-05,Monday,Alterado o aquivo read.me,outro,geral
cisco,2960df7,2025-05-05,2025-W18,2025-05,Monday,Alterado o aquivo read.me,outro,geral
cisco,651a12a,2025-05-04,2025-W17,2025-05,Sunday,Alterado o aquivo read.me,outro,geral
cisco,a6b0472,2025-05-04,2025-W17,2025-05,Sunday,Alterado o aquivo read.me,outro,geral
cisco,c57eef9,2025-05-04,2025-W17,2025-05,Sunday,Alterado o aquivo read.me,outro,geral
cisco,6702a3b,2025-05-04,2025-W17,2025-05,Sunday,Alterado o aquivo read.me,outro,geral
cisco,d72e71b,2025-05-04,2025-W17,2025-05,Sunday,Alterado o aquivo read.me,outro,geral
cisco,e7bfcf9,2025-05-04,2025-W17,2025-05,Sunday,Alterado o aquivo read.me,outro,geral
cisco,7c4d9d3,2025-05-04,2025-W17,2025-05,Sunday,Alterado o aquivo read.me,outro,geral
cisco,4038a41,2025-05-04,2025-W17,2025-05,Sunday,Alterado o aquivo read.me,outro,geral
cisco,7830955,2025-05-03,2025-W17,2025-05,Saturday,Alterado o aquivo read.me,outro,geral
cisco,f301120,2025-05-03,2025-W17,2025-05,Saturday,Alterado o aquivo read.me,outro,geral
cisco,348ad56,2025-05-03,2025-W17,2025-05,Saturday,Alterado o aquivo read.me,outro,geral
cisco,08de173,2025-05-03,2025-W17,2025-05,Saturday,Alterado o aquivo read.me,outro,geral
cisco,fc7e8e0,2025-05-03,2025-W17,2025-05,Saturday,Alterado o aquivo read.me,outro,geral
cisco,00417d6,2025-05-03,2025-W17,2025-05,Saturday,Alterado o aquivo read.me,outro,geral
cisco,fce2af9,2025-05-03,2025-W17,2025-05,Saturday,Alterado o aquivo read.me,outro,geral
cisco,821bad1,2025-05-03,2025-W17,2025-05,Saturday,Alterado o aquivo read.me,outro,geral
cisco,ca43358,2025-05-03,2025-W17,2025-05,Saturday,Alterado o aquivo read.me,outro,geral
cisco,78e0808,2025-05-03,2025-W17,2025-05,Saturday,Alterado o aquivo read.me,outro,geral
cisco,a8a6a61,2025-05-03,2025-W17,2025-05,Saturday,Alterado o aquivo read.me,outro,geral
cisco,b1c0cc8,2025-05-03,2025-W17,2025-05,Saturday,Alterado o aquivo read.me,outro,geral
cisco,9655b0a,2025-05-03,2025-W17,2025-05,Saturday,Alterado o aquivo read.me,outro,geral
cisco,ce8be5f,2025-05-03,2025-W17,2025-05,Saturday,Alterado o aquivo read.me,outro,geral
cisco,fd409b6,2025-05-03,2025-W17,2025-05,Saturday,Alterado o aquivo read.me,outro,geral
cisco,043a868,2025-05-03,2025-W17,2025-05,Saturday,Alterado o aquivo read.me,outro,geral
cisco,4e86a78,2025-05-03,2025-W17,2025-05,Saturday,Alterado o aquivo read.me,outro,geral
cisco,0860b25,2025-05-03,2025-W17,2025-05,Saturday,Alterado o aquivo read.me,outro,geral
cisco,956818b,2025-05-03,2025-W17,2025-05,Saturday,Alterado o aquivo read.me,outro,geral
cisco,a3585f1,2025-05-03,2025-W17,2025-05,Saturday,Alterado o aquivo read.me,outro,geral
cisco,e8f55ca,2025-05-03,2025-W17,2025-05,Saturday,Alterado o aquivo read.me,outro,geral
cisco,bb51f62,2025-05-03,2025-W17,2025-05,Saturday,Alterado o aquivo read.me,outro,geral
cisco,eb07e7f,2025-05-03,2025-W17,2025-05,Saturday,Alterado o aquivo read.me,outro,geral
cisco,01bccdc,2025-05-03,2025-W17,2025-05,Saturday,Alterado o aquivo read.me,outro,geral
cisco,dcc7118,2025-05-03,2025-W17,2025-05,Saturday,Alterado o aquivo read.me,outro,geral
cisco,8a3d6ab,2025-05-03,2025-W17,2025-05,Saturday,Alterado o aquivo read.me,outro,geral
cisco,5ab1c59,2025-05-03,2025-W17,2025-05,Saturday,Alterado o aquivo read.me,outro,geral
cisco,9190dcc,2025-05-03,2025-W17,2025-05,Saturday,Alterado o aquivo read.me,outro,geral
cisco,47b3386,2025-05-03,2025-W17,2025-05,Saturday,Alterado o aquivo read.me,outro,geral
cisco,5396a37,2025-05-03,2025-W17,2025-05,Saturday,Alterado o aquivo read.me,outro,geral
cisco,e98e8e5,2025-05-02,2025-W17,2025-05,Friday,Alterado o aquivo read.me,outro,geral
cisco,4b68d71,2025-05-02,2025-W17,2025-05,Friday,Alterado o aquivo read.me,outro,geral
cisco,20a5ec0,2025-05-02,2025-W17,2025-05,Friday,Alterado o aquivo read.me,outro,geral
cisco,58d0965,2025-05-02,2025-W17,2025-05,Friday,Alterado o aquivo read.me,outro,geral
cisco,60a48a5,2025-05-02,2025-W17,2025-05,Friday,Alterado o aquivo read.me,outro,geral
cisco,ca30d54,2025-05-01,2025-W17,2025-05,Thursday,Alterado o aquivo read.me,outro,geral
cisco,246efe2,2025-05-01,2025-W17,2025-05,Thursday,Adicionado a pasta 14,outro,geral
cisco,aa2e661,2025-05-01,2025-W17,2025-05,Thursday,Acertado pastas,outro,geral
cisco,20880f7,2025-05-01,2025-W17,2025-05,Thursday,Acertado pastas,outro,geral
cisco,bfba49b,2025-05-01,2025-W17,2025-05,Thursday,Acertado pastas,outro,geral
cisco,c11eb1d,2025-05-01,2025-W17,2025-05,Thursday,Acertado pastas,outro,geral
cisco,1c3ed21,2025-05-01,2025-W17,2025-05,Thursday,Alterado o aquivo read.me,outro,geral
cisco,fb4a5de,2025-05-01,2025-W17,2025-05,Thursday,Alterado o aquivo read.me,outro,geral
cisco,850750f,2025-05-01,2025-W17,2025-05,Thursday,Adicionado a pasta 13,outro,geral
cisco,19b6bc9,2025-04-30,2025-W17,2025-04,Wednesday,Adicionado a pasta 12,outro,geral
cisco,6e14e9c,2025-04-29,2025-W17,2025-04,Tuesday,Adicionado a pasta 12,outro,geral
cisco,8c45772,2025-04-28,2025-W17,2025-04,Monday,Adicionado a pasta 12,outro,geral
cisco,f7b3fd8,2025-04-28,2025-W17,2025-04,Monday,Adicionado a pasta 12,outro,geral
cisco,54bfa05,2025-04-28,2025-W17,2025-04,Monday,Adicionado a pasta 12,outro,geral
cisco,54e8c6f,2025-04-27,2025-W16,2025-04,Sunday,Alterado o arquivo Readme.md,outro,geral
cisco,64d6284,2025-04-27,2025-W16,2025-04,Sunday,Alterado o arquivo Readme.md,outro,geral
cisco,e7df3c1,2025-04-27,2025-W16,2025-04,Sunday,Alterado o arquivo Readme.md,outro,geral
cisco,aff4615,2025-04-27,2025-W16,2025-04,Sunday,Alterado o arquivo Readme.md,outro,geral
cisco,56f2362,2025-04-27,2025-W16,2025-04,Sunday,Alterado o arquivo Readme.md,outro,geral
cisco,b26c3c9,2025-04-27,2025-W16,2025-04,Sunday,Alterado o arquivo Readme.md,outro,geral
cisco,1bad22d,2025-04-26,2025-W16,2025-04,Saturday,Alterado o arquivo Readme.md,outro,geral
cisco,bbdce2b,2025-04-26,2025-W16,2025-04,Saturday,Adicionado a pasta 11,outro,geral
cisco,e64660d,2025-04-25,2025-W16,2025-04,Friday,Alterado o arquivo Readme.md,outro,geral
cisco,f62c110,2025-04-25,2025-W16,2025-04,Friday,Alterado o arquivo Readme.md,outro,geral
cisco,f27d52b,2025-04-25,2025-W16,2025-04,Friday,Alterado o arquivo Readme.md,outro,geral
cisco,4d55698,2025-04-25,2025-W16,2025-04,Friday,Alterado o arquivo Readme.md,outro,geral
cisco,5027cb3,2025-04-25,2025-W16,2025-04,Friday,Alterado o arquivo Readme.md,outro,geral
cisco,3fa24d4,2025-04-25,2025-W16,2025-04,Friday,Alterado o arquivo Readme.md,outro,geral
cisco,761b85d,2025-04-25,2025-W16,2025-04,Friday,Alterado o arquivo Readme.md,outro,geral
cisco,a6dbd92,2025-04-25,2025-W16,2025-04,Friday,Alterado o arquivo Readme.md,outro,geral
cisco,2d39e02,2025-04-25,2025-W16,2025-04,Friday,Alterado o arquivo Readme.md,outro,geral
cisco,f611c48,2025-04-24,2025-W16,2025-04,Thursday,Alterado o arquivo Readme.md,outro,geral
cisco,6a44a4e,2025-04-24,2025-W16,2025-04,Thursday,Alterado o arquivo Readme.md,outro,geral
cisco,5de40ba,2025-04-24,2025-W16,2025-04,Thursday,Alterado o arquivo Readme.md,outro,geral
cisco,ad5fa93,2025-04-24,2025-W16,2025-04,Thursday,Adicioanado a pasta 10,outro,geral
cisco,3ef42f6,2025-04-22,2025-W16,2025-04,Tuesday,Alterado o arquivo Readme.md,outro,geral
cisco,a23c826,2025-04-22,2025-W16,2025-04,Tuesday,Alterado o arquivo Readme.md,outro,geral
cisco,44eaeb8,2025-04-22,2025-W16,2025-04,Tuesday,Alterado o arquivo Readme.md,outro,geral
cisco,dd7fa52,2025-04-22,2025-W16,2025-04,Tuesday,Alterado o arquivo Readme.md,outro,geral
cisco,d06bc55,2025-04-22,2025-W16,2025-04,Tuesday,Alterado o arquivo Readme.md,outro,geral
cisco,6b637c3,2025-04-22,2025-W16,2025-04,Tuesday,Alterado o arquivo Readme.md,outro,geral
cisco,cdc969f,2025-04-22,2025-W16,2025-04,Tuesday,Alterado o arquivo Readme.md,outro,geral
cisco,f3b6788,2025-04-22,2025-W16,2025-04,Tuesday,Alterado o arquivo Readme.md,outro,geral
cisco,2594c32,2025-04-22,2025-W16,2025-04,Tuesday,Alterado o arquivo Readme.md,outro,geral
cisco,402e11c,2025-04-22,2025-W16,2025-04,Tuesday,Alterado o arquivo Readme.md,outro,geral
cisco,266fb73,2025-04-22,2025-W16,2025-04,Tuesday,Alterado o arquivo Readme.md,outro,geral
cisco,3277358,2025-04-22,2025-W16,2025-04,Tuesday,"Alterado os nomes das pastas 06, 07, 08 e 09.md",outro,geral
cisco,4c58cec,2025-04-22,2025-W16,2025-04,Tuesday,Alterado o arquivo Readme.md,outro,geral
cisco,1795c90,2025-04-22,2025-W16,2025-04,Tuesday,Alterado o arquivo Readme.md,outro,geral
cisco,c5beb71,2025-04-21,2025-W16,2025-04,Monday,Alterado o arquivo Readme.md,outro,geral
cisco,05594a2,2025-04-21,2025-W16,2025-04,Monday,Alterado o arquivo Readme.md,outro,geral
cisco,e82a2dd,2025-04-21,2025-W16,2025-04,Monday,Alterado o arquivo Readme.md,outro,geral
cisco,566a9b7,2025-04-21,2025-W16,2025-04,Monday,Alterado o arquivo Readme.md,outro,geral
cisco,254bae1,2025-04-21,2025-W16,2025-04,Monday,Alterado o arquivo Readme.md,outro,geral
cisco,45dfa91,2025-04-21,2025-W16,2025-04,Monday,Alterado o arquivo Readme.md,outro,geral
cisco,19174dc,2025-04-21,2025-W16,2025-04,Monday,Alterado o arquivo Readme.md,outro,geral
cisco,63ad13d,2025-04-20,2025-W15,2025-04,Sunday,Alterado o arquivo Readme.md,outro,geral
cisco,561bdff,2025-04-20,2025-W15,2025-04,Sunday,Adicionado a pasta 08 - Python - Basico 04,outro,geral
cisco,14d64f5,2025-04-19,2025-W15,2025-04,Saturday,Alterado 07 - Python - Basico 02 e 08 - Python - Basico 03,outro,geral
cisco,8ff1ce4,2025-04-19,2025-W15,2025-04,Saturday,Alterado o arquivo Readme.md,outro,geral
cisco,0c56ea8,2025-04-19,2025-W15,2025-04,Saturday,Alterado o arquivo Readme.md,outro,geral
cisco,baa1fd2,2025-04-19,2025-W15,2025-04,Saturday,Alterado o arquivo Readme.md,outro,geral
cisco,169ce19,2025-04-19,2025-W15,2025-04,Saturday,Alterado o arquivo Readme.md,outro,geral
cisco,dde7e44,2025-04-19,2025-W15,2025-04,Saturday,Alterado o arquivo Readme.md,outro,geral
cisco,f274c87,2025-04-19,2025-W15,2025-04,Saturday,Alterado o arquivo Readme.md,outro,geral
cisco,f9f836e,2025-04-19,2025-W15,2025-04,Saturday,Alterado o arquivo Readme.md,outro,geral
cisco,fc176d4,2025-04-19,2025-W15,2025-04,Saturday,Alterado o arquivo Readme.md,outro,geral
cisco,c9c2825,2025-04-18,2025-W15,2025-04,Friday,Alterado o arquivo Readme.md,outro,geral
cisco,f5c5375,2025-04-18,2025-W15,2025-04,Friday,Alterado o arquivo Readme.md,outro,geral
cisco,2203f45,2025-04-18,2025-W15,2025-04,Friday,Alterado o arquivo Readme.md,outro,geral
cisco,5762416,2025-04-18,2025-W15,2025-04,Friday,Alterado o arquivo Readme.md,outro,geral
cisco,3a11494,2025-04-18,2025-W15,2025-04,Friday,Alterado o arquivo Readme.md,outro,geral
cisco,db4ab30,2025-04-17,2025-W15,2025-04,Thursday,Alterado o arquivo Readme.md,outro,geral
cisco,81ae729,2025-04-17,2025-W15,2025-04,Thursday,Alterado o arquivo Readme.md,outro,geral
cisco,f00d40f,2025-04-17,2025-W15,2025-04,Thursday,Alterado o arquivo Readme.md,outro,geral
cisco,830efcd,2025-04-17,2025-W15,2025-04,Thursday,Alterado o arquivo Readme.md,outro,geral
cisco,01b6a83,2025-04-17,2025-W15,2025-04,Thursday,Alterado o arquivo Readme.md,outro,geral
cisco,084f217,2025-04-17,2025-W15,2025-04,Thursday,Adicionado a pasta 07 - Python - Basico 02.md,outro,geral
cisco,9bf801f,2025-04-16,2025-W15,2025-04,Wednesday,Aletrado o arquivo README.md,outro,geral
cisco,5048888,2025-04-16,2025-W15,2025-04,Wednesday,Aletrado o arquivo README.md,outro,geral
cisco,a969d17,2025-04-16,2025-W15,2025-04,Wednesday,Aletrado o arquivo README.md,outro,geral
cisco,5c2cadc,2025-04-16,2025-W15,2025-04,Wednesday,Aletrado o arquivo README.md,outro,geral
cisco,4f856bb,2025-04-16,2025-W15,2025-04,Wednesday,Aletrado o arquivo README.md,outro,geral
cisco,11b281b,2025-04-16,2025-W15,2025-04,Wednesday,Aletrado o arquivo README.md,outro,geral
cisco,4c3e99c,2025-04-14,2025-W15,2025-04,Monday,Adicionado a pasta 06 - Python Basico,outro,geral
cisco,4ff6831,2025-04-14,2025-W15,2025-04,Monday,Adicionado a pasta 06 - Python Basico,outro,geral
cisco,f949825,2025-04-14,2025-W15,2025-04,Monday,Adicionado a pasta 06 - Python Basico,outro,geral
cisco,233c79c,2025-04-14,2025-W15,2025-04,Monday,Adicionado a pasta 06 - Python Basico,outro,geral
cisco,86f66aa,2025-04-14,2025-W15,2025-04,Monday,Adicionado a pasta 06 - Python Basico,outro,geral
cisco,a669d36,2025-04-14,2025-W15,2025-04,Monday,Adicionado a pasta 06 - Python Basico,outro,geral
cisco,5856840,2025-04-14,2025-W15,2025-04,Monday,Adicionado a pasta 06 - Python Basico,outro,geral
cisco,e184ad1,2025-04-14,2025-W15,2025-04,Monday,Adicionado a pasta 06 - Python Basico,outro,geral
cisco,e5c723b,2025-04-14,2025-W15,2025-04,Monday,Adicionado a pasta 06 - Python Basico,outro,geral
cisco,017e41d,2025-04-14,2025-W15,2025-04,Monday,Adicionado a pasta 06 - Python Basico,outro,geral
cisco,4fb6a50,2025-04-14,2025-W15,2025-04,Monday,Adicionado a pasta 06 - Python Basico,outro,geral
cisco,0b59708,2025-04-13,2025-W14,2025-04,Sunday,Adicionado a pasta 06 - Python Basico,outro,geral
cisco,5750aaf,2025-04-13,2025-W14,2025-04,Sunday,Adicionado a pasta 06 - Python Basico,outro,geral
cisco,f4d472e,2025-04-13,2025-W14,2025-04,Sunday,Adicionado a pasta 06 - Python Basico,outro,geral
cisco,b4dbddd,2025-04-13,2025-W14,2025-04,Sunday,Adicionado a pasta 06 - Python Basico,outro,geral
cisco,cd1a5bd,2025-04-13,2025-W14,2025-04,Sunday,Adicionado a pasta 06 - Python Basico,outro,geral
cisco,21f19f4,2025-04-13,2025-W14,2025-04,Sunday,Adicionado a pasta 06 - Python Basico,outro,geral
cisco,26b21ba,2025-04-12,2025-W14,2025-04,Saturday,Alterado o readme.md,outro,geral
cisco,f19c875,2025-04-12,2025-W14,2025-04,Saturday,Alterado o readme.md,outro,geral
cisco,2242856,2025-04-12,2025-W14,2025-04,Saturday,Alterado o readme.md,outro,geral
cisco,03be030,2025-04-12,2025-W14,2025-04,Saturday,Alterado o readme.md,outro,geral
cisco,32c8980,2025-04-12,2025-W14,2025-04,Saturday,Alterado o readme.md,outro,geral
cisco,64473f1,2025-04-12,2025-W14,2025-04,Saturday,Alterado o readme.md,outro,geral
cisco,cae06f6,2025-04-12,2025-W14,2025-04,Saturday,Alterado o readme.md,outro,geral
cisco,29b1fb7,2025-04-12,2025-W14,2025-04,Saturday,Alterado o readme.md,outro,geral
cisco,7a13d22,2025-04-12,2025-W14,2025-04,Saturday,Alterado o readme.md,outro,geral
cisco,3bb3fb5,2025-04-11,2025-W14,2025-04,Friday,Alterado o readme.md,outro,geral
cisco,31140a9,2025-04-11,2025-W14,2025-04,Friday,Alterado o readme.md,outro,geral
cisco,9ec5f65,2025-04-11,2025-W14,2025-04,Friday,Alterado o readme.md,outro,geral
cisco,186e69c,2025-04-11,2025-W14,2025-04,Friday,Alterado o readme.md,outro,geral
cisco,1447299,2025-04-11,2025-W14,2025-04,Friday,Alterado o readme.md,outro,geral
cisco,c614d00,2025-04-11,2025-W14,2025-04,Friday,Alterado o readme.md,outro,geral
cisco,5afa5d0,2025-04-11,2025-W14,2025-04,Friday,Alterado o readme.md,outro,geral
cisco,4ac2eb5,2025-04-11,2025-W14,2025-04,Friday,Alterado o readme.md,outro,geral
cisco,27fc84c,2025-04-10,2025-W14,2025-04,Thursday,Alterado o readme.md,outro,geral
cisco,526a7c4,2025-04-10,2025-W14,2025-04,Thursday,Alterado o readme.md,outro,geral
cisco,da67395,2025-04-10,2025-W14,2025-04,Thursday,Alterado o readme.md,outro,geral
cisco,03e809f,2025-04-10,2025-W14,2025-04,Thursday,Alterado o readme.md,outro,geral
cisco,fa17c47,2025-04-10,2025-W14,2025-04,Thursday,Alterado o readme.md,outro,geral
cisco,d8d6119,2025-04-10,2025-W14,2025-04,Thursday,Alterado o readme.md,outro,geral
cisco,56e38e3,2025-04-10,2025-W14,2025-04,Thursday,Alterado o readme.md,outro,geral
cisco,aa74d79,2025-04-10,2025-W14,2025-04,Thursday,Alterado o readme.md,outro,geral
cisco,1bc1df6,2025-04-10,2025-W14,2025-04,Thursday,Alterado o readme.md,outro,geral
cisco,85ff233,2025-04-10,2025-W14,2025-04,Thursday,Alterado o readme.md,outro,geral
cisco,15d183c,2025-04-10,2025-W14,2025-04,Thursday,Alterado o readme.md,outro,geral
cisco,d5c6780,2025-04-10,2025-W14,2025-04,Thursday,Alterado o readme.md,outro,geral
cisco,fb1ab1e,2025-04-10,2025-W14,2025-04,Thursday,Alterado o readme.md,outro,geral
cisco,4e9d218,2025-04-10,2025-W14,2025-04,Thursday,Alterado o readme.md,outro,geral
cisco,4d93185,2025-04-10,2025-W14,2025-04,Thursday,Alterado o readme.md,outro,geral
cisco,7d60529,2025-04-10,2025-W14,2025-04,Thursday,Alterado o readme.md,outro,geral
cisco,9f969ff,2025-04-10,2025-W14,2025-04,Thursday,Alterado o readme.md,outro,geral
cisco,fe95462,2025-04-10,2025-W14,2025-04,Thursday,Alterado o readme.md,outro,geral
cisco,94aa5f4,2025-04-10,2025-W14,2025-04,Thursday,Alterado o readme.md,outro,geral
cisco,fc2e70b,2025-04-10,2025-W14,2025-04,Thursday,Alterado o readme.md,outro,geral
cisco,ed82cab,2025-04-10,2025-W14,2025-04,Thursday,Alterado o readme.md,outro,geral
cisco,548eed4,2025-04-09,2025-W14,2025-04,Wednesday,Alterado o readme.md,outro,geral
cisco,de9e2b7,2025-04-09,2025-W14,2025-04,Wednesday,Alterado o readme.md,outro,geral
cisco,f3380aa,2025-04-09,2025-W14,2025-04,Wednesday,Alterado o readme.md,outro,geral
cisco,111eea4,2025-04-09,2025-W14,2025-04,Wednesday,adicionado a pasta 05- Python - Ambientes virtuais,outro,geral
cisco,cc6e8dd,2025-03-30,2025-W12,2025-03,Sunday,Alterado o arquivo Readme.md,outro,geral
cisco,d7acc58,2025-03-30,2025-W12,2025-03,Sunday,Alterado o arquivo Readme.md,outro,geral
cisco,90c6ad6,2025-03-30,2025-W12,2025-03,Sunday,Alterado o arquivo Readme.md,outro,geral
cisco,67ad2ad,2025-03-30,2025-W12,2025-03,Sunday,Alterado o arquivo Readme.md,outro,geral
cisco,6dd3147,2025-03-30,2025-W12,2025-03,Sunday,Alterado o arquivo Readme.md,outro,geral
cisco,2be2026,2025-03-30,2025-W12,2025-03,Sunday,Alterado o arquivo Readme.md,outro,geral
cisco,f1ae48a,2025-03-30,2025-W12,2025-03,Sunday,Alterado o arquivo Readme.md,outro,geral
cisco,5ba15fb,2025-03-30,2025-W12,2025-03,Sunday,Alterado o arquivo Readme.md,outro,geral
cisco,5561aa9,2025-03-30,2025-W12,2025-03,Sunday,Alterado o arquivo Readme.md,outro,geral
cisco,60be510,2025-03-28,2025-W12,2025-03,Friday,Alterado o arquivo Readme.md,outro,geral
cisco,06c9204,2025-03-28,2025-W12,2025-03,Friday,Alterado o arquivo Readme.md,outro,geral
cisco,d232a38,2025-03-28,2025-W12,2025-03,Friday,Alterado o arquivo Readme.md,outro,geral
cisco,5bb74ee,2025-03-28,2025-W12,2025-03,Friday,Alterado o arquivo Readme.md,outro,geral
cisco,cb5b618,2025-03-28,2025-W12,2025-03,Friday,Alterado o arquivo Readme.md,outro,geral
cisco,e3f6a5e,2025-03-28,2025-W12,2025-03,Friday,Alterado o arquivo Readme.md,outro,geral
cisco,afe74ad,2025-03-28,2025-W12,2025-03,Friday,Alterado o arquivo Readme.md,outro,geral
cisco,a492131,2025-03-28,2025-W12,2025-03,Friday,Alterado o arquivo Readme.md,outro,geral
cisco,0becf4e,2025-03-28,2025-W12,2025-03,Friday,Alterado o arquivo Readme.md,outro,geral
cisco,a328ef6,2025-03-28,2025-W12,2025-03,Friday,Alterado o arquivo Readme.md,outro,geral
cisco,7210b22,2025-03-28,2025-W12,2025-03,Friday,Alterado o arquivo Readme.md,outro,geral
cisco,1e89281,2025-03-28,2025-W12,2025-03,Friday,Alterado o arquivo Readme.md,outro,geral
cisco,fa870e3,2025-03-28,2025-W12,2025-03,Friday,Alterado o arquivo Readme.md,outro,geral
cisco,2007900,2025-03-28,2025-W12,2025-03,Friday,Adicionado a pasta 04 - IDE -Vscode,outro,geral
cisco,31c2428,2025-03-28,2025-W12,2025-03,Friday,Alterado o arquivo Readme.md,outro,geral
cisco,e26327f,2025-03-28,2025-W12,2025-03,Friday,Alterado o arquivo Readme.md,outro,geral
cisco,3eb35ea,2025-03-27,2025-W12,2025-03,Thursday,Alterado o nome da pasta 03 - IDEs para 03 - IDE - Notpad++.md,outro,geral
cisco,f79baf0,2025-03-27,2025-W12,2025-03,Thursday,Alterado o arquivo Readme.md,outro,geral
cisco,52bac81,2025-03-27,2025-W12,2025-03,Thursday,Alterado o arquivo Readme.md,outro,geral
cisco,fd28483,2025-03-27,2025-W12,2025-03,Thursday,Alterado o arquivo Readme.md,outro,geral
cisco,e5c2649,2025-03-27,2025-W12,2025-03,Thursday,Alterado o arquivo Readme.md,outro,geral
cisco,4d9dccb,2025-03-27,2025-W12,2025-03,Thursday,Alterado o arquivo Readme.md,outro,geral
cisco,048fc84,2025-03-27,2025-W12,2025-03,Thursday,Alterado o arquivo Readme.md,outro,geral
cisco,10e5be3,2025-03-27,2025-W12,2025-03,Thursday,Alterado o arquivo Readme.md,outro,geral
cisco,f68dea4,2025-03-27,2025-W12,2025-03,Thursday,Alterado o arquivo Readme.md,outro,geral
cisco,278b5d9,2025-03-26,2025-W12,2025-03,Wednesday,Alterado o arquivo Readme.md,outro,geral
cisco,cbf1d37,2025-03-26,2025-W12,2025-03,Wednesday,Alterado o arquivo Readme.md,outro,geral
cisco,61dafbf,2025-03-26,2025-W12,2025-03,Wednesday,Alterado o arquivo Readme.md,outro,geral
cisco,72f9227,2025-03-26,2025-W12,2025-03,Wednesday,Alterado o arquivo Readme.md,outro,geral
cisco,2d8f35a,2025-03-26,2025-W12,2025-03,Wednesday,Alterado o arquivo Readme.md,outro,geral
cisco,f103814,2025-03-26,2025-W12,2025-03,Wednesday,Alterado o arquivo Readme.md,outro,geral
cisco,96120e3,2025-03-26,2025-W12,2025-03,Wednesday,Alterado o arquivo Readme.md,outro,geral
cisco,49c0c22,2025-03-26,2025-W12,2025-03,Wednesday,Alterado o arquivo Readme.md,outro,geral
cisco,9834857,2025-03-26,2025-W12,2025-03,Wednesday,Alterado o arquivo Readme.md,outro,geral
cisco,3b56064,2025-03-26,2025-W12,2025-03,Wednesday,Alterado o arquivo Readme.md,outro,geral
cisco,8ede7e2,2025-03-26,2025-W12,2025-03,Wednesday,Alterado o arquivo Readme.md,outro,geral
cisco,44487d0,2025-03-26,2025-W12,2025-03,Wednesday,Alterado o arquivo Readme.md,outro,geral
cisco,8a680cf,2025-03-26,2025-W12,2025-03,Wednesday,Alterado o arquivo Readme.md,outro,geral
cisco,f869125,2025-03-26,2025-W12,2025-03,Wednesday,Alterado o arquivo Readme.md,outro,geral
cisco,00652fd,2025-03-26,2025-W12,2025-03,Wednesday,Alterado o arquivo Readme.md,outro,geral
cisco,4224906,2025-03-26,2025-W12,2025-03,Wednesday,Alterado o arquivo Readme.md,outro,geral
cisco,396d288,2025-03-26,2025-W12,2025-03,Wednesday,Adicionado a pasta IDEs e Alterado o arquivo Readme.md,outro,geral
cisco,80bdb5d,2025-03-26,2025-W12,2025-03,Wednesday,Adicionado a pasta IDEs e Alterado o arquivo Readme.md,outro,geral
cisco,8064897,2025-03-25,2025-W12,2025-03,Tuesday,Alterado o arquivo Readme.md,outro,geral
cisco,c81c7f8,2025-03-25,2025-W12,2025-03,Tuesday,Alterado o arquivo Readme.md,outro,geral
cisco,35e1bad,2025-03-25,2025-W12,2025-03,Tuesday,Alterado o arquivo Readme.md,outro,geral
cisco,8983eeb,2025-03-25,2025-W12,2025-03,Tuesday,Alterado o arquivo Readme.md,outro,geral
cisco,e549cea,2025-03-25,2025-W12,2025-03,Tuesday,Alterado o arquivo Readme.md,outro,geral
cisco,08120fc,2025-03-25,2025-W12,2025-03,Tuesday,Alterado o arquivo Readme.md,outro,geral
cisco,b0b3025,2025-03-25,2025-W12,2025-03,Tuesday,Alterado o arquivo Readme.md,outro,geral
cisco,17c8c6b,2025-03-25,2025-W12,2025-03,Tuesday,Alterado o arquivo Readme.md,outro,geral
cisco,50fa868,2025-03-25,2025-W12,2025-03,Tuesday,Alterado o arquivo Readme.md,outro,geral
cisco,45bb1dc,2025-03-25,2025-W12,2025-03,Tuesday,Alterado o arquivo Readme.md,outro,geral
cisco,d9eca40,2025-03-25,2025-W12,2025-03,Tuesday,Acertado estrutura de pastas.,outro,geral
cisco,b98e7a5,2025-03-25,2025-W12,2025-03,Tuesday,Acertado estrutura de pastas.,outro,geral
cisco,e257b10,2025-03-25,2025-W12,2025-03,Tuesday,Acertado estrutura de pastas.,outro,geral
cisco,cdf7904,2025-03-25,2025-W12,2025-03,Tuesday,Acertado estrutura de pastas.,outro,geral
cisco,ba34309,2025-03-24,2025-W12,2025-03,Monday,Acertado estrutura de pastas.,outro,geral
cisco,a252c20,2025-03-24,2025-W12,2025-03,Monday,Acertado estrutura de pastas.,outro,geral
cisco,c9b1c54,2025-03-24,2025-W12,2025-03,Monday,Acertado estrutura de pastas.,outro,geral
cisco,506f591,2025-03-24,2025-W12,2025-03,Monday,Acertado estrutura de pastas.,outro,geral
cisco,1c1ec44,2025-03-24,2025-W12,2025-03,Monday,Acertado estrutura de pastas.,outro,geral
cisco,3a18ee1,2025-03-24,2025-W12,2025-03,Monday,Alterado o Readme.md,outro,geral
cisco,d6008f9,2025-03-24,2025-W12,2025-03,Monday,Alterado o Readme.md,outro,geral
cisco,de95f68,2025-03-24,2025-W12,2025-03,Monday,Alterado o Readme.md da sessão Python,outro,geral
cisco,be6f147,2025-03-24,2025-W12,2025-03,Monday,Alterado o Readme.md da sessão Python,outro,geral
cisco,bca4baa,2025-03-24,2025-W12,2025-03,Monday,Alterado o Readme.md,outro,geral
cisco,eee0723,2025-03-24,2025-W12,2025-03,Monday,Alterado o Readme.md,outro,geral
cisco,2e4de5b,2025-03-24,2025-W12,2025-03,Monday,Alterado o Readme.md,outro,geral
cisco,0dacaa8,2025-03-24,2025-W12,2025-03,Monday,Alterado o Readme.md,outro,geral
cisco,40cbebd,2025-03-24,2025-W12,2025-03,Monday,Alterado o Readme.md,outro,geral
cisco,7822a30,2025-03-24,2025-W12,2025-03,Monday,Alterado o Readme.md,outro,geral
cisco,cce4ea2,2025-03-24,2025-W12,2025-03,Monday,Alterado o Readme.md,outro,geral
cisco,6112d81,2025-03-24,2025-W12,2025-03,Monday,Alterado o Readme.md,outro,geral
cisco,fe3ce80,2025-03-24,2025-W12,2025-03,Monday,Alterado o Readme.md,outro,geral
cisco,4e01255,2025-03-24,2025-W12,2025-03,Monday,Alterado o Readme.md,outro,geral
cisco,98a5525,2025-03-22,2025-W11,2025-03,Saturday,Alterado o Readme.md,outro,geral
cisco,a1b69b9,2025-03-22,2025-W11,2025-03,Saturday,Alterado o Readme.md,outro,geral
cisco,5ea506b,2025-03-21,2025-W11,2025-03,Friday,Alterado o Readme.md,outro,geral
cisco,3ff68cd,2025-03-21,2025-W11,2025-03,Friday,Alterado o Readme.md,outro,geral
cisco,5cef72d,2025-03-21,2025-W11,2025-03,Friday,Alterado o Readme.md,outro,geral
cisco,7b4bbc3,2025-03-21,2025-W11,2025-03,Friday,Alterado o Readme.md,outro,geral
cisco,fe3eed5,2025-03-21,2025-W11,2025-03,Friday,Alterado o Readme.md,outro,geral
cisco,2db5e71,2025-03-21,2025-W11,2025-03,Friday,Alterado o Readme.md,outro,geral
cisco,d48032b,2025-03-21,2025-W11,2025-03,Friday,Alterado o Readme.md,outro,geral
cisco,2f54a56,2025-03-20,2025-W11,2025-03,Thursday,Alterado o Readme.md,outro,geral
cisco,b2ae797,2025-03-20,2025-W11,2025-03,Thursday,Alterado o Readme.md,outro,geral
cisco,d1c910e,2025-03-20,2025-W11,2025-03,Thursday,Alterado o Readme.md,outro,geral
cisco,8c0e144,2025-03-20,2025-W11,2025-03,Thursday,Alterado o Readme.md,outro,geral
cisco,5928f07,2025-03-20,2025-W11,2025-03,Thursday,Alterado o Readme.md,outro,geral
cisco,34e469e,2025-03-20,2025-W11,2025-03,Thursday,Alterado o Readme.md,outro,geral
cisco,6a01dce,2025-03-20,2025-W11,2025-03,Thursday,Alterado o Readme.md,outro,geral
cisco,307bc76,2025-03-20,2025-W11,2025-03,Thursday,Alterado o Readme.md,outro,geral
cisco,8927ebc,2025-03-20,2025-W11,2025-03,Thursday,Alterado o Readme.md,outro,geral
cisco,8f1c7bb,2025-03-20,2025-W11,2025-03,Thursday,Alterado o Readme.md,outro,geral
cisco,3205147,2025-03-20,2025-W11,2025-03,Thursday,Alterado o Readme.md,outro,geral
cisco,735ae30,2025-03-20,2025-W11,2025-03,Thursday,Alterado o Readme.md,outro,geral
cisco,b6ce789,2025-03-20,2025-W11,2025-03,Thursday,Alterado o Readme.md,outro,geral
cisco,8b63d37,2025-03-20,2025-W11,2025-03,Thursday,Alterado o Readme.md,outro,geral
cisco,6630432,2025-03-20,2025-W11,2025-03,Thursday,Alterado o Readme.md,outro,geral
cisco,0936b1d,2025-03-20,2025-W11,2025-03,Thursday,Alterado o Readme.md,outro,geral
cisco,b600d10,2025-03-20,2025-W11,2025-03,Thursday,Alterado o Readme.md,outro,geral
cisco,cbdb7ea,2025-03-20,2025-W11,2025-03,Thursday,Alterado o Readme.md,outro,geral
cisco,7e762d2,2025-03-20,2025-W11,2025-03,Thursday,Alterado o Readme.md,outro,geral
cisco,661d451,2025-03-20,2025-W11,2025-03,Thursday,Alterado o Readme.md,outro,geral
cisco,2da1cae,2025-03-20,2025-W11,2025-03,Thursday,Alterado o Readme.md,outro,geral
cisco,da85d5c,2025-03-20,2025-W11,2025-03,Thursday,Alterado o Readme.md,outro,geral
cisco,e911a13,2025-03-20,2025-W11,2025-03,Thursday,Alterado o Readme.md,outro,geral
cisco,f50d219,2025-03-20,2025-W11,2025-03,Thursday,Alterado o Readme.md,outro,geral
cisco,cec4cd1,2025-03-20,2025-W11,2025-03,Thursday,Alterado o Readme.md,outro,geral
cisco,c9f15cf,2025-03-20,2025-W11,2025-03,Thursday,Alterado o Readme.md,outro,geral
cisco,4b4ac81,2025-03-20,2025-W11,2025-03,Thursday,Alterado o Readme.md,outro,geral
cisco,90f826d,2025-03-20,2025-W11,2025-03,Thursday,Alterado o Readme.md,outro,geral
cisco,3e874a0,2025-03-16,2025-W10,2025-03,Sunday,Alterado o Readme.md,outro,geral
cisco,4083084,2025-03-16,2025-W10,2025-03,Sunday,Alterado o Readme.md,outro,geral
cisco,c5fe7e7,2025-03-16,2025-W10,2025-03,Sunday,Alterado o Readme.md,outro,geral
cisco,772b87b,2025-03-16,2025-W10,2025-03,Sunday,Alterado o Readme.md,outro,geral
cisco,f6fd693,2025-03-16,2025-W10,2025-03,Sunday,Alterado o Readme.md,outro,geral
cisco,88d7f72,2025-03-16,2025-W10,2025-03,Sunday,Alterado o Readme.md,outro,geral
cisco,125c2ba,2025-03-16,2025-W10,2025-03,Sunday,Alterado o Readme.md,outro,geral
cisco,35a5b04,2025-03-16,2025-W10,2025-03,Sunday,Alterado o Readme.md,outro,geral
cisco,d7727df,2025-03-16,2025-W10,2025-03,Sunday,Alterado o Readme.md,outro,geral
cisco,5fa773a,2025-03-16,2025-W10,2025-03,Sunday,Alterado o Readme.md,outro,geral
cisco,4c71581,2025-03-16,2025-W10,2025-03,Sunday,Alterado o Readme.md,outro,geral
cisco,c03e4eb,2025-03-16,2025-W10,2025-03,Sunday,Alterado o Readme.md,outro,geral
cisco,29966db,2025-03-16,2025-W10,2025-03,Sunday,Alterado o Readme.md,outro,geral
cisco,c616c32,2025-03-16,2025-W10,2025-03,Sunday,Alterado o Readme.md,outro,geral
cisco,bd4404b,2025-03-16,2025-W10,2025-03,Sunday,Alterado o Readme.md,outro,geral
cisco,036c8b0,2025-03-16,2025-W10,2025-03,Sunday,Alterado o Readme.md,outro,geral
cisco,0205c51,2025-03-16,2025-W10,2025-03,Sunday,Alterado o Readme.md,outro,geral
cisco,0d094b4,2025-03-16,2025-W10,2025-03,Sunday,Alterado o Readme.md,outro,geral
cisco,381db85,2025-03-16,2025-W10,2025-03,Sunday,Alterado o Readme.md,outro,geral
cisco,d12aeeb,2025-03-16,2025-W10,2025-03,Sunday,Alterado o Readme.md,outro,geral
cisco,b4e04b9,2025-03-16,2025-W10,2025-03,Sunday,Alterado o Readme.md,outro,geral
cisco,0d05c31,2025-03-16,2025-W10,2025-03,Sunday,Alterado o Readme.md,outro,geral
cisco,afa308f,2025-03-16,2025-W10,2025-03,Sunday,Alterado o Readme.md,outro,geral
cisco,a84c67d,2025-03-16,2025-W10,2025-03,Sunday,Removido imagens,outro,geral
cisco,6317228,2025-03-16,2025-W10,2025-03,Sunday,Adicionado a pasta 03 - SSH Configuracoes e Hardenering,outro,geral
cisco,855ed83,2025-03-15,2025-W10,2025-03,Saturday,Alterado o Readme.md,outro,geral
cisco,b37e0d2,2025-03-15,2025-W10,2025-03,Saturday,Alterado o Readme.md,outro,geral
cisco,67afc76,2025-03-15,2025-W10,2025-03,Saturday,Alterado o Readme.md,outro,geral
cisco,085c43f,2025-03-15,2025-W10,2025-03,Saturday,Alterado o Readme.md,outro,geral
cisco,d203561,2025-03-15,2025-W10,2025-03,Saturday,Alterado o Readme.md,outro,geral
cisco,a0f31a2,2025-03-15,2025-W10,2025-03,Saturday,Alterado o Readme.md,outro,geral
cisco,a7f4f20,2025-03-14,2025-W10,2025-03,Friday,Alterado o Readme.md,outro,geral
cisco,d72b086,2025-03-14,2025-W10,2025-03,Friday,Alterado o Readme.md,outro,geral
cisco,ada69b5,2025-03-10,2025-W10,2025-03,Monday,Alterado o Readme.md,outro,geral
cisco,742e48c,2025-03-10,2025-W10,2025-03,Monday,Alterado o Readme.md,outro,geral
cisco,bb21185,2025-03-10,2025-W10,2025-03,Monday,Alterado o Readme.md,outro,geral
cisco,ecea227,2025-03-10,2025-W10,2025-03,Monday,Alterado o Readme.md,outro,geral
cisco,dbaa19a,2025-03-10,2025-W10,2025-03,Monday,Alterado o Readme.md,outro,geral
cisco,f3fb210,2025-03-10,2025-W10,2025-03,Monday,Alterado o Readme.md,outro,geral
cisco,c3da8ef,2025-03-10,2025-W10,2025-03,Monday,Alterado o Readme.md,outro,geral
cisco,dbfd6c7,2025-03-06,2025-W09,2025-03,Thursday,Alterado o Readme.md,outro,geral
cisco,7aca634,2025-03-06,2025-W09,2025-03,Thursday,Alterado o Readme.md,outro,geral
cisco,dcef61d,2025-03-06,2025-W09,2025-03,Thursday,Alterado o Readme.md,outro,geral
cisco,003117e,2025-03-06,2025-W09,2025-03,Thursday,Alterado o Readme.md,outro,geral
cisco,78f5ffa,2025-03-06,2025-W09,2025-03,Thursday,Alterado o Readme.md,outro,geral
cisco,e363f85,2025-03-06,2025-W09,2025-03,Thursday,Alterado o Readme.md,outro,geral
cisco,3f8846c,2025-03-06,2025-W09,2025-03,Thursday,Alterado o Readme.md,outro,geral
cisco,4b14bf5,2025-03-06,2025-W09,2025-03,Thursday,Alterado o Readme.md,outro,geral
cisco,c63ab94,2025-03-06,2025-W09,2025-03,Thursday,Alterado o Readme.md,outro,geral
cisco,eac74bd,2025-03-06,2025-W09,2025-03,Thursday,Alterado o Readme.md,outro,geral
cisco,aff9fbf,2025-03-06,2025-W09,2025-03,Thursday,Alterado o Readme.md,outro,geral
cisco,28f4760,2025-03-06,2025-W09,2025-03,Thursday,Alterado o Readme.md,outro,geral
cisco,9d9c24c,2025-03-06,2025-W09,2025-03,Thursday,Alterado o Readme.md,outro,geral
cisco,dfa9738,2025-03-06,2025-W09,2025-03,Thursday,Alterado o Readme.md,outro,geral
cisco,04537ca,2025-03-06,2025-W09,2025-03,Thursday,Alterado o Readme.md,outro,geral
cisco,cc2e267,2025-03-06,2025-W09,2025-03,Thursday,Alterado o Readme.md,outro,geral
cisco,b69d254,2025-03-06,2025-W09,2025-03,Thursday,Alterado o Readme.md,outro,geral
cisco,33b0f58,2025-03-06,2025-W09,2025-03,Thursday,Alterado o Readme.md,outro,geral
cisco,890c064,2025-03-06,2025-W09,2025-03,Thursday,Alterado o Readme.md,outro,geral
cisco,d2bca72,2025-03-06,2025-W09,2025-03,Thursday,Alterado o Readme.md,outro,geral
cisco,b4cc55d,2025-03-06,2025-W09,2025-03,Thursday,Alterado o Readme.md,outro,geral
cisco,cd82733,2025-03-06,2025-W09,2025-03,Thursday,Alterado o Readme.md,outro,geral
cisco,1c300e3,2025-03-06,2025-W09,2025-03,Thursday,Alterado o Readme.md,outro,geral
cisco,d7acf73,2025-03-06,2025-W09,2025-03,Thursday,Alterado o Readme.md,outro,geral
cisco,386442b,2025-03-06,2025-W09,2025-03,Thursday,Acertado pastas de servicos. Adicionado pasta telnet e pasta ssh,outro,geral
cisco,962f590,2025-03-04,2025-W09,2025-03,Tuesday,Alterado o reademe.md,outro,geral
cisco,6518a6f,2025-03-04,2025-W09,2025-03,Tuesday,Alterado o reademe.md,outro,geral
cisco,f67f7b8,2025-03-04,2025-W09,2025-03,Tuesday,Alterado o reademe.md,outro,geral
cisco,dc79101,2025-03-04,2025-W09,2025-03,Tuesday,Alterado o reademe.md,outro,geral
cisco,e81214d,2025-03-04,2025-W09,2025-03,Tuesday,Alterado o reademe.md,outro,geral
cisco,77496f6,2025-03-04,2025-W09,2025-03,Tuesday,Alterado o reademe.md,outro,geral
cisco,80fd9e8,2025-03-04,2025-W09,2025-03,Tuesday,Alterado o reademe.md,outro,geral
cisco,02c17c3,2025-03-04,2025-W09,2025-03,Tuesday,Alterado o reademe.md,outro,geral
cisco,b36dee0,2025-03-04,2025-W09,2025-03,Tuesday,Alterado o reademe.md,outro,geral
cisco,90fb738,2025-03-04,2025-W09,2025-03,Tuesday,Alterado o reademe.md,outro,geral
cisco,a9748c7,2025-03-04,2025-W09,2025-03,Tuesday,Alterado o reademe.md,outro,geral
cisco,cf91fa7,2025-03-04,2025-W09,2025-03,Tuesday,Alterado o reademe.md,outro,geral
cisco,5b5c7e0,2025-03-04,2025-W09,2025-03,Tuesday,Alterado o reademe.md,outro,geral
cisco,ce59db4,2025-03-03,2025-W09,2025-03,Monday,Alterado o nome da pasta de 02 - Protocolos para 02 - Servicos,outro,geral
cisco,d3c5b6f,2025-03-03,2025-W09,2025-03,Monday,Alterado o reademe.md,outro,geral
cisco,471447e,2025-03-03,2025-W09,2025-03,Monday,Alterado o reademe.md,outro,geral
cisco,c69748c,2025-03-03,2025-W09,2025-03,Monday,Alterado o reademe.md,outro,geral
cisco,9684bcc,2025-03-03,2025-W09,2025-03,Monday,Alterado o reademe.md,outro,geral
cisco,692e9d0,2025-03-03,2025-W09,2025-03,Monday,Alterado o reademe.md,outro,geral
cisco,6b2135a,2025-03-03,2025-W09,2025-03,Monday,Alterado o reademe.md,outro,geral
cisco,fabc42d,2025-03-03,2025-W09,2025-03,Monday,Adicionado as pastas 01 - Introducao e revisao e 02 - Python dentro de automacao,outro,geral
cisco,c5529d7,2025-01-30,2025-W04,2025-01,Thursday,Alterado o reademe.md,outro,geral
cisco,914d955,2025-01-30,2025-W04,2025-01,Thursday,Alterado o reademe.md,outro,geral
cisco,4c45660,2025-01-30,2025-W04,2025-01,Thursday,Alterado o reademe.md,outro,geral
cisco,cae2f29,2025-01-30,2025-W04,2025-01,Thursday,Alterado o reademe.md,outro,geral
cisco,12c5fd9,2025-01-30,2025-W04,2025-01,Thursday,Alterado o reademe.md,outro,geral
cisco,19dc9d3,2025-01-30,2025-W04,2025-01,Thursday,Alterado o reademe.md,outro,geral
cisco,b6e2c6b,2025-01-30,2025-W04,2025-01,Thursday,Alterado o reademe.md,outro,geral
cisco,1f8f8e0,2025-01-30,2025-W04,2025-01,Thursday,Alterado o reademe.md,outro,geral
cisco,baadb99,2025-01-30,2025-W04,2025-01,Thursday,Alterado o reademe.md,outro,geral
cisco,11890f7,2025-01-30,2025-W04,2025-01,Thursday,Alterado o reademe.md,outro,geral
cisco,94ecbce,2025-01-30,2025-W04,2025-01,Thursday,Alterado o reademe.md,outro,geral
cisco,e352a56,2025-01-30,2025-W04,2025-01,Thursday,Alterado o reademe.md,outro,geral
cisco,1e324c1,2025-01-30,2025-W04,2025-01,Thursday,Alterado o reademe.md,outro,geral
cisco,7af4e93,2025-01-30,2025-W04,2025-01,Thursday,Alterado o reademe.md,outro,geral
cisco,cdb3b0a,2025-01-29,2025-W04,2025-01,Wednesday,Alterado o reademe.md,outro,geral
cisco,495ca43,2025-01-29,2025-W04,2025-01,Wednesday,Alterado o reademe.md,outro,geral
cisco,3838729,2025-01-29,2025-W04,2025-01,Wednesday,Alterado o reademe.md,outro,geral
cisco,67c11a3,2025-01-29,2025-W04,2025-01,Wednesday,Alterado o reademe.md,outro,geral
cisco,1afbdef,2025-01-29,2025-W04,2025-01,Wednesday,Alterado o reademe.md,outro,geral
cisco,a01c93b,2025-01-29,2025-W04,2025-01,Wednesday,Alterado o reademe.md,outro,geral
cisco,2704b4b,2025-01-29,2025-W04,2025-01,Wednesday,Alterado o reademe.md,outro,geral
cisco,0375b88,2025-01-28,2025-W04,2025-01,Tuesday,Acertado pastas do multicast,outro,geral
cisco,11d867c,2025-01-28,2025-W04,2025-01,Tuesday,Adicionado a pasta 02 - IGMP,outro,geral
cisco,15c25c0,2025-01-26,2025-W03,2025-01,Sunday,Alterado o readme.md,outro,geral
cisco,2ed414a,2025-01-26,2025-W03,2025-01,Sunday,Alterado o readme.md,outro,geral
cisco,e99399a,2025-01-26,2025-W03,2025-01,Sunday,Alterado o readme.md,outro,geral
cisco,4861a7d,2025-01-25,2025-W03,2025-01,Saturday,Alterado o Readme.md,outro,geral
cisco,d39b10a,2025-01-25,2025-W03,2025-01,Saturday,Alterado o Readme.md,outro,geral
cisco,f1b6cf3,2025-01-25,2025-W03,2025-01,Saturday,Alterado o Readme.md,outro,geral
cisco,10eefb9,2025-01-25,2025-W03,2025-01,Saturday,Alterado o Readme.md,outro,geral
cisco,34ab6cc,2025-01-25,2025-W03,2025-01,Saturday,Alterado o readme.md,outro,geral
cisco,e450bbd,2025-01-24,2025-W03,2025-01,Friday,Alterado o readme.md,outro,geral
cisco,6743285,2025-01-24,2025-W03,2025-01,Friday,Alterado o readme.md,outro,geral
cisco,69754ab,2025-01-24,2025-W03,2025-01,Friday,Alterado o readme.md,outro,geral
cisco,f794066,2025-01-24,2025-W03,2025-01,Friday,Alterado o readme.md,outro,geral
cisco,32b0aff,2025-01-24,2025-W03,2025-01,Friday,Alterado o readme.md,outro,geral
cisco,9cf7065,2025-01-24,2025-W03,2025-01,Friday,Alterado o readme.md,outro,geral
cisco,1ba3e13,2025-01-22,2025-W03,2025-01,Wednesday,Alterado o readme.md,outro,geral
cisco,e50f630,2025-01-22,2025-W03,2025-01,Wednesday,Alterado o readme.md,outro,geral
cisco,432f39a,2025-01-22,2025-W03,2025-01,Wednesday,Alterado o readme.md,outro,geral
cisco,e691d95,2025-01-22,2025-W03,2025-01,Wednesday,Alterado o readme.md,outro,geral
cisco,113b04c,2025-01-17,2025-W02,2025-01,Friday,Alterado o readme.md,outro,geral
cisco,0be8a5a,2025-01-17,2025-W02,2025-01,Friday,Alterado o readme.md,outro,geral
cisco,8e4a3fb,2025-01-17,2025-W02,2025-01,Friday,Alterado o readme.md,outro,geral
cisco,ad7e838,2025-01-17,2025-W02,2025-01,Friday,Alterado o readme.md,outro,geral
cisco,a526597,2025-01-15,2025-W02,2025-01,Wednesday,Alterado o readme.md,outro,geral
cisco,1948489,2025-01-15,2025-W02,2025-01,Wednesday,Alterado o readme.md,outro,geral
cisco,159fdc0,2025-01-15,2025-W02,2025-01,Wednesday,Alterado o readme.md,outro,geral
cisco,e23277f,2025-01-15,2025-W02,2025-01,Wednesday,Alterado o readme.md,outro,geral
cisco,4a94b20,2025-01-15,2025-W02,2025-01,Wednesday,Alterado o readme.md,outro,geral
cisco,749506c,2025-01-15,2025-W02,2025-01,Wednesday,Alterado o readme.md,outro,geral
cisco,5ce2ef4,2025-01-15,2025-W02,2025-01,Wednesday,Alterado o readme.md,outro,geral
cisco,65efb78,2025-01-15,2025-W02,2025-01,Wednesday,Alterado o readme.md,outro,geral
cisco,6bb2782,2025-01-15,2025-W02,2025-01,Wednesday,Alterado o readme.md,outro,geral
cisco,ec10960,2025-01-15,2025-W02,2025-01,Wednesday,Alterado o readme.md,outro,geral
cisco,d36514c,2025-01-15,2025-W02,2025-01,Wednesday,Alterado o readme.md,outro,geral
cisco,00cb2bb,2025-01-14,2025-W02,2025-01,Tuesday,Alterado o readme.md,outro,geral
cisco,c8ceaae,2025-01-14,2025-W02,2025-01,Tuesday,Alterado o readme.md,outro,geral
cisco,327a194,2025-01-14,2025-W02,2025-01,Tuesday,Alterado o readme.md,outro,geral
cisco,f244d72,2025-01-14,2025-W02,2025-01,Tuesday,Adicionado a pasta Multicast dentro de 03 - Infraestructure,outro,geral
cisco,dc03a3e,2024-03-28,2024-W13,2024-03,Thursday,Alterado nomes de pastas que () e removido (),outro,
cisco,9943524,2024-03-17,2024-W11,2024-03,Sunday,Alterado o arquivo readme.md,outro,geral
cisco,6936575,2024-03-17,2024-W11,2024-03,Sunday,Alterado o arquivo readme.md,outro,geral
cisco,4befc62,2024-03-17,2024-W11,2024-03,Sunday,Alterado o arquivo readme.md,outro,geral
cisco,50cb80e,2024-03-17,2024-W11,2024-03,Sunday,Alterado o arquivo readme.md,outro,geral
cisco,7018f46,2024-03-17,2024-W11,2024-03,Sunday,Alterado o arquivo readme.md,outro,geral
cisco,8dd9aa1,2024-03-17,2024-W11,2024-03,Sunday,Alterado o arquivo readme.md,outro,geral
cisco,cca96ed,2024-03-17,2024-W11,2024-03,Sunday,Alterado o arquivo readme.md,outro,geral
cisco,047b500,2024-03-17,2024-W11,2024-03,Sunday,Alterado o arquivo readme.md,outro,geral
cisco,057f3db,2024-03-17,2024-W11,2024-03,Sunday,Alterado o arquivo readme.md,outro,geral
cisco,2a10f68,2024-03-17,2024-W11,2024-03,Sunday,Alterado o arquivo readme.md,outro,geral
cisco,3313624,2024-03-17,2024-W11,2024-03,Sunday,Alterado o arquivo readme.md,outro,geral
cisco,67391b2,2024-03-17,2024-W11,2024-03,Sunday,Adicionada a pasta 04 - Fabric Capacity Planning,outro,geral
cisco,eaa9347,2024-03-16,2024-W11,2024-03,Saturday,Alterado o arquivo readme.md,outro,geral
cisco,30e40d9,2024-03-16,2024-W11,2024-03,Saturday,Alterado o arquivo readme.md,outro,geral
cisco,8607470,2024-03-16,2024-W11,2024-03,Saturday,Alterado o arquivo readme.md,outro,geral
cisco,ffe00d9,2024-03-16,2024-W11,2024-03,Saturday,Alterado o arquivo readme.md,outro,geral
cisco,a1e20c1,2024-03-13,2024-W11,2024-03,Wednesday,Adicionado a pasta 03 - Camada de Acesso Layer 2 x Layer 3,outro,geral
cisco,36b40e2,2024-03-13,2024-W11,2024-03,Wednesday,Adicionado a pasta 03 - Camada de Acesso Layer 2 x Layer 3,outro,geral
cisco,4913b07,2024-03-13,2024-W11,2024-03,Wednesday,Adicionado a pasta 03 - Camada de Acesso Layer 2 x Layer 3,outro,geral
cisco,ad88a67,2024-03-13,2024-W11,2024-03,Wednesday,Adicionado a pasta 03 - Camada de Acesso Layer 2 x Layer 3,outro,geral
cisco,1a44d29,2024-03-13,2024-W11,2024-03,Wednesday,Adicionado a pasta 03 - Camada de Acesso Layer 2 x Layer 3,outro,geral
cisco,1c2590c,2024-03-13,2024-W11,2024-03,Wednesday,Adicionado a pasta 03 - Camada de Acesso Layer 2 x Layer 3,outro,geral
cisco,7315c96,2024-03-13,2024-W11,2024-03,Wednesday,Adicionado a pasta 03 - Camada de Acesso Layer 2 x Layer 3,outro,geral
cisco,66cf1bf,2024-03-13,2024-W11,2024-03,Wednesday,Adicionado a pasta 03 - Camada de Acesso Layer 2 x Layer 3,outro,geral
cisco,f8af5a4,2024-03-13,2024-W11,2024-03,Wednesday,Adicionado a pasta 03 - Camada de Acesso Layer 2 x Layer 3,outro,geral
cisco,9bc8a3a,2024-03-13,2024-W11,2024-03,Wednesday,Alterado o arquivo readme.md,outro,geral
cisco,11d71b4,2024-03-13,2024-W11,2024-03,Wednesday,Alterado o arquivo readme.md,outro,geral
cisco,9d3ed0f,2024-03-13,2024-W11,2024-03,Wednesday,Alterado o arquivo readme.md,outro,geral
cisco,da0894a,2024-03-13,2024-W11,2024-03,Wednesday,Alterado o arquivo readme.md,outro,geral
cisco,0b02f31,2024-03-13,2024-W11,2024-03,Wednesday,Adicionado a pasta 02 - Modelo Hierárquico Duas camadas X Três Camadas,outro,geral
cisco,9c27559,2024-03-13,2024-W11,2024-03,Wednesday,Adicionado a pasta 02 - Modelo Hierárquico Duas camadas X Três Camadas,outro,geral
cisco,4054d39,2024-03-13,2024-W11,2024-03,Wednesday,Alterado o arquivo readme.md,outro,geral
cisco,577d73a,2024-03-13,2024-W11,2024-03,Wednesday,Alterado o arquivo readme.md,outro,geral
cisco,3de2d72,2024-03-13,2024-W11,2024-03,Wednesday,Alterado o arquivo readme.md,outro,geral
cisco,f860b17,2024-03-13,2024-W11,2024-03,Wednesday,Alterado o arquivo readme.md,outro,geral
cisco,ce20c40,2024-03-13,2024-W11,2024-03,Wednesday,Alterado o arquivo readme.md,outro,geral
cisco,62bf6ca,2024-03-13,2024-W11,2024-03,Wednesday,Adicionado a pasta 03 - Modelo Hierarquico em 01 - Architecture,outro,geral
cisco,08e4fa0,2024-03-13,2024-W11,2024-03,Wednesday,Adicionado a pasta 03 - Modelo Hierarquico em 01 - Architecture,outro,geral
cisco,cf7be29,2024-03-13,2024-W11,2024-03,Wednesday,Adicionado a pasta 03 - Modelo Hierarquico em 01 - Architecture,outro,geral
cisco,f4105f5,2024-03-13,2024-W11,2024-03,Wednesday,Adicionado a pasta 03 - Modelo Hierarquico em 01 - Architecture,outro,geral
cisco,5cd633f,2024-03-13,2024-W11,2024-03,Wednesday,Adicionado a pasta 03 - Modelo Hierarquico em 01 - Architecture,outro,geral
cisco,7f9a4bd,2024-03-13,2024-W11,2024-03,Wednesday,Adicionado a pasta 03 - Modelo Hierarquico em 01 - Architecture,outro,geral
cisco,d5731d9,2024-03-12,2024-W11,2024-03,Tuesday,Adicionado a pasta 03 - Modelo Hierarquico em 01 - Architecture,outro,geral
cisco,542ca85,2024-03-12,2024-W11,2024-03,Tuesday,Alterado o arquivo readme.md,outro,geral
cisco,1c2e4d2,2024-03-12,2024-W11,2024-03,Tuesday,Alterado o arquivo readme.md,outro,geral
cisco,04e57ed,2024-03-12,2024-W11,2024-03,Tuesday,Alterado o arquivo readme.md,outro,geral
cisco,5bab9d3,2024-03-12,2024-W11,2024-03,Tuesday,Alterado o arquivo readme.md,outro,geral
cisco,6abcf22,2024-03-12,2024-W11,2024-03,Tuesday,Alterado o arquivo readme.md,outro,geral
cisco,b3fa25c,2024-03-12,2024-W11,2024-03,Tuesday,Alterado o arquivo readme.md,outro,geral
cisco,68bb48c,2024-03-12,2024-W11,2024-03,Tuesday,Alterado o arquivo readme.md,outro,geral
cisco,06f1f78,2024-03-12,2024-W11,2024-03,Tuesday,Alterado o arquivo readme.md,outro,geral
cisco,6d9ac5f,2024-03-12,2024-W11,2024-03,Tuesday,Alterado o arquivo readme.md,outro,geral
cisco,5b54c56,2024-03-12,2024-W11,2024-03,Tuesday,Alterado o arquivo readme.md,outro,geral
cisco,099720c,2024-03-12,2024-W11,2024-03,Tuesday,Alterado o arquivo readme.md,outro,geral
cisco,203d790,2024-03-12,2024-W11,2024-03,Tuesday,Alterado o arquivo readme.md,outro,geral
cisco,10f32e2,2024-03-12,2024-W11,2024-03,Tuesday,Adicionado a pasta 18 - Considerações sobre MTU e MSS e Túneis GRE,outro,geral
cisco,32148f6,2024-03-12,2024-W11,2024-03,Tuesday,Adicionado a pasta 18 - Considerações sobre MTU e MSS e Túneis GRE,outro,geral
cisco,a8fe081,2024-03-12,2024-W11,2024-03,Tuesday,Adicionado a pasta 18 - Considerações sobre MTU e MSS e Túneis GRE,outro,geral
cisco,b8a3cfe,2024-03-11,2024-W11,2024-03,Monday,Alterado o nome da pasta 02 - Removido parentesis,outro,geral
cisco,7c8d0b6,2024-03-09,2024-W10,2024-03,Saturday,Alterado o arquivo readme.md,outro,geral
cisco,ea0acea,2024-03-08,2024-W10,2024-03,Friday,Alterado o arquivo readme.md,outro,geral
cisco,bf9be5e,2024-03-08,2024-W10,2024-03,Friday,Alterado o arquivo readme.md,outro,geral
cisco,9008999,2024-03-08,2024-W10,2024-03,Friday,Alterado o arquivo readme.md,outro,geral
cisco,538b2c8,2024-03-08,2024-W10,2024-03,Friday,Alterado o arquivo readme.md,outro,geral
cisco,ee54453,2024-03-08,2024-W10,2024-03,Friday,Alterado o arquivo readme.md,outro,geral
cisco,10bde93,2024-03-08,2024-W10,2024-03,Friday,Alterado o arquivo readme.md,outro,geral
cisco,f9804ab,2024-03-08,2024-W10,2024-03,Friday,Alterado o arquivo readme.md,outro,geral
cisco,b6b792c,2024-03-08,2024-W10,2024-03,Friday,Alterado o arquivo readme.md,outro,geral
cisco,5321b9a,2024-03-08,2024-W10,2024-03,Friday,Alterado o arquivo readme.md,outro,geral
cisco,9e886e0,2024-03-08,2024-W10,2024-03,Friday,Alterado o arquivo readme.md,outro,geral
cisco,bbe4776,2024-03-08,2024-W10,2024-03,Friday,Alterado o arquivo readme.md,outro,geral
cisco,1b50cac,2024-03-08,2024-W10,2024-03,Friday,Alterado o arquivo readme.md,outro,geral
cisco,2a60d56,2024-03-08,2024-W10,2024-03,Friday,Alterado o arquivo readme.md,outro,geral
cisco,ef26d81,2024-03-06,2024-W10,2024-03,Wednesday,Alterado o arquivo readme.md,outro,geral
cisco,bf97cc9,2024-03-06,2024-W10,2024-03,Wednesday,Alterado o arquivo readme.md,outro,geral
cisco,73a61d4,2024-03-06,2024-W10,2024-03,Wednesday,Alterado o arquivo readme.md,outro,geral
cisco,4399668,2024-03-06,2024-W10,2024-03,Wednesday,Adicionado a pasta 17 - Exemplo Pratico - Tuneis GRE 01,outro,geral
cisco,6158f8a,2024-03-02,2024-W09,2024-03,Saturday,Alterado o arquivo readme.md,outro,geral
cisco,d8ec542,2024-03-02,2024-W09,2024-03,Saturday,Alterado o arquivo readme.md,outro,geral
cisco,15d582a,2024-03-02,2024-W09,2024-03,Saturday,Alterado o arquivo readme.md,outro,geral
cisco,82b65e9,2024-03-02,2024-W09,2024-03,Saturday,Alterado o arquivo readme.md,outro,geral
cisco,ff2e156,2024-03-02,2024-W09,2024-03,Saturday,Alterado o arquivo readme.md,outro,geral
cisco,dfbf548,2024-03-02,2024-W09,2024-03,Saturday,Alterado o arquivo readme.md,outro,geral
cisco,c039105,2024-03-02,2024-W09,2024-03,Saturday,Alterado o arquivo readme.md,outro,geral
cisco,fe5471a,2024-03-01,2024-W09,2024-03,Friday,Alterado o arquivo readme.md,outro,geral
cisco,a04e6d4,2024-03-01,2024-W09,2024-03,Friday,Alterado o arquivo readme.md,outro,geral
cisco,2f06237,2024-03-01,2024-W09,2024-03,Friday,Alterado o arquivo readme.md,outro,geral
cisco,d5a254d,2024-03-01,2024-W09,2024-03,Friday,Alterado o arquivo readme.md,outro,geral
cisco,e83deb1,2024-03-01,2024-W09,2024-03,Friday,Alterado o arquivo readme.md,outro,geral
cisco,cd895a3,2024-03-01,2024-W09,2024-03,Friday,Alterado o arquivo readme.md,outro,geral
cisco,57202a4,2024-03-01,2024-W09,2024-03,Friday,Alterado o arquivo readme.md,outro,geral
cisco,cc6abee,2024-03-01,2024-W09,2024-03,Friday,Alterado o arquivo readme.md,outro,geral
cisco,3cac9c7,2024-03-01,2024-W09,2024-03,Friday,Alterado o arquivo readme.md,outro,geral
cisco,1483f89,2024-03-01,2024-W09,2024-03,Friday,Alterado o arquivo readme.md,outro,geral
cisco,145374b,2024-03-01,2024-W09,2024-03,Friday,Alterado o arquivo readme.md,outro,geral
cisco,7188400,2024-03-01,2024-W09,2024-03,Friday,Alterado o arquivo readme.md,outro,geral
cisco,493d51e,2024-03-01,2024-W09,2024-03,Friday,Alterado o arquivo readme.md,outro,geral
cisco,b1016b8,2024-03-01,2024-W09,2024-03,Friday,Adicionado a pasta 16 - Tuneis GRE,outro,geral
cisco,4d939db,2024-03-01,2024-W09,2024-03,Friday,Alterado o arquivo readme.md - Atualização status blueprint,outro,geral
cisco,091b5ec,2024-02-28,2024-W09,2024-02,Wednesday,Alterado o arquivo readme.md,outro,geral
cisco,af19a95,2024-02-28,2024-W09,2024-02,Wednesday,Alterado o arquivo readme.md,outro,geral
cisco,590f674,2024-02-28,2024-W09,2024-02,Wednesday,Alterado o arquivo readme.md,outro,geral
cisco,9da5477,2024-02-28,2024-W09,2024-02,Wednesday,Alterado o arquivo readme.md,outro,geral
cisco,4cc78e7,2024-02-23,2024-W08,2024-02,Friday,Alterado o arquivo readme.md,outro,geral
cisco,99548d4,2024-02-23,2024-W08,2024-02,Friday,Alterado o arquivo readme.md,outro,geral
cisco,b8a16c1,2024-02-23,2024-W08,2024-02,Friday,Alterado o arquivo readme.md,outro,geral
cisco,51406b6,2024-02-23,2024-W08,2024-02,Friday,Alterado o arquivo readme.md,outro,geral
cisco,a138d38,2024-02-23,2024-W08,2024-02,Friday,Alterado o arquivo readme.md,outro,geral
cisco,436f679,2024-02-23,2024-W08,2024-02,Friday,Alterado o arquivo readme.md,outro,geral
cisco,38b1f28,2024-02-23,2024-W08,2024-02,Friday,Alterado o arquivo readme.md,outro,geral
cisco,dd170f9,2024-02-23,2024-W08,2024-02,Friday,Alterado o arquivo readme.md,outro,geral
cisco,500e1f0,2024-02-23,2024-W08,2024-02,Friday,Alterado o arquivo readme.md,outro,geral
cisco,ee6e2eb,2024-02-23,2024-W08,2024-02,Friday,Alterado o arquivo readme.md,outro,geral
cisco,45134a3,2024-02-23,2024-W08,2024-02,Friday,Alterado o arquivo readme.md,outro,geral
cisco,0f66fe7,2024-02-23,2024-W08,2024-02,Friday,Alterado o arquivo readme.md,outro,geral
cisco,ad0a9cf,2024-02-22,2024-W08,2024-02,Thursday,Alterado o arquivo readme.md,outro,geral
cisco,d8795a0,2024-02-22,2024-W08,2024-02,Thursday,Alterado o arquivo readme.md,outro,geral
cisco,d111e6c,2024-02-22,2024-W08,2024-02,Thursday,Alterado o arquivo readme.md,outro,geral
cisco,6f0515a,2024-02-22,2024-W08,2024-02,Thursday,Alterado o arquivo readme.md,outro,geral
cisco,cf9f29d,2024-02-22,2024-W08,2024-02,Thursday,Adicionado a ṕasta 15  - Exemplo Pratico VRF LITE 04 - IPV6 (02),outro,02
cisco,5be1e43,2024-02-22,2024-W08,2024-02,Thursday,Alterado o arquivo readme.md,outro,geral
cisco,20c9ef1,2024-02-22,2024-W08,2024-02,Thursday,Alterado o arquivo readme.md,outro,geral
cisco,f3d655a,2024-02-22,2024-W08,2024-02,Thursday,Alterado o arquivo readme.md,outro,geral
cisco,30bb8fb,2024-02-22,2024-W08,2024-02,Thursday,Alterado o arquivo readme.md,outro,geral
cisco,3f8090f,2024-02-22,2024-W08,2024-02,Thursday,Alterado o arquivo readme.md,outro,geral
cisco,fd03698,2024-02-22,2024-W08,2024-02,Thursday,Alterado o arquivo readme.md,outro,geral
cisco,a889445,2024-02-22,2024-W08,2024-02,Thursday,Alterado o arquivo readme.md,outro,geral
cisco,48a8498,2024-02-22,2024-W08,2024-02,Thursday,Alterado o arquivo readme.md,outro,geral
cisco,e4aeb5e,2024-02-21,2024-W08,2024-02,Wednesday,Alterado o arquivo readme.md,outro,geral
cisco,58cf953,2024-02-21,2024-W08,2024-02,Wednesday,Alterado o arquivo readme.md,outro,geral
cisco,33e031f,2024-02-21,2024-W08,2024-02,Wednesday,Alterado o arquivo readme.md,outro,geral
cisco,2cd61fb,2024-02-21,2024-W08,2024-02,Wednesday,Alterado o arquivo readme.md,outro,geral
cisco,623579a,2024-02-21,2024-W08,2024-02,Wednesday,Alterado o arquivo readme.md,outro,geral
cisco,6688236,2024-02-21,2024-W08,2024-02,Wednesday,Alterado o arquivo readme.md,outro,geral
cisco,957b506,2024-02-20,2024-W08,2024-02,Tuesday,Alterado o arquivo readme.md,outro,geral
cisco,9cd051e,2024-02-20,2024-W08,2024-02,Tuesday,Adicionada a pasta 14 - Exemplo Pratico VRF LITE 04 - IPV6,outro,geral
cisco,db64fcf,2024-02-20,2024-W08,2024-02,Tuesday,"Reanomeado pastas 11, 12 e 13",outro,geral
cisco,de81163,2024-02-20,2024-W08,2024-02,Tuesday,Alterado o arquivo readme.md,outro,geral
cisco,4da30ea,2024-02-20,2024-W08,2024-02,Tuesday,Alterado o arquivo readme.md,outro,geral
cisco,a37f51e,2024-02-20,2024-W08,2024-02,Tuesday,Alterado o arquivo readme.md,outro,geral
cisco,f4b7020,2024-02-20,2024-W08,2024-02,Tuesday,Alterado o arquivo readem.md,outro,geral
cisco,a551b3a,2024-02-20,2024-W08,2024-02,Tuesday,Alterado o arquivo readem.md,outro,geral
cisco,75a8299,2024-02-20,2024-W08,2024-02,Tuesday,Alterado o arquivo readem.md,outro,geral
cisco,69ad5e7,2024-02-19,2024-W08,2024-02,Monday,Alterado o arquivo readme.md,outro,geral
cisco,0edc239,2024-02-19,2024-W08,2024-02,Monday,Alterado o arquivo readme.md,outro,geral
cisco,824f611,2024-02-19,2024-W08,2024-02,Monday,Adicionado a pasta 13 - Exemplo Pratico VRF LITE 03,outro,geral
cisco,ea3af4e,2024-02-18,2024-W07,2024-02,Sunday,Alterado o arquivo readme.md,outro,geral
cisco,8934034,2024-02-18,2024-W07,2024-02,Sunday,Alterado o arquivo readme.md,outro,geral
cisco,a13b613,2024-02-18,2024-W07,2024-02,Sunday,Alterado o arquivo readme.md,outro,geral
cisco,f5bf3c6,2024-02-18,2024-W07,2024-02,Sunday,Alterado o arquivo readme.md,outro,geral
cisco,bde960f,2024-02-18,2024-W07,2024-02,Sunday,Alterado o arquivo readme.md,outro,geral
cisco,3401368,2024-02-18,2024-W07,2024-02,Sunday,Alterado o arquivo readme.md,outro,geral
cisco,f6267ce,2024-02-18,2024-W07,2024-02,Sunday,Alterado o arquivo readme.md,outro,geral
cisco,33768e1,2024-02-18,2024-W07,2024-02,Sunday,Alterado o arquivo readme.md,outro,geral
cisco,a158789,2024-02-18,2024-W07,2024-02,Sunday,Alterado o arquivo readme.md,outro,geral
cisco,303d9bc,2024-02-18,2024-W07,2024-02,Sunday,Alterado o arquivo readme.md,outro,geral
cisco,ae641a7,2024-02-18,2024-W07,2024-02,Sunday,Alterado o arquivo readme.md,outro,geral
cisco,f369891,2024-02-18,2024-W07,2024-02,Sunday,Alterado o arquivo readme.md,outro,geral
cisco,09eec50,2024-02-12,2024-W07,2024-02,Monday,Alterado o arquivo readme.md,outro,geral
cisco,afa1f90,2024-02-12,2024-W07,2024-02,Monday,Alterado o arquivo readme.md,outro,geral
cisco,5302c84,2024-02-12,2024-W07,2024-02,Monday,Alterado o arquivo readme.md,outro,geral
cisco,0cbdb21,2024-02-12,2024-W07,2024-02,Monday,Alterado o arquivo readme.md,outro,geral
cisco,dff1c90,2024-02-12,2024-W07,2024-02,Monday,Alterado o arquivo readme.md,outro,geral
cisco,d59d6e1,2024-02-12,2024-W07,2024-02,Monday,Alterado o arquivo readme.md,outro,geral
cisco,a1b023a,2024-02-12,2024-W07,2024-02,Monday,Ajustado títulos dos capítulos de VRF para VRF LITE,outro,geral
cisco,c55e28e,2024-02-11,2024-W06,2024-02,Sunday,Alterado o arquivo readme.md,outro,geral
cisco,57aafb8,2024-02-11,2024-W06,2024-02,Sunday,Alterado o arquivo readme.md,outro,geral
cisco,ec86735,2024-02-11,2024-W06,2024-02,Sunday,Alterado o arquivo readme.md,outro,geral
cisco,4f1113e,2024-02-11,2024-W06,2024-02,Sunday,Alterado o arquivo readme.md,outro,geral
cisco,ee5ba27,2024-02-11,2024-W06,2024-02,Sunday,Alterado o arquivo readme.md,outro,geral
cisco,20111e2,2024-02-11,2024-W06,2024-02,Sunday,Alterado o arquivo readme.md,outro,geral
cisco,27baf6c,2024-02-11,2024-W06,2024-02,Sunday,Alterado o arquivo readme.md,outro,geral
cisco,80f6ef4,2024-02-11,2024-W06,2024-02,Sunday,Alterado o arquivo readme.md,outro,geral
cisco,de99920,2024-02-11,2024-W06,2024-02,Sunday,Adicionado a pasta 12 - Exemplo Pratico VRF 02,outro,geral
cisco,b67b2e5,2024-02-11,2024-W06,2024-02,Sunday,Alterado o arquivo readme.md,outro,geral
cisco,355484e,2024-02-11,2024-W06,2024-02,Sunday,Alterado o arquivo readme.md,outro,geral
cisco,491f3d0,2024-02-11,2024-W06,2024-02,Sunday,Alterado o arquivo readme.md,outro,geral
cisco,eda360a,2024-02-02,2024-W05,2024-02,Friday,Alterado o arquivo readme.md,outro,geral
cisco,d165ee3,2024-02-01,2024-W05,2024-02,Thursday,Alterado o arquivo readme.md,outro,geral
cisco,93348a4,2024-02-01,2024-W05,2024-02,Thursday,Alterado o arquivo readme.md,outro,geral
cisco,9e65e7d,2024-02-01,2024-W05,2024-02,Thursday,Aletardo o arquivo readme.md,outro,geral
cisco,d0c2141,2024-02-01,2024-W05,2024-02,Thursday,Aletardo o arquivo readme.md,outro,geral
cisco,3154c67,2024-01-31,2024-W05,2024-01,Wednesday,Adicionado a pasta 11 - Exemplo prático VRF 01,outro,geral
cisco,4fb92d5,2024-01-31,2024-W05,2024-01,Wednesday,Adicionado a pasta 11 - Exemplo prático VRF 01,outro,geral
cisco,6c71bda,2024-01-31,2024-W05,2024-01,Wednesday,Adicionado a pasta 11 - Exemplo prático VRF 01,outro,geral
cisco,137a97b,2024-01-31,2024-W05,2024-01,Wednesday,Adicionado a pasta 11 - Exemplo prático VRF 01,outro,geral
cisco,d3e6c64,2024-01-31,2024-W05,2024-01,Wednesday,Adicionado a pasta 11 - Exemplo prático VRF 01,outro,geral
cisco,6d1aa55,2024-01-31,2024-W05,2024-01,Wednesday,Adicionado a pasta 11 - Exemplo prático VRF 01,outro,geral
cisco,7d89022,2024-01-31,2024-W05,2024-01,Wednesday,Adicionado a pasta 11 - Exemplo prático VRF 01,outro,geral
cisco,61d6b49,2024-01-31,2024-W05,2024-01,Wednesday,Adicionado a pasta 11 - Exemplo prático VRF 01,outro,geral
cisco,133b9a7,2024-01-31,2024-W05,2024-01,Wednesday,Adicionado a pasta 11 - Exemplo prático VRF 01,outro,geral
cisco,e5d7080,2024-01-31,2024-W05,2024-01,Wednesday,Adicionado a pasta 11 - Exemplo prático VRF 01,outro,geral
cisco,8870a05,2024-01-31,2024-W05,2024-01,Wednesday,Adicionado a pasta 11 - Exemplo prático VRF 01,outro,geral
cisco,2a37533,2024-01-31,2024-W05,2024-01,Wednesday,Adicionado a pasta 11 - Exemplo prático VRF 01,outro,geral
cisco,095f4b0,2024-01-31,2024-W05,2024-01,Wednesday,Adicionado a pasta 11 - Exemplo prático VRF 01,outro,geral
cisco,c2b23a0,2024-01-31,2024-W05,2024-01,Wednesday,Adicionado a pasta 11 - Exemplo prático VRF 01,outro,geral
cisco,5cd34de,2024-01-31,2024-W05,2024-01,Wednesday,Adicionado a pasta 11 - Exemplo prático VRF 01,outro,geral
cisco,dbad943,2024-01-31,2024-W05,2024-01,Wednesday,Adicionado a pasta 11 - Exemplo prático VRF 01,outro,geral
cisco,36baf11,2024-01-31,2024-W05,2024-01,Wednesday,Adicionado a pasta 11 - Exemplo prático VRF 01,outro,geral
cisco,5e8ec4c,2024-01-31,2024-W05,2024-01,Wednesday,Adicionado a pasta 11 - Exemplo prático VRF 01,outro,geral
cisco,f806eda,2024-01-31,2024-W05,2024-01,Wednesday,Adicionado a pasta 11 - Exemplo prático VRF 01,outro,geral
cisco,d43c213,2024-01-31,2024-W05,2024-01,Wednesday,Adicionado a pasta 11 - Exemplo prático VRF 01,outro,geral
cisco,7895209,2024-01-31,2024-W05,2024-01,Wednesday,Adicionado a pasta 11 - Exemplo prático VRF 01,outro,geral
cisco,b09180a,2024-01-31,2024-W05,2024-01,Wednesday,Adicionado a pasta 11 - Exemplo prático VRF 01,outro,geral
cisco,5eb3c41,2024-01-31,2024-W05,2024-01,Wednesday,Adicionado a pasta 11 - Exemplo prático VRF 01,outro,geral
cisco,9455e15,2024-01-31,2024-W05,2024-01,Wednesday,Adicionado a pasta 11 - Exemplo prático VRF 01,outro,geral
cisco,6ccf429,2024-01-31,2024-W05,2024-01,Wednesday,Adicionado a pasta 11 - Exemplo prático VRF 01,outro,geral
cisco,8cf1202,2024-01-31,2024-W05,2024-01,Wednesday,Adicionado a pasta 11 - Exemplo prático VRF 01,outro,geral
cisco,ce23deb,2024-01-31,2024-W05,2024-01,Wednesday,Adicionado a pasta 11 - Exemplo prático VRF 01,outro,geral
cisco,6b763dd,2024-01-31,2024-W05,2024-01,Wednesday,Adicionado a pasta 11 - Exemplo prático VRF 01,outro,geral
cisco,ab00010,2024-01-31,2024-W05,2024-01,Wednesday,Adicionado a pasta 11 - Exemplo prático VRF 01,outro,geral
cisco,72457b6,2024-01-31,2024-W05,2024-01,Wednesday,Adicionado a pasta 11 - Exemplo prático VRF 01,outro,geral
cisco,b8ea4f8,2024-01-31,2024-W05,2024-01,Wednesday,Adicionado a pasta 10 - Virtual Routing and Forwarding (VRF LITE),outro,vrf lite
cisco,e55f551,2024-01-31,2024-W05,2024-01,Wednesday,Adicionado a pasta 10 - Virtual Routing and Forwarding (VRF LITE),outro,vrf lite
cisco,29e4851,2024-01-31,2024-W05,2024-01,Wednesday,Adicionado a pasta 10 - Virtual Routing and Forwarding (VRF LITE),outro,vrf lite
cisco,6014ef6,2024-01-31,2024-W05,2024-01,Wednesday,Adicionado a pasta 10 - Virtual Routing and Forwarding (VRF LITE),outro,vrf lite
cisco,4a440e9,2024-01-31,2024-W05,2024-01,Wednesday,Adicionado a pasta 10 - Virtual Routing and Forwarding (VRF LITE),outro,vrf lite
cisco,535c0c4,2024-01-30,2024-W05,2024-01,Tuesday,Adicionado a pasta 10 - Virtual Routing and Forwarding (VRF LITE),outro,vrf lite
cisco,f02aba0,2024-01-30,2024-W05,2024-01,Tuesday,Adicionado a pasta 10 - Virtual Routing and Forwarding (VRF LITE),outro,vrf lite
cisco,cc0a850,2024-01-30,2024-W05,2024-01,Tuesday,Adicionado a pasta 10 - Virtual Routing and Forwarding (VRF LITE),outro,vrf lite
cisco,a553706,2024-01-30,2024-W05,2024-01,Tuesday,Adicionado a pasta 10 - Virtual Routing and Forwarding (VRF LITE),outro,vrf lite
cisco,2839ed4,2024-01-30,2024-W05,2024-01,Tuesday,Adicionado a pasta 10 - Virtual Routing and Forwarding (VRF LITE),outro,vrf lite
cisco,171b70d,2024-01-30,2024-W05,2024-01,Tuesday,Adicionado a pasta 10 - Virtual Routing and Forwarding (VRF LITE),outro,vrf lite
cisco,79d8bda,2024-01-30,2024-W05,2024-01,Tuesday,Adicionado a pasta 10 - Virtual Routing and Forwarding (VRF LITE),outro,vrf lite
cisco,2eceafb,2024-01-30,2024-W05,2024-01,Tuesday,Adicionado a pasta 10 - Virtual Routing and Forwarding (VRF LITE),outro,vrf lite
cisco,1bbda07,2024-01-30,2024-W05,2024-01,Tuesday,Adicionado a pasta 10 - Virtual Routing and Forwarding (VRF LITE),outro,vrf lite
cisco,da25cc2,2024-01-30,2024-W05,2024-01,Tuesday,Adicionado a pasta 10 - Virtual Routing and Forwarding (VRF LITE),outro,vrf lite
cisco,195a524,2024-01-30,2024-W05,2024-01,Tuesday,Adicionado a pasta 10 - Virtual Routing and Forwarding (VRF LITE),outro,vrf lite
cisco,e28c6e0,2024-01-30,2024-W05,2024-01,Tuesday,Adicionado a pasta 10 - Virtual Routing and Forwarding (VRF LITE),outro,vrf lite
cisco,520119b,2024-01-30,2024-W05,2024-01,Tuesday,Adicionado a pasta 10 - Virtual Routing and Forwarding (VRF LITE),outro,vrf lite
cisco,77ce449,2024-01-30,2024-W05,2024-01,Tuesday,Adicionado a pasta 10 - Virtual Routing and Forwarding (VRF LITE),outro,vrf lite
cisco,9490425,2024-01-30,2024-W05,2024-01,Tuesday,Adicionado a pasta 10 - Virtual Routing and Forwarding (VRF LITE),outro,vrf lite
cisco,4db2700,2024-01-30,2024-W05,2024-01,Tuesday,Alterado o arquivo readme.md,outro,geral
cisco,272ec17,2024-01-30,2024-W05,2024-01,Tuesday,Alterado o arquivo readme.md,outro,geral
cisco,4e937ef,2024-01-30,2024-W05,2024-01,Tuesday,Alterado o arquivo readme.md,outro,geral
cisco,3137ede,2024-01-30,2024-W05,2024-01,Tuesday,Alterado o arquivo readme.md,outro,geral
cisco,a9d1464,2024-01-30,2024-W05,2024-01,Tuesday,Alterado o arquivo readme.md,outro,geral
cisco,a08de52,2024-01-30,2024-W05,2024-01,Tuesday,Alterado o arquivo readme.md,outro,geral
cisco,641c8e5,2024-01-30,2024-W05,2024-01,Tuesday,Alterado o arquivo readme.md,outro,geral
cisco,6876f3e,2024-01-30,2024-W05,2024-01,Tuesday,Alterado o arquivo readme.md,outro,geral
cisco,d5d1aea,2024-01-30,2024-W05,2024-01,Tuesday,Alterado o arquivo readme.md,outro,geral
cisco,7a10db7,2024-01-30,2024-W05,2024-01,Tuesday,Alterado o arquivo readme.md,outro,geral
cisco,5975be5,2024-01-30,2024-W05,2024-01,Tuesday,Alterado o arquivo readme.md,outro,geral
cisco,fdf49d4,2024-01-29,2024-W05,2024-01,Monday,Alterado o arquivo readme.md,outro,geral
cisco,07f8c22,2024-01-29,2024-W05,2024-01,Monday,Alterado o arquivo readme.md,outro,geral
cisco,7f630a0,2024-01-29,2024-W05,2024-01,Monday,Alterado o arquivo readme.md,outro,geral
cisco,710b9d9,2024-01-29,2024-W05,2024-01,Monday,Alterado o arquivo readme.md,outro,geral
cisco,e7a7bdb,2024-01-29,2024-W05,2024-01,Monday,Alterado o arquivo readme.md,outro,geral
cisco,0b2483f,2024-01-29,2024-W05,2024-01,Monday,Alterado o arquivo readme.md,outro,geral
cisco,d8e87dd,2024-01-29,2024-W05,2024-01,Monday,Alterado o arquivo readme.md,outro,geral
cisco,ce0b681,2024-01-29,2024-W05,2024-01,Monday,Alterado o arquivo readme.md,outro,geral
cisco,e30ea95,2024-01-29,2024-W05,2024-01,Monday,Alterado o arquivo readme.md,outro,geral
cisco,177c750,2024-01-29,2024-W05,2024-01,Monday,Alterado o arquivo readme.md,outro,geral
cisco,5dc8168,2024-01-29,2024-W05,2024-01,Monday,Alterado o arquivo readme.md,outro,geral
cisco,6556426,2024-01-28,2024-W04,2024-01,Sunday,Adicionado a pasta 09 - Virtual Swiching,outro,geral
cisco,300d6d9,2024-01-28,2024-W04,2024-01,Sunday,Alterado o arquivo readme.md,outro,geral
cisco,47c1c9f,2024-01-28,2024-W04,2024-01,Sunday,Alterado o arquivo readme.md,outro,geral
cisco,bd16e6b,2024-01-28,2024-W04,2024-01,Sunday,Alterado o arquivo readme.md,outro,geral
cisco,47974c3,2024-01-28,2024-W04,2024-01,Sunday,Alterado o arquivo readme.md,outro,geral
cisco,735f755,2024-01-28,2024-W04,2024-01,Sunday,Alterado o arquivo readme.md,outro,geral
cisco,43798d5,2024-01-28,2024-W04,2024-01,Sunday,Alterado o arquivo readme.md,outro,geral
cisco,f912a57,2024-01-28,2024-W04,2024-01,Sunday,Alterado o arquivo readme.md,outro,geral
cisco,85c3d85,2024-01-28,2024-W04,2024-01,Sunday,Alterado o arquivo readme.md,outro,geral
cisco,e572f64,2024-01-28,2024-W04,2024-01,Sunday,Alterado o arquivo readme.md,outro,geral
cisco,750cf57,2024-01-28,2024-W04,2024-01,Sunday,Alterado o arquivo readme.md,outro,geral
cisco,88769e6,2024-01-28,2024-W04,2024-01,Sunday,Alterado o arquivo readme.md,outro,geral
cisco,6da7300,2024-01-28,2024-W04,2024-01,Sunday,Alterado o arquivo readme.md,outro,geral
cisco,9714f3c,2024-01-28,2024-W04,2024-01,Sunday,Alterado o arquivo readme.md,outro,geral
cisco,d508b13,2024-01-28,2024-W04,2024-01,Sunday,Alterado o arquivo readme.md,outro,geral
cisco,8de138a,2024-01-28,2024-W04,2024-01,Sunday,Alterado o arquivo readme.md,outro,geral
cisco,72c1c52,2024-01-27,2024-W04,2024-01,Saturday,Alterado o arquivo readme.md,outro,geral
cisco,ae510ad,2024-01-27,2024-W04,2024-01,Saturday,Alterado o arquivo readme.md,outro,geral
cisco,af70b23,2024-01-27,2024-W04,2024-01,Saturday,Alterado o arquivo readme.md,outro,geral
cisco,e1c6926,2024-01-27,2024-W04,2024-01,Saturday,Alterado o arquivo readme.md,outro,geral
cisco,e7ef6b7,2024-01-27,2024-W04,2024-01,Saturday,Alterado o arquivo readme.md,outro,geral
cisco,09fd788,2024-01-27,2024-W04,2024-01,Saturday,Alterado o arquivo readme.md,outro,geral
cisco,0d2b4e5,2024-01-27,2024-W04,2024-01,Saturday,Alterado o arquivo readme.md,outro,geral
cisco,a4ca5ff,2024-01-27,2024-W04,2024-01,Saturday,Alterado o arquivo readme.md,outro,geral
cisco,cf9dcb4,2024-01-27,2024-W04,2024-01,Saturday,Alterado o arquivo readme.md,outro,geral
cisco,efc00a5,2024-01-27,2024-W04,2024-01,Saturday,Alterado o arquivo readme.md,outro,geral
cisco,865169c,2024-01-27,2024-W04,2024-01,Saturday,Alterado o arquivo readme.md,outro,geral
cisco,4375a8d,2024-01-27,2024-W04,2024-01,Saturday,Alterado o arquivo readme.md,outro,geral
cisco,cb048a2,2024-01-27,2024-W04,2024-01,Saturday,Alterado o arquivo readme.md,outro,geral
cisco,58fca20,2024-01-27,2024-W04,2024-01,Saturday,Alterado o arquivo readme.md,outro,geral
cisco,92f4b03,2024-01-27,2024-W04,2024-01,Saturday,Adicionado a pasta 08 - Network Functions Virtualization (NFV),outro,nfv
cisco,db2c48e,2024-01-24,2024-W04,2024-01,Wednesday,Alterado o arquivo readme.md,outro,geral
cisco,2012791,2024-01-24,2024-W04,2024-01,Wednesday,Alterado o arquivo readme.md,outro,geral
cisco,bf30abc,2024-01-24,2024-W04,2024-01,Wednesday,Alterado o arquivo readme.md,outro,geral
cisco,603c592,2024-01-24,2024-W04,2024-01,Wednesday,Alterado o arquivo readme.md,outro,geral
cisco,022e5e3,2024-01-24,2024-W04,2024-01,Wednesday,Alterado o arquivo readme.md,outro,geral
cisco,a84f9ef,2024-01-24,2024-W04,2024-01,Wednesday,Alterado o arquivo readme.md,outro,geral
cisco,edbd917,2024-01-24,2024-W04,2024-01,Wednesday,Alterado o arquivo readme.md,outro,geral
cisco,e3e7b1a,2024-01-24,2024-W04,2024-01,Wednesday,Alterado o arquivo readme.md,outro,geral
cisco,7a25323,2024-01-24,2024-W04,2024-01,Wednesday,Alterado o arquivo readme.md,outro,geral
cisco,4084d63,2024-01-24,2024-W04,2024-01,Wednesday,Alterado o arquivo readme.md,outro,geral
cisco,f4d8cb9,2024-01-24,2024-W04,2024-01,Wednesday,Alterado o arquivo readme.md,outro,geral
cisco,965658f,2024-01-24,2024-W04,2024-01,Wednesday,Alterado o arquivo readme.md,outro,geral
cisco,58bdac8,2024-01-24,2024-W04,2024-01,Wednesday,Alterado o arquivo readme.md,outro,geral
cisco,71d3edb,2024-01-24,2024-W04,2024-01,Wednesday,Alterado o arquivo readme.md,outro,geral
cisco,bdaa40c,2024-01-23,2024-W04,2024-01,Tuesday,Alterado o arquivo readme.md,outro,geral
cisco,1b8ce8d,2024-01-23,2024-W04,2024-01,Tuesday,Alterado o arquivo readme.md,outro,geral
cisco,3120cb5,2024-01-23,2024-W04,2024-01,Tuesday,Alterado o arquivo readme.md,outro,geral
cisco,7cc80d2,2024-01-23,2024-W04,2024-01,Tuesday,Alterado o arquivo readme.md,outro,geral
cisco,2f7ef87,2024-01-23,2024-W04,2024-01,Tuesday,Alterado o arquivo readme.md,outro,geral
cisco,476ed57,2024-01-23,2024-W04,2024-01,Tuesday,Alterado o arquivo readme.md,outro,geral
cisco,87a9e48,2024-01-23,2024-W04,2024-01,Tuesday,Alterado o arquivo readme.md,outro,geral
cisco,b81ce18,2024-01-23,2024-W04,2024-01,Tuesday,Alterado o arquivo readme.md,outro,geral
cisco,baf1e42,2024-01-22,2024-W04,2024-01,Monday,Alterado o arquivo readme.md,outro,geral
cisco,25ddad2,2024-01-21,2024-W03,2024-01,Sunday,Alterado o arquivo readme.md,outro,geral
cisco,f2f4df3,2024-01-21,2024-W03,2024-01,Sunday,Adicioando a pasta 01,outro,geral
cisco,b5a2b0b,2024-01-21,2024-W03,2024-01,Sunday,Adicioando a pasta 05,outro,geral
cisco,e212cf7,2024-01-21,2024-W03,2024-01,Sunday,Alterado o arquivo readme.md,outro,geral
cisco,639219f,2024-01-20,2024-W03,2024-01,Saturday,Alterado o arquivo readme.md,outro,geral
cisco,fb4d24d,2024-01-20,2024-W03,2024-01,Saturday,Alterado o arquivo readme.md,outro,geral
cisco,ba2bde2,2024-01-20,2024-W03,2024-01,Saturday,Alterado o arquivo readme.md,outro,geral
cisco,14e4efe,2024-01-20,2024-W03,2024-01,Saturday,Alterado o arquivo readme.md,outro,geral
cisco,4b46f08,2024-01-20,2024-W03,2024-01,Saturday,Alterado o arquivo readme.md,outro,geral
cisco,b0f6e8f,2024-01-20,2024-W03,2024-01,Saturday,Alterado o arquivo readme.md,outro,geral
cisco,858262d,2024-01-20,2024-W03,2024-01,Saturday,Alterado o arquivo readme.md,outro,geral
cisco,f9e4d42,2024-01-20,2024-W03,2024-01,Saturday,Alterado o arquivo readme.md,outro,geral
cisco,ac99dc1,2024-01-20,2024-W03,2024-01,Saturday,Alterado o arquivo readme.md,outro,geral
cisco,8613bad,2024-01-20,2024-W03,2024-01,Saturday,Alterado o arquivo readme.md,outro,geral
cisco,436ee82,2024-01-20,2024-W03,2024-01,Saturday,Alterado o arquivo readme.md,outro,geral
cisco,d5a00b9,2024-01-20,2024-W03,2024-01,Saturday,Alterado o arquivo readme.md,outro,geral
cisco,5e59bc2,2024-01-20,2024-W03,2024-01,Saturday,Alterado o arquivo readme.md,outro,geral
cisco,aa7db36,2024-01-20,2024-W03,2024-01,Saturday,Alterado o arquivo readme.md,outro,geral
cisco,369b945,2024-01-20,2024-W03,2024-01,Saturday,Alterado o arquivo readme.md,outro,geral
cisco,b2ae2bb,2024-01-20,2024-W03,2024-01,Saturday,Alterado o arquivo readme.md,outro,geral
cisco,24e5632,2024-01-20,2024-W03,2024-01,Saturday,Alterado o arquivo readme.md,outro,geral
cisco,06ae7d7,2024-01-20,2024-W03,2024-01,Saturday,Alterado o arquivo readme.md,outro,geral
cisco,15219a1,2024-01-20,2024-W03,2024-01,Saturday,Alterado o arquivo readme.md,outro,geral
cisco,fcc1168,2024-01-20,2024-W03,2024-01,Saturday,Alterado o arquivo readme.md,outro,geral
cisco,ca621d6,2024-01-20,2024-W03,2024-01,Saturday,Alterado o arquivo readme.md,outro,geral
cisco,16ba9a7,2024-01-20,2024-W03,2024-01,Saturday,Alterado o arquivo readme.md,outro,geral
cisco,b234041,2024-01-20,2024-W03,2024-01,Saturday,Adicionado a pasta 07,outro,geral
cisco,46d7666,2024-01-20,2024-W03,2024-01,Saturday,Alterado o arquivo readme.md,outro,geral
cisco,1665120,2024-01-20,2024-W03,2024-01,Saturday,Alterado o arquivo readme.md,outro,geral
cisco,0e59472,2024-01-20,2024-W03,2024-01,Saturday,Alterado o arquivo readme.md,outro,geral
cisco,31a6f47,2024-01-20,2024-W03,2024-01,Saturday,Alterado o arquivo readme.md,outro,geral
cisco,1af823b,2024-01-20,2024-W03,2024-01,Saturday,Alterado o arquivo readme.md,outro,geral
cisco,52cdf51,2024-01-20,2024-W03,2024-01,Saturday,Alterado o arquivo readme.md,outro,geral
cisco,c46e2b7,2024-01-20,2024-W03,2024-01,Saturday,Alterado o arquivo readme.md,outro,geral
cisco,45a344c,2024-01-20,2024-W03,2024-01,Saturday,Alterado o arquivo readme.md,outro,geral
cisco,43698ba,2024-01-20,2024-W03,2024-01,Saturday,Alterado o arquivo readme.md,outro,geral
cisco,ab92bb7,2024-01-20,2024-W03,2024-01,Saturday,Alterado o arquivo readme.md,outro,geral
cisco,aa9f06a,2024-01-19,2024-W03,2024-01,Friday,Alterado o arquivo readme.md,outro,geral
cisco,1ac79f7,2024-01-19,2024-W03,2024-01,Friday,Alterado o arquivo readme.md,outro,geral
cisco,8e379d1,2024-01-19,2024-W03,2024-01,Friday,Alterado o arquivo readme.md,outro,geral
cisco,ca89456,2024-01-19,2024-W03,2024-01,Friday,Alterado o arquivo readme.md,outro,geral
cisco,42c1413,2024-01-19,2024-W03,2024-01,Friday,Alterado o arquivo readme.md,outro,geral
cisco,a1388e6,2024-01-19,2024-W03,2024-01,Friday,Alterado o arquivo readme.md,outro,geral
cisco,5b41a3a,2024-01-19,2024-W03,2024-01,Friday,Acertado imagens MainFrame,outro,geral
cisco,db36567,2024-01-19,2024-W03,2024-01,Friday,Acertado imagens MainFrame,outro,geral
cisco,374c1cc,2024-01-19,2024-W03,2024-01,Friday,Acertado imagens MainFrame,outro,geral
cisco,816da3b,2024-01-19,2024-W03,2024-01,Friday,Acertado imagens MainFrame,outro,geral
cisco,440b533,2024-01-19,2024-W03,2024-01,Friday,Acertado erros de pastas e imagens,outro,geral
cisco,0d0d122,2024-01-19,2024-W03,2024-01,Friday,Acertado erros de pastas e imagens,outro,geral
cisco,c4e247d,2024-01-19,2024-W03,2024-01,Friday,Acertado pastas,outro,geral
cisco,9ca2a0a,2024-01-19,2024-W03,2024-01,Friday,Acertado pastas,outro,geral
cisco,bc80b3e,2024-01-19,2024-W03,2024-01,Friday,Alterado o arquivo readme.md,outro,geral
cisco,a69e0a9,2024-01-19,2024-W03,2024-01,Friday,Alterado o arquivo readme.md,outro,geral
cisco,be457c0,2024-01-19,2024-W03,2024-01,Friday,Ajustado indices de pastas e adicionado a pasta 02 - O que são VMS,outro,geral
cisco,6d20762,2024-01-18,2024-W03,2024-01,Thursday,Alterado o arquivo readme.md,outro,geral
cisco,e8d472d,2024-01-18,2024-W03,2024-01,Thursday,Alterado o arquivo readme.md,outro,geral
cisco,88b383d,2024-01-18,2024-W03,2024-01,Thursday,Alterado o arquivo readme.md,outro,geral
cisco,bf6490f,2024-01-18,2024-W03,2024-01,Thursday,Alterado o arquivo readme.md,outro,geral
cisco,6f5e9e5,2024-01-18,2024-W03,2024-01,Thursday,Alterado o arquivo readme.md,outro,geral
cisco,738bf5c,2024-01-18,2024-W03,2024-01,Thursday,Alterado o arquivo readme.md,outro,geral
cisco,20963c0,2024-01-18,2024-W03,2024-01,Thursday,Alterado o arquivo readme.md,outro,geral
cisco,dcf7e1a,2024-01-18,2024-W03,2024-01,Thursday,Alterado o arquivo readme.md,outro,geral
cisco,722a6f9,2024-01-18,2024-W03,2024-01,Thursday,Alterado o arquivo readme.md,outro,geral
cisco,897c80c,2024-01-18,2024-W03,2024-01,Thursday,Alterado o arquivo readme.md,outro,geral
cisco,81f47b5,2024-01-18,2024-W03,2024-01,Thursday,Alterado o arquivo readme.md,outro,geral
cisco,7a1458e,2024-01-18,2024-W03,2024-01,Thursday,Alterado o arquivo readme.md,outro,geral
cisco,162b2c9,2024-01-18,2024-W03,2024-01,Thursday,Adicionado a pasta 04,outro,geral
cisco,8fa99ea,2024-01-18,2024-W03,2024-01,Thursday,Adicionado a pasta 04,outro,geral
cisco,449bc44,2024-01-18,2024-W03,2024-01,Thursday,Adicionado a pasta 04,outro,geral
cisco,4f3c7ae,2024-01-18,2024-W03,2024-01,Thursday,Adicionado a pasta 04,outro,geral
cisco,37535f8,2024-01-18,2024-W03,2024-01,Thursday,Adicionado a pasta 04,outro,geral
cisco,10fee77,2024-01-18,2024-W03,2024-01,Thursday,Adicionado a pasta 04,outro,geral
cisco,1eeba40,2024-01-18,2024-W03,2024-01,Thursday,Adicionado a pasta 04,outro,geral
cisco,c98ad27,2024-01-18,2024-W03,2024-01,Thursday,Adicionado a pasta 04,outro,geral
cisco,f4d133d,2024-01-18,2024-W03,2024-01,Thursday,Adicionado a pasta 04,outro,geral
cisco,b8612d4,2024-01-18,2024-W03,2024-01,Thursday,Alterado o arquivo readme.md,outro,geral
cisco,d50d850,2024-01-18,2024-W03,2024-01,Thursday,Alterado o arquivo readme.md,outro,geral
cisco,321feb0,2024-01-18,2024-W03,2024-01,Thursday,Alterado o arquivo readme.md,outro,geral
cisco,5176c9f,2024-01-18,2024-W03,2024-01,Thursday,Alterado o arquivo readme.md,outro,geral
cisco,42c86ef,2024-01-18,2024-W03,2024-01,Thursday,Alterado o arquivo readme.md,outro,geral
cisco,22da17c,2024-01-18,2024-W03,2024-01,Thursday,Alterado o arquivo readme.md,outro,geral
cisco,58b1f79,2024-01-18,2024-W03,2024-01,Thursday,Alterado o arquivo readme.md,outro,geral
cisco,5c2fa1e,2024-01-18,2024-W03,2024-01,Thursday,Alterado o arquivo readme.md,outro,geral
cisco,a6496a1,2024-01-18,2024-W03,2024-01,Thursday,Alterado o arquivo readme.md,outro,geral
cisco,b22da16,2024-01-18,2024-W03,2024-01,Thursday,Alterado o arquivo readme.md,outro,geral
cisco,e184984,2024-01-18,2024-W03,2024-01,Thursday,Alterado o arquivo readme.md,outro,geral
cisco,fa90516,2024-01-18,2024-W03,2024-01,Thursday,Alterado o arquivo readme.md,outro,geral
cisco,3069d82,2024-01-18,2024-W03,2024-01,Thursday,Alterado o arquivo readme.md,outro,geral
cisco,cbc9e22,2024-01-18,2024-W03,2024-01,Thursday,Alterado o arquivo readme.md,outro,geral
cisco,128b71b,2024-01-18,2024-W03,2024-01,Thursday,Alterado o arquivo readme.md,outro,geral
cisco,d06c825,2024-01-18,2024-W03,2024-01,Thursday,Alterado o arquivo readme.md,outro,geral
cisco,d54befb,2024-01-18,2024-W03,2024-01,Thursday,Alterado o arquivo readme.md,outro,geral
cisco,3c680e9,2024-01-18,2024-W03,2024-01,Thursday,Alterado o arquivo readme.md,outro,geral
cisco,e781e74,2024-01-18,2024-W03,2024-01,Thursday,Adicionado a pasta 03,outro,geral
cisco,4024b20,2024-01-18,2024-W03,2024-01,Thursday,Alterado o arquivo readme.md,outro,geral
cisco,9dbeca2,2024-01-18,2024-W03,2024-01,Thursday,Alterado o arquivo readme.md,outro,geral
cisco,257b9c0,2024-01-18,2024-W03,2024-01,Thursday,Alterado o arquivo readme.md,outro,geral
cisco,5a0a968,2024-01-18,2024-W03,2024-01,Thursday,Alterado o arquivo readme.md,outro,geral
cisco,7c822f8,2024-01-18,2024-W03,2024-01,Thursday,Alterado o arquivo readme.md,outro,geral
cisco,61f8f0f,2024-01-18,2024-W03,2024-01,Thursday,Alterado o arquivo readme.md,outro,geral
cisco,a4dd661,2024-01-18,2024-W03,2024-01,Thursday,Alterado o arquivo readme.md,outro,geral
cisco,c27e46b,2024-01-18,2024-W03,2024-01,Thursday,Alterado o arquivo readme.md,outro,geral
cisco,cf10ffd,2024-01-18,2024-W03,2024-01,Thursday,Alterado o arquivo readme.md,outro,geral
cisco,84c8563,2024-01-18,2024-W03,2024-01,Thursday,Alterado o arquivo readme.md,outro,geral
cisco,4ac97f3,2024-01-18,2024-W03,2024-01,Thursday,Alterado o arquivo readme.md,outro,geral
cisco,c446d97,2024-01-18,2024-W03,2024-01,Thursday,Alterado o arquivo readme.md,outro,geral
cisco,3cad22d,2024-01-18,2024-W03,2024-01,Thursday,alterado  arquivo readme.md,outro,geral
cisco,5dae297,2024-01-18,2024-W03,2024-01,Thursday,alterado  arquivo readme.md,outro,geral
cisco,acdeff4,2024-01-18,2024-W03,2024-01,Thursday,alterado  arquivo readme.md,outro,geral
cisco,4a00104,2024-01-18,2024-W03,2024-01,Thursday,alterado  arquivo readme.md,outro,geral
cisco,4e22a4b,2024-01-18,2024-W03,2024-01,Thursday,alterado  arquivo readme.md,outro,geral
cisco,2706336,2024-01-17,2024-W03,2024-01,Wednesday,alterado  arquivo readme.md,outro,geral
cisco,831f26f,2024-01-17,2024-W03,2024-01,Wednesday,alterado  arquivo readme.md,outro,geral
cisco,cc7732a,2024-01-17,2024-W03,2024-01,Wednesday,alterado  arquivo readme.md,outro,geral
cisco,92c2c59,2024-01-17,2024-W03,2024-01,Wednesday,alterado  arquivo readme.md,outro,geral
cisco,d8cbcac,2024-01-17,2024-W03,2024-01,Wednesday,alterado  arquivo readme.md,outro,geral
cisco,aad3012,2024-01-17,2024-W03,2024-01,Wednesday,alterado  arquivo readme.md,outro,geral
cisco,d035502,2024-01-17,2024-W03,2024-01,Wednesday,Adicionado as pastas 01 e 02,outro,geral
cisco,7bf1d50,2024-01-17,2024-W03,2024-01,Wednesday,Alterado o arquivo readme.md,outro,geral
cisco,938eafa,2024-01-17,2024-W03,2024-01,Wednesday,Alterado o arquivo readme.md,outro,geral
cisco,d196a27,2024-01-17,2024-W03,2024-01,Wednesday,Alterado o arquivo readme.md,outro,geral
cisco,a52d09c,2024-01-17,2024-W03,2024-01,Wednesday,Alterado o arquivo readme.md,outro,geral
cisco,4c90b73,2024-01-17,2024-W03,2024-01,Wednesday,Alterado o arquivo readme.md,outro,geral
cisco,4ff9af1,2024-01-17,2024-W03,2024-01,Wednesday,Alterado o arquivo readme.md,outro,geral
cisco,b4c1cf5,2024-01-17,2024-W03,2024-01,Wednesday,Alterado o arquivo readme.md,outro,geral
cisco,84a39a8,2024-01-17,2024-W03,2024-01,Wednesday,Adicionado a pasta 05,outro,geral
cisco,19e4395,2024-01-10,2024-W02,2024-01,Wednesday,Alterado o arquivo readme.md,outro,geral
cisco,af9cb57,2024-01-10,2024-W02,2024-01,Wednesday,Alterado o arquivo readme.md,outro,geral
cisco,33eea6b,2024-01-10,2024-W02,2024-01,Wednesday,Alterado o arquivo readme.md,outro,geral
cisco,35c98ff,2024-01-10,2024-W02,2024-01,Wednesday,Adicionado a pasta 03 - Hypervisor do Tipo 2,outro,geral
cisco,15a1905,2024-01-10,2024-W02,2024-01,Wednesday,Atualizado o blueprint,outro,geral
cisco,9cb5561,2024-01-10,2024-W02,2024-01,Wednesday,Alterado o arquivo readme.md,outro,geral
cisco,388619c,2024-01-10,2024-W02,2024-01,Wednesday,Alterado o arquivo readme.md,outro,geral
cisco,c17c580,2024-01-10,2024-W02,2024-01,Wednesday,Alterado o arquivo readme.md,outro,geral
cisco,03863cb,2024-01-10,2024-W02,2024-01,Wednesday,Alterado o arquivo readme.md,outro,geral
cisco,263f14c,2024-01-10,2024-W02,2024-01,Wednesday,Alterado o arquivo readme.md,outro,geral
cisco,c7969e7,2024-01-10,2024-W02,2024-01,Wednesday,Alterado o arquivo readme.md,outro,geral
cisco,1f82bc0,2024-01-10,2024-W02,2024-01,Wednesday,Alterado o arquivo readme.md,outro,geral
cisco,8517326,2024-01-10,2024-W02,2024-01,Wednesday,Alterado o arquivo readme.md,outro,geral
cisco,c405880,2024-01-10,2024-W02,2024-01,Wednesday,Adicionado a pasta 02 - Hypervisor Tipo 01,outro,geral
cisco,85762c6,2024-01-09,2024-W02,2024-01,Tuesday,Alterado o arquivo readme.md,outro,geral
cisco,2e4e913,2024-01-09,2024-W02,2024-01,Tuesday,Adicionado a pasta 01 do ítem 02 - Virtualização,outro,geral
cisco,f5b86d1,2024-01-06,2024-W01,2024-01,Saturday,Alterad o arquivo readme.md,outro,geral
cisco,9514bda,2024-01-06,2024-W01,2024-01,Saturday,Alterad o arquivo readme.md,outro,geral
cisco,17c1c51,2024-01-06,2024-W01,2024-01,Saturday,Alterad o arquivo readme.md,outro,geral
cisco,b27a00c,2024-01-06,2024-W01,2024-01,Saturday,Alterad o arquivo readme.md,outro,geral
cisco,a67f1f6,2024-01-06,2024-W01,2024-01,Saturday,Alterad o arquivo readme.md,outro,geral
cisco,5f1cb71,2024-01-06,2024-W01,2024-01,Saturday,Alterad o arquivo readme.md,outro,geral
cisco,3ae9d34,2024-01-06,2024-W01,2024-01,Saturday,Alterad o arquivo readme.md,outro,geral
cisco,4b80d81,2024-01-06,2024-W01,2024-01,Saturday,Alterad o arquivo readme.md,outro,geral
cisco,bc5a118,2024-01-06,2024-W01,2024-01,Saturday,Alterad o arquivo readme.md,outro,geral
cisco,35f2a02,2024-01-06,2024-W01,2024-01,Saturday,Adicionado a pasta 08,outro,geral
cisco,826a1f6,2024-01-06,2024-W01,2024-01,Saturday,Alterado o arquivo readme.md,outro,geral
cisco,4bbc081,2024-01-06,2024-W01,2024-01,Saturday,Alterado o arquivo readme.md,outro,geral
cisco,3e65642,2024-01-06,2024-W01,2024-01,Saturday,Alterado o arquivo readme.md,outro,geral
cisco,0cc8e36,2024-01-06,2024-W01,2024-01,Saturday,Alterado o arquivo readme.md,outro,geral
cisco,2af208a,2024-01-06,2024-W01,2024-01,Saturday,Alterado o arquivo readme.md,outro,geral
cisco,c3b21da,2024-01-06,2024-W01,2024-01,Saturday,Alterado o arquivo readme.md,outro,geral
cisco,28ed145,2024-01-06,2024-W01,2024-01,Saturday,Alterado o arquivo readme.md,outro,geral
cisco,8166d18,2024-01-06,2024-W01,2024-01,Saturday,Alterado o arquivo readme.md,outro,geral
cisco,3a68da8,2024-01-06,2024-W01,2024-01,Saturday,Alterado o arquivo readme.md,outro,geral
cisco,e19b628,2024-01-06,2024-W01,2024-01,Saturday,Alterado o arquivo readme.md,outro,geral
cisco,4954122,2024-01-06,2024-W01,2024-01,Saturday,Alterado o arquivo readme.md,outro,geral
cisco,68d8c1d,2024-01-05,2024-W01,2024-01,Friday,Alterado o arquivo readme.md,outro,geral
cisco,98c8e5f,2024-01-05,2024-W01,2024-01,Friday,Alterado o arquivo readme.md,outro,geral
cisco,6dd6272,2024-01-05,2024-W01,2024-01,Friday,Alterado o arquivo readme.md,outro,geral
cisco,692045f,2024-01-05,2024-W01,2024-01,Friday,Adicionado a pasta 07,outro,geral
cisco,310228e,2024-01-05,2024-W01,2024-01,Friday,Adicionado a nova pasta 06,outro,geral
cisco,ce4bbf3,2024-01-05,2024-W01,2024-01,Friday,Adicionado a nova pasta 06,outro,geral
cisco,55d5355,2024-01-05,2024-W01,2024-01,Friday,Adicionado a nova pasta 06,outro,geral
cisco,bb977fa,2024-01-05,2024-W01,2024-01,Friday,Adicionado a nova pasta 06,outro,geral
cisco,0ceec52,2024-01-05,2024-W01,2024-01,Friday,Adicionado a nova pasta 06,outro,geral
cisco,273a996,2024-01-05,2024-W01,2024-01,Friday,Adicionado a nova pasta 06,outro,geral
cisco,c47df0b,2024-01-05,2024-W01,2024-01,Friday,Adicionado a nova pasta 06,outro,geral
cisco,85ba554,2024-01-05,2024-W01,2024-01,Friday,Apagado a pasta 5,outro,geral
cisco,143db2f,2024-01-05,2024-W01,2024-01,Friday,Alterado o arquivo readme.md,outro,geral
cisco,14bb0c9,2024-01-05,2024-W01,2024-01,Friday,Alterado o arquivo readme.md,outro,geral
cisco,52f1b18,2024-01-05,2024-W01,2024-01,Friday,Alterado o arquivo readme.md,outro,geral
cisco,0414aa1,2024-01-05,2024-W01,2024-01,Friday,Alterado o arquivo readme.md,outro,geral
cisco,6c89dd9,2024-01-05,2024-W01,2024-01,Friday,Alterado o arquivo readme.md,outro,geral
cisco,93c07c5,2024-01-05,2024-W01,2024-01,Friday,Alterado o arquivo readme.md,outro,geral
cisco,9d27a51,2024-01-05,2024-W01,2024-01,Friday,Alterado o arquivo readme.md,outro,geral
cisco,e47f271,2024-01-05,2024-W01,2024-01,Friday,Alterado o arquivo readme.md,outro,geral
cisco,23e6735,2024-01-05,2024-W01,2024-01,Friday,Alterado o nome da pasta 05,outro,geral
cisco,2b67935,2024-01-05,2024-W01,2024-01,Friday,Adicionado a pasta Blueprint,outro,geral
cisco,7a6efa4,2024-01-05,2024-W01,2024-01,Friday,Alterado o nome da pasta 05,outro,geral
cisco,6e639ee,2024-01-05,2024-W01,2024-01,Friday,Alterado o nome da pasta 05,outro,geral
cisco,8f52538,2024-01-05,2024-W01,2024-01,Friday,Aletardo o arquivo readme.md,outro,geral
cisco,84f4171,2024-01-05,2024-W01,2024-01,Friday,Aletardo o arquivo readme.md,outro,geral
cisco,abc9dac,2024-01-05,2024-W01,2024-01,Friday,Aletardo o arquivo readme.md,outro,geral
cisco,40b3ca2,2024-01-05,2024-W01,2024-01,Friday,Aletardo o arquivo readme.md,outro,geral
cisco,28a4b5b,2024-01-05,2024-W01,2024-01,Friday,Aletardo o arquivo readme.md,outro,geral
cisco,7819079,2024-01-05,2024-W01,2024-01,Friday,Aletardo o arquivo readme.md,outro,geral
cisco,1a8f2b9,2024-01-05,2024-W01,2024-01,Friday,Aletardo o arquivo readme.md,outro,geral
cisco,2be935e,2024-01-05,2024-W01,2024-01,Friday,Aletardo o arquivo readme.md,outro,geral
cisco,099a650,2024-01-05,2024-W01,2024-01,Friday,Aletardo o arquivo readme.md,outro,geral
cisco,52c7ccc,2024-01-05,2024-W01,2024-01,Friday,Aletardo o arquivo readme.md,outro,geral
cisco,936398f,2024-01-05,2024-W01,2024-01,Friday,Aletardo o arquivo readme.md,outro,geral
cisco,36e389e,2024-01-05,2024-W01,2024-01,Friday,Aletardo o arquivo readme.md,outro,geral
cisco,89d71a4,2024-01-04,2024-W01,2024-01,Thursday,Aletardo o arquivo readme.md,outro,geral
cisco,7bfffa4,2024-01-04,2024-W01,2024-01,Thursday,Aletardo o arquivo readme.md,outro,geral
cisco,6080ece,2024-01-04,2024-W01,2024-01,Thursday,Adicionado a pasta 05,outro,geral
cisco,3ee24b8,2024-01-04,2024-W01,2024-01,Thursday,Alterado o arquivo readme.md,outro,geral
cisco,1b512e8,2024-01-04,2024-W01,2024-01,Thursday,Alterado o arquivo readme.md,outro,geral
cisco,d4bc309,2024-01-04,2024-W01,2024-01,Thursday,Alterado o arquivo readme.md,outro,geral
cisco,c09c984,2024-01-04,2024-W01,2024-01,Thursday,Alterado o arquivo readme.md,outro,geral
cisco,1a2ca93,2024-01-04,2024-W01,2024-01,Thursday,Alterado o arquivo readme.md,outro,geral
cisco,97853c1,2024-01-04,2024-W01,2024-01,Thursday,Adicionado a pasta 04 Switching Distribuido e Centralizado,outro,geral
cisco,4c59080,2024-01-04,2024-W01,2024-01,Thursday,Alterado o arquivo readme.md,outro,geral
cisco,d07878f,2024-01-04,2024-W01,2024-01,Thursday,Alterado o arquivo readme.md,outro,geral
cisco,1d92bad,2024-01-04,2024-W01,2024-01,Thursday,Alterado o arquivo readme.md,outro,geral
cisco,90e3836,2024-01-04,2024-W01,2024-01,Thursday,Alterado o arquivo readme.md,outro,geral
cisco,ebacf2e,2024-01-04,2024-W01,2024-01,Thursday,Alterado o arquivo readme.md,outro,geral
cisco,1001e85,2024-01-04,2024-W01,2024-01,Thursday,Adicionado a pasta 03,outro,geral
cisco,195d1e6,2024-01-04,2024-W01,2024-01,Thursday,Alterado o arquivo readme.md,outro,geral
cisco,8f796fb,2024-01-04,2024-W01,2024-01,Thursday,Alterado o arquivo readme.md,outro,geral
cisco,fc77816,2024-01-03,2024-W01,2024-01,Wednesday,Alterado o arquivo readme.md,outro,geral
cisco,f999254,2024-01-03,2024-W01,2024-01,Wednesday,Alterado o arquivo readme.md,outro,geral
cisco,030f640,2024-01-03,2024-W01,2024-01,Wednesday,Alterado o arquivo readme.md,outro,geral
cisco,7268775,2024-01-03,2024-W01,2024-01,Wednesday,Alterado o arquivo readme.md,outro,geral
cisco,4a5afc7,2024-01-03,2024-W01,2024-01,Wednesday,Adicionado a pasta 02,outro,geral
cisco,0d9fa2a,2024-01-03,2024-W01,2024-01,Wednesday,Adicionado a pasta 02,outro,geral
cisco,0340333,2024-01-03,2024-W01,2024-01,Wednesday,Adicionado a pasta 02,outro,geral
cisco,2685ce1,2024-01-03,2024-W01,2024-01,Wednesday,Removido pasta de progresso,outro,geral
cisco,9fb0c65,2024-01-02,2024-W01,2024-01,Tuesday,Adicionado a pasta BLUEPRINT E PROGRESSO,outro,geral
cisco,eba8825,2024-01-02,2024-W01,2024-01,Tuesday,Adicionado a pasta 24,outro,geral
cisco,bdd1b4b,2023-12-30,2023-W52,2023-12,Saturday,Alterado o arquivo readme.md,outro,geral
cisco,d9a7067,2023-12-30,2023-W52,2023-12,Saturday,Alterado o arquivo readme.md,outro,geral
cisco,727a35b,2023-12-30,2023-W52,2023-12,Saturday,Alterado o arquivo readme.md,outro,geral
cisco,664d870,2023-12-30,2023-W52,2023-12,Saturday,Alterado o arquivo readme.md,outro,geral
cisco,3eefb5d,2023-12-30,2023-W52,2023-12,Saturday,Alterado o arquivo readme.md,outro,geral
cisco,4100473,2023-12-30,2023-W52,2023-12,Saturday,Alterado o arquivo readme.md,outro,geral
cisco,0ce38d2,2023-12-30,2023-W52,2023-12,Saturday,Alterado o arquivo readme.md,outro,geral
cisco,a026472,2023-12-30,2023-W52,2023-12,Saturday,Alterado o arquivo readme.md,outro,geral
cisco,1af92ec,2023-12-30,2023-W52,2023-12,Saturday,Alterado o arquivo readme.md,outro,geral
cisco,fa57ca6,2023-12-30,2023-W52,2023-12,Saturday,Alterado o arquivo readme.md,outro,geral
cisco,04b12ef,2023-12-30,2023-W52,2023-12,Saturday,Alterado o arquivo readme.md,outro,geral
cisco,f2e86f7,2023-12-30,2023-W52,2023-12,Saturday,Alterado o arquivo readme.md,outro,geral
cisco,93a755b,2023-12-30,2023-W52,2023-12,Saturday,Alterado o arquivo readme.md,outro,geral
cisco,4787d69,2023-12-30,2023-W52,2023-12,Saturday,Alterado o arquivo readme.md,outro,geral
cisco,cc9ebb4,2023-12-30,2023-W52,2023-12,Saturday,Alterado o arquivo readme.md,outro,geral
cisco,d844ce2,2023-12-30,2023-W52,2023-12,Saturday,Alterado o arquivo readme.md,outro,geral
cisco,b5806e5,2023-12-30,2023-W52,2023-12,Saturday,Alterado o arquivo readme.md,outro,geral
cisco,a999455,2023-12-30,2023-W52,2023-12,Saturday,Alterado o arquivo readme.md,outro,geral
cisco,bf9fe72,2023-12-30,2023-W52,2023-12,Saturday,Adicionado a pasta 23,outro,geral
cisco,540c5c6,2023-12-28,2023-W52,2023-12,Thursday,Alterado o arquivo readme.md,outro,geral
cisco,572c470,2023-12-28,2023-W52,2023-12,Thursday,Adicionado a pasta 22,outro,geral
cisco,668acf6,2023-12-28,2023-W52,2023-12,Thursday,Alterado o arquivo readme.md,outro,geral
cisco,e35b820,2023-12-28,2023-W52,2023-12,Thursday,Alterado o arquivo readme.md,outro,geral
cisco,b9de773,2023-12-27,2023-W52,2023-12,Wednesday,Alterado o arquivo readme.md,outro,geral
cisco,f45d6f9,2023-12-27,2023-W52,2023-12,Wednesday,Alterado o arquivo readme.md,outro,geral
cisco,5f15810,2023-12-27,2023-W52,2023-12,Wednesday,Adicionado a pasta 21,outro,geral
cisco,7d2a689,2023-12-27,2023-W52,2023-12,Wednesday,Alterado o arquivo readme.md,outro,geral
cisco,41348b2,2023-12-27,2023-W52,2023-12,Wednesday,Alterado o arquivo readme.md,outro,geral
cisco,c5ef2c4,2023-12-27,2023-W52,2023-12,Wednesday,Alterado o arquivo readme.md,outro,geral
cisco,2eafb5a,2023-12-27,2023-W52,2023-12,Wednesday,Alterado o arquivo readme.md,outro,geral
cisco,11ac0d3,2023-12-27,2023-W52,2023-12,Wednesday,Alterado o arquivo readme.md,outro,geral
cisco,b339f09,2023-12-27,2023-W52,2023-12,Wednesday,Alterado o arquivo readme.md,outro,geral
cisco,43c0949,2023-12-27,2023-W52,2023-12,Wednesday,Alterado o arquivo readme.md,outro,geral
cisco,2a92570,2023-12-27,2023-W52,2023-12,Wednesday,Alterado o arquivo readme.md,outro,geral
cisco,62183fa,2023-12-27,2023-W52,2023-12,Wednesday,Alterado o arquivo readme.md,outro,geral
cisco,be0e0c8,2023-12-27,2023-W52,2023-12,Wednesday,Alterado o arquivo readme.md,outro,geral
cisco,17f5e94,2023-12-27,2023-W52,2023-12,Wednesday,Alterado o arquivo readme.md,outro,geral
cisco,3d213e6,2023-12-27,2023-W52,2023-12,Wednesday,Adicionado a pasta 20,outro,geral
cisco,16ce32e,2023-12-27,2023-W52,2023-12,Wednesday,Alterado o arquivo readme.md,outro,geral
cisco,85d9fb3,2023-12-27,2023-W52,2023-12,Wednesday,Alterado o arquivo readme.md,outro,geral
cisco,2f6ae26,2023-12-27,2023-W52,2023-12,Wednesday,Alterado o arquivo readme.md,outro,geral
cisco,2d00e16,2023-12-27,2023-W52,2023-12,Wednesday,Alterado o arquivo readme.md,outro,geral
cisco,79559ca,2023-12-27,2023-W52,2023-12,Wednesday,Alterado o arquivo readme.md,outro,geral
cisco,e2c2137,2023-12-27,2023-W52,2023-12,Wednesday,Alterado o nome da pasta 19,outro,geral
cisco,dcd1b4c,2023-12-27,2023-W52,2023-12,Wednesday,Alterado o nome da pasta 18,outro,geral
cisco,924dd6d,2023-12-27,2023-W52,2023-12,Wednesday,Alterado o arquivo readme.md,outro,geral
cisco,be09eb9,2023-12-27,2023-W52,2023-12,Wednesday,Alterado o arquivo readme.md,outro,geral
cisco,cf96fb5,2023-12-27,2023-W52,2023-12,Wednesday,Alterado o arquivo readme.md,outro,geral
cisco,32d4d6e,2023-12-27,2023-W52,2023-12,Wednesday,Alterado o arquivo readme.md,outro,geral
cisco,73fa034,2023-12-27,2023-W52,2023-12,Wednesday,Adicionado a pasta 18,outro,geral
cisco,75305eb,2023-12-27,2023-W52,2023-12,Wednesday,Adicionado a pasta 18,outro,geral
cisco,5865745,2023-12-27,2023-W52,2023-12,Wednesday,Realizado revisão gramatical,outro,geral
cisco,de63bff,2023-12-27,2023-W52,2023-12,Wednesday,Realizado revisão gramatical,outro,geral
cisco,ba7d514,2023-12-27,2023-W52,2023-12,Wednesday,Realizado revisão gramatical,outro,geral
cisco,232d5e0,2023-12-27,2023-W52,2023-12,Wednesday,Realizado revisão gramatical,outro,geral
cisco,bca6297,2023-12-27,2023-W52,2023-12,Wednesday,Alterado o arquivo readme.md,outro,geral
cisco,05840dc,2023-12-27,2023-W52,2023-12,Wednesday,Alterado imagens,outro,geral
cisco,0d5d42f,2023-12-27,2023-W52,2023-12,Wednesday,Alterado o arquivo readme.md,outro,geral
cisco,3600919,2023-12-27,2023-W52,2023-12,Wednesday,Alterado o arquivo readme.md,outro,geral
cisco,70e8f25,2023-12-27,2023-W52,2023-12,Wednesday,Alterado o arquivo readme.md,outro,geral
cisco,15f5200,2023-12-27,2023-W52,2023-12,Wednesday,Alterado o arquivo readme.md,outro,geral
cisco,5c309cc,2023-12-27,2023-W52,2023-12,Wednesday,Alterado o arquivo readme.md,outro,geral
cisco,9895039,2023-12-26,2023-W52,2023-12,Tuesday,Alterado o arquivo readme.md,outro,geral
cisco,d8e8e94,2023-12-26,2023-W52,2023-12,Tuesday,Adicionado a pasta 17,outro,geral
cisco,bfc6fef,2023-12-26,2023-W52,2023-12,Tuesday,Alterado o arquivo readme.md,outro,geral
cisco,a1fae68,2023-12-26,2023-W52,2023-12,Tuesday,Alterado o arquivo readme.md,outro,geral
cisco,0f00726,2023-12-26,2023-W52,2023-12,Tuesday,Adicionado a pasta 16,outro,geral
cisco,f5353cb,2023-12-26,2023-W52,2023-12,Tuesday,Adicionado a pasta 16,outro,geral
cisco,bdd82ae,2023-12-26,2023-W52,2023-12,Tuesday,Alterado o arquivo readme.md,outro,geral
cisco,57c90b6,2023-12-26,2023-W52,2023-12,Tuesday,Alterado o arquivo readme.md,outro,geral
cisco,8e1dc7d,2023-12-26,2023-W52,2023-12,Tuesday,Alterado o arquivo readme.md,outro,geral
cisco,d9633b9,2023-12-26,2023-W52,2023-12,Tuesday,Alterado o arquivo readme.md,outro,geral
cisco,dce3504,2023-12-26,2023-W52,2023-12,Tuesday,Alterado o arquivo readme.md,outro,geral
cisco,1fbd034,2023-12-26,2023-W52,2023-12,Tuesday,Alterado o arquivo readme.md,outro,geral
cisco,9ab90bf,2023-12-26,2023-W52,2023-12,Tuesday,Adicionado a pasta 15,outro,geral
cisco,f003169,2023-12-26,2023-W52,2023-12,Tuesday,Adicionado a pasta 15,outro,geral
cisco,e16386f,2023-12-26,2023-W52,2023-12,Tuesday,Alterado o arquivo readme.md,outro,geral
cisco,d46c00c,2023-12-26,2023-W52,2023-12,Tuesday,Alterado o arquivo readme.md,outro,geral
cisco,772f0ae,2023-12-26,2023-W52,2023-12,Tuesday,Alterado o arquivo readme.md,outro,geral
cisco,510d367,2023-12-26,2023-W52,2023-12,Tuesday,Alterado o arquivo readme.md,outro,geral
cisco,bd61bb0,2023-12-26,2023-W52,2023-12,Tuesday,Alterado o arquivo readme.md,outro,geral
cisco,1f39394,2023-12-26,2023-W52,2023-12,Tuesday,Alterado o arquivo readme.md,outro,geral
cisco,0586a31,2023-12-26,2023-W52,2023-12,Tuesday,Alterado o arquivo readme.md,outro,geral
cisco,26bdd9f,2023-12-26,2023-W52,2023-12,Tuesday,Alterado o arquivo readme.md,outro,geral
cisco,3f588ed,2023-12-26,2023-W52,2023-12,Tuesday,Alterado o arquivo readme.md,outro,geral
cisco,23368b4,2023-12-26,2023-W52,2023-12,Tuesday,Alterado o arquivo readme.md,outro,geral
cisco,37637ae,2023-12-26,2023-W52,2023-12,Tuesday,Alterado o arquivo readme.md,outro,geral
cisco,39fe737,2023-12-23,2023-W51,2023-12,Saturday,Alterado o arquivo readme.md,outro,geral
cisco,e31f2d2,2023-12-23,2023-W51,2023-12,Saturday,Alterado o arquivo readme.md,outro,geral
cisco,09212e8,2023-12-23,2023-W51,2023-12,Saturday,Alterado o arquivo readme.md,outro,geral
cisco,182e2b3,2023-12-23,2023-W51,2023-12,Saturday,Alterado o arquivo readme.md,outro,geral
cisco,8004a1d,2023-12-23,2023-W51,2023-12,Saturday,Alterado o arquivo readme.md,outro,geral
cisco,78d32af,2023-12-23,2023-W51,2023-12,Saturday,Alterado o arquivo readme.md,outro,geral
cisco,af63384,2023-12-23,2023-W51,2023-12,Saturday,Alterado o arquivo readme.md,outro,geral
cisco,416a734,2023-12-23,2023-W51,2023-12,Saturday,Alterado o arquivo readme.md,outro,geral
cisco,98c2ec5,2023-12-23,2023-W51,2023-12,Saturday,Alterado o arquivo readme.md,outro,geral
cisco,352d25f,2023-12-23,2023-W51,2023-12,Saturday,Alterado o arquivo readme.md,outro,geral
cisco,01fd430,2023-12-23,2023-W51,2023-12,Saturday,Alterado o arquivo readme.md,outro,geral
cisco,726ebb9,2023-12-23,2023-W51,2023-12,Saturday,Alterado o arquivo readme.md,outro,geral
cisco,f643ce5,2023-12-23,2023-W51,2023-12,Saturday,Alterado o arquivo readme.md,outro,geral
cisco,4824d6f,2023-12-23,2023-W51,2023-12,Saturday,Alterado o arquivo readme.md,outro,geral
cisco,891caf8,2023-12-23,2023-W51,2023-12,Saturday,Alterado o arquivo readme.md,outro,geral
cisco,4663ed7,2023-12-22,2023-W51,2023-12,Friday,Alterado o arquivo readme.md,outro,geral
cisco,1163708,2023-12-21,2023-W51,2023-12,Thursday,Alterado o arquivo readme.md,outro,geral
cisco,de41668,2023-12-21,2023-W51,2023-12,Thursday,Adicionado a pasta 14 - Policing X Shapping,outro,geral
cisco,4d2ab1c,2023-12-21,2023-W51,2023-12,Thursday,Alterado o arquivo readme.md,outro,geral
cisco,f2b03ef,2023-12-21,2023-W51,2023-12,Thursday,Alterado o arquivo readme.md,outro,geral
cisco,70f4652,2023-12-21,2023-W51,2023-12,Thursday,Alterado o arquivo readme.md,outro,geral
cisco,3e9f04d,2023-12-21,2023-W51,2023-12,Thursday,Alterado o arquivo readme.md,outro,geral
cisco,daca620,2023-12-21,2023-W51,2023-12,Thursday,Alterado o arquivo readme.md,outro,geral
cisco,3a6f718,2023-12-21,2023-W51,2023-12,Thursday,Alterado o arquivo readme.md,outro,geral
cisco,873a9a5,2023-12-21,2023-W51,2023-12,Thursday,Adicionado a pasta 13,outro,geral
cisco,ca891b4,2023-12-20,2023-W51,2023-12,Wednesday,Alterado o arquivo Readme.md,outro,geral
cisco,ba769d9,2023-12-20,2023-W51,2023-12,Wednesday,Alterado o arquivo Readme.md,outro,geral
cisco,3747fe4,2023-12-20,2023-W51,2023-12,Wednesday,"Alterados os arquivos das pastas 10, 11 e 12",outro,geral
cisco,0b18ef5,2023-12-20,2023-W51,2023-12,Wednesday,Alterado o arquivo Readme.md,outro,geral
cisco,ef9f01f,2023-12-20,2023-W51,2023-12,Wednesday,Alterado o arquivo Readme.md,outro,geral
cisco,1cfe6dc,2023-12-20,2023-W51,2023-12,Wednesday,Alterado o arquivo Readme.md,outro,geral
cisco,060a27b,2023-12-20,2023-W51,2023-12,Wednesday,Alterado o arquivo Readme.md,outro,geral
cisco,7760d70,2023-12-20,2023-W51,2023-12,Wednesday,Alterado o arquivo Readme.md,outro,geral
cisco,a9b99bb,2023-12-20,2023-W51,2023-12,Wednesday,Alterado o arquivo Readme.md,outro,geral
cisco,d383172,2023-12-20,2023-W51,2023-12,Wednesday,Alterado o arquivo Readme.md,outro,geral
cisco,9838d1d,2023-12-18,2023-W51,2023-12,Monday,Alterado o arquivo Readme.md,outro,geral
cisco,cf5043a,2023-12-18,2023-W51,2023-12,Monday,Adicionado a pasta 12-Exemplo Prático de QoS - 03,outro,geral
cisco,52ac121,2023-12-15,2023-W50,2023-12,Friday,Alterado o arquivo readme.md,outro,geral
cisco,2d9ec55,2023-12-15,2023-W50,2023-12,Friday,Alterado o arquivo readme.md,outro,geral
cisco,8d4a01a,2023-12-15,2023-W50,2023-12,Friday,Adicionado a pasta 11-Exemplo Prático de QoS - 02,outro,geral
cisco,da88b3d,2023-12-15,2023-W50,2023-12,Friday,Adicionado a pasta 11-Exemplo Prático de QoS - 02,outro,geral
cisco,da055a7,2023-12-15,2023-W50,2023-12,Friday,Adicionado a pasta 11-Exemplo Prático de QoS - 02,outro,geral
cisco,0cf879d,2023-12-15,2023-W50,2023-12,Friday,Alterado o arquivo readme.md,outro,geral
cisco,8b154ef,2023-12-15,2023-W50,2023-12,Friday,Alterado o arquivo readme.md,outro,geral
cisco,5e6f86c,2023-12-15,2023-W50,2023-12,Friday,Alterado o arquivo readme.md,outro,geral
cisco,67e3a89,2023-12-15,2023-W50,2023-12,Friday,Alterado o arquivo readme.md,outro,geral
cisco,ace5f02,2023-12-15,2023-W50,2023-12,Friday,Alterado o arquivo readme.md,outro,geral
cisco,930d759,2023-12-15,2023-W50,2023-12,Friday,Alterado o arquivo readme.md,outro,geral
cisco,f2e5744,2023-12-15,2023-W50,2023-12,Friday,Alterado o arquivo readme.md,outro,geral
cisco,d607583,2023-12-15,2023-W50,2023-12,Friday,Alterado o arquivo readme.md,outro,geral
cisco,708afaa,2023-12-15,2023-W50,2023-12,Friday,Alterado o arquivo readme.md,outro,geral
cisco,aa0a782,2023-12-15,2023-W50,2023-12,Friday,Alterado o arquivo readme.md,outro,geral
cisco,1e14ee9,2023-12-15,2023-W50,2023-12,Friday,Alterado o arquivo readme.md,outro,geral
cisco,62fdf88,2023-12-14,2023-W50,2023-12,Thursday,Adicionado a pasta 10-Exemplo Pratico de QoS,outro,geral
cisco,2ac43f6,2023-12-14,2023-W50,2023-12,Thursday,Adicionado a pasta 10-Exemplo Pratico de QoS,outro,geral
cisco,29485a2,2023-12-14,2023-W50,2023-12,Thursday,Adicionado a pasta 10-Exemplo Pratico de QoS,outro,geral
cisco,8eac53c,2023-12-14,2023-W50,2023-12,Thursday,Adicionado a pasta 10-Exemplo Pratico de QoS,outro,geral
cisco,6661d9c,2023-12-14,2023-W50,2023-12,Thursday,Adicionado a pasta 10-Exemplo Pratico de QoS,outro,geral
cisco,326874c,2023-12-14,2023-W50,2023-12,Thursday,Adicionado a pasta 10-Exemplo Pratico de QoS,outro,geral
cisco,5551c19,2023-12-14,2023-W50,2023-12,Thursday,Adicionado a pasta 10-Exemplo Pratico de QoS,outro,geral
cisco,1dc1e49,2023-12-14,2023-W50,2023-12,Thursday,Adicionado a pasta 10-Exemplo Pratico de QoS,outro,geral
cisco,83ef287,2023-12-13,2023-W50,2023-12,Wednesday,Adicionado a pasta 10-Exemplo Pratico de QoS,outro,geral
cisco,a0b9bae,2023-12-13,2023-W50,2023-12,Wednesday,Adicionado a pasta 10-Exemplo Pratico de QoS,outro,geral
cisco,0359489,2023-12-13,2023-W50,2023-12,Wednesday,Adicionado a pasta 10-Exemplo Pratico de QoS,outro,geral
cisco,02fd561,2023-12-13,2023-W50,2023-12,Wednesday,Adicionado a pasta 10-Exemplo Pratico de QoS,outro,geral
cisco,9a09062,2023-12-13,2023-W50,2023-12,Wednesday,Adicionado a pasta 10-Exemplo Pratico de QoS,outro,geral
cisco,a4c3db0,2023-12-13,2023-W50,2023-12,Wednesday,Adicionado a pasta 10-Exemplo Pratico de QoS,outro,geral
cisco,1ea1dca,2023-12-13,2023-W50,2023-12,Wednesday,Adicionado a pasta 10-Exemplo Pratico de QoS,outro,geral
cisco,4c37466,2023-12-13,2023-W50,2023-12,Wednesday,Adicionado a pasta 10-Exemplo Pratico de QoS,outro,geral
cisco,d0a218b,2023-12-13,2023-W50,2023-12,Wednesday,Adicionado a pasta 10-Exemplo Pratico de QoS,outro,geral
cisco,c7c4583,2023-12-13,2023-W50,2023-12,Wednesday,Adicionado a pasta 10-Exemplo Pratico de QoS,outro,geral
cisco,845b9ee,2023-12-13,2023-W50,2023-12,Wednesday,Adicionado a pasta 10-Exemplo Pratico de QoS,outro,geral
cisco,f80ad43,2023-12-13,2023-W50,2023-12,Wednesday,Alterado o arquivo readme.md,outro,geral
cisco,18864e4,2023-12-13,2023-W50,2023-12,Wednesday,Alterado o arquivo readme.md,outro,geral
cisco,5e09835,2023-12-13,2023-W50,2023-12,Wednesday,Alterado o arquivo readme.md,outro,geral
cisco,48aa5b2,2023-12-13,2023-W50,2023-12,Wednesday,Alterado o arquivo readme.md,outro,geral
cisco,2328d83,2023-12-13,2023-W50,2023-12,Wednesday,Alterado o arquivo readme.md,outro,geral
cisco,4e34733,2023-12-13,2023-W50,2023-12,Wednesday,Alterado o arquivo readme.md,outro,geral
cisco,8ede816,2023-12-13,2023-W50,2023-12,Wednesday,Alterado o arquivo readme.md,outro,geral
cisco,1e40432,2023-12-13,2023-W50,2023-12,Wednesday,Alterado o arquivo readme.md,outro,geral
cisco,9e34eb3,2023-12-13,2023-W50,2023-12,Wednesday,Alterado o arquivo readme.md,outro,geral
cisco,ea1498d,2023-12-13,2023-W50,2023-12,Wednesday,Alterado o arquivo readme.md,outro,geral
cisco,d624d41,2023-12-13,2023-W50,2023-12,Wednesday,Alterado o arquivo readme.md,outro,geral
cisco,fa69393,2023-12-13,2023-W50,2023-12,Wednesday,Adicionado a pasta 10-Exemplo Pratico de QoS,outro,geral
cisco,6d7cbdd,2023-12-13,2023-W50,2023-12,Wednesday,Adicionado a pasta 10-Exemplo Pratico de QoS,outro,geral
cisco,75652a4,2023-12-13,2023-W50,2023-12,Wednesday,Adicionado a pasta 10-Exemplo Pratico de QoS,outro,geral
cisco,8d2575a,2023-12-08,2023-W49,2023-12,Friday,Adicionado a pasta 10-Exemplo Pratico de QoS,outro,geral
cisco,781b2cc,2023-12-07,2023-W49,2023-12,Thursday,Alterado o readme.md,outro,geral
cisco,ea28296,2023-12-07,2023-W49,2023-12,Thursday,Alterado o readme.md,outro,geral
cisco,de56344,2023-12-07,2023-W49,2023-12,Thursday,Alterado o readme.md,outro,geral
cisco,9f71108,2023-12-07,2023-W49,2023-12,Thursday,Alterado o readme.md,outro,geral
cisco,e5442dd,2023-12-07,2023-W49,2023-12,Thursday,Adicionado a pasta 08-Exemplo de Wirelles QoS,outro,geral
cisco,0759184,2023-12-07,2023-W49,2023-12,Thursday,Alterado o readme.md,outro,geral
cisco,4973f29,2023-12-07,2023-W49,2023-12,Thursday,Alterado o readme.md,outro,geral
cisco,d5d8551,2023-12-07,2023-W49,2023-12,Thursday,Alterado o readme.md,outro,geral
cisco,7102c45,2023-12-07,2023-W49,2023-12,Thursday,Alterado o readme.md,outro,geral
cisco,6971f3b,2023-12-07,2023-W49,2023-12,Thursday,Alterado o readme.md,outro,geral
cisco,27e172b,2023-12-07,2023-W49,2023-12,Thursday,Alterado o readme.md,outro,geral
cisco,3ecabb1,2023-12-07,2023-W49,2023-12,Thursday,Alterado o readme.md,outro,geral
cisco,f98a909,2023-12-07,2023-W49,2023-12,Thursday,Alterado o readme.md,outro,geral
cisco,607efdc,2023-12-07,2023-W49,2023-12,Thursday,Alterado o readme.md,outro,geral
cisco,9a7f620,2023-12-07,2023-W49,2023-12,Thursday,Alterado o readme.md,outro,geral
cisco,debbd9e,2023-12-07,2023-W49,2023-12,Thursday,Alterado o readme.md,outro,geral
cisco,3220409,2023-12-07,2023-W49,2023-12,Thursday,Alterado o readme.md,outro,geral
cisco,773e651,2023-12-07,2023-W49,2023-12,Thursday,Alterado o readme.md,outro,geral
cisco,5356d3f,2023-12-06,2023-W49,2023-12,Wednesday,Alterado o readme.md,outro,geral
cisco,0cd2edd,2023-12-06,2023-W49,2023-12,Wednesday,Alterado o readme.md,outro,geral
cisco,b382d7f,2023-12-06,2023-W49,2023-12,Wednesday,Alterado o readme.md,outro,geral
cisco,e83e8f4,2023-12-06,2023-W49,2023-12,Wednesday,Alterado o readme.md,outro,geral
cisco,5024acd,2023-12-06,2023-W49,2023-12,Wednesday,Alterado o readme.md,outro,geral
cisco,2bb4370,2023-12-06,2023-W49,2023-12,Wednesday,Alterado o readme.md,outro,geral
cisco,8a2fc7d,2023-12-05,2023-W49,2023-12,Tuesday,Alterado o readme.md,outro,geral
cisco,9254bca,2023-12-05,2023-W49,2023-12,Tuesday,Alterado o readme.md,outro,geral
cisco,f6e79c0,2023-12-05,2023-W49,2023-12,Tuesday,Adicionado a pasta 08-Limite de confiança,outro,geral
cisco,6b74820,2023-12-05,2023-W49,2023-12,Tuesday,Adicionado a pasta 08-Limite de confiança,outro,geral
cisco,2e56654,2023-12-04,2023-W49,2023-12,Monday,Alterado o arquivo readme.md,outro,geral
cisco,f700885,2023-12-04,2023-W49,2023-12,Monday,Alterado o arquivo readme.md,outro,geral
cisco,f5dfa4e,2023-12-04,2023-W49,2023-12,Monday,Alterado o arquivo readme.md,outro,geral
cisco,c0cc3fa,2023-12-04,2023-W49,2023-12,Monday,Alterado o arquivo readme.md,outro,geral
cisco,3790f2d,2023-12-04,2023-W49,2023-12,Monday,Alterado o arquivo readme.md,outro,geral
cisco,c2960ad,2023-12-04,2023-W49,2023-12,Monday,Alterado o arquivo readme.md,outro,geral
cisco,a07c82b,2023-12-04,2023-W49,2023-12,Monday,Alterado o arquivo readme.md,outro,geral
cisco,7b56f04,2023-12-03,2023-W48,2023-12,Sunday,Alterado o arquivo readme.md,outro,geral
cisco,fa363b5,2023-12-03,2023-W48,2023-12,Sunday,Alterado o arquivo readme.md,outro,geral
cisco,8225973,2023-12-03,2023-W48,2023-12,Sunday,Alterado o arquivo readme.md,outro,geral
cisco,f34aedb,2023-12-03,2023-W48,2023-12,Sunday,Alterado o arquivo readme.md,outro,geral
cisco,d0a4ab2,2023-12-03,2023-W48,2023-12,Sunday,Alterado o arquivo readme.md,outro,geral
cisco,c6a9177,2023-12-03,2023-W48,2023-12,Sunday,Alterado o arquivo readme.md,outro,geral
cisco,a42bcd6,2023-12-03,2023-W48,2023-12,Sunday,Alterado o arquivo readme.md,outro,geral
cisco,273c0c0,2023-12-03,2023-W48,2023-12,Sunday,Alterado o arquivo readme.md,outro,geral
cisco,1ae7d35,2023-12-03,2023-W48,2023-12,Sunday,Alterado o arquivo readme.md,outro,geral
cisco,d2e4c85,2023-12-03,2023-W48,2023-12,Sunday,Alterado o arquivo readme.md,outro,geral
cisco,c64b111,2023-12-03,2023-W48,2023-12,Sunday,Alterado o arquivo readme.md,outro,geral
cisco,f26ecf5,2023-12-03,2023-W48,2023-12,Sunday,Alterado o arquivo readme.md,outro,geral
cisco,59f5d50,2023-12-03,2023-W48,2023-12,Sunday,Alterado o arquivo readme.md,outro,geral
cisco,42b687e,2023-12-03,2023-W48,2023-12,Sunday,Alterado o arquivo readme.md,outro,geral
cisco,54b66f5,2023-12-03,2023-W48,2023-12,Sunday,Alterado o arquivo readme.md,outro,geral
cisco,abb3712,2023-12-02,2023-W48,2023-12,Saturday,Alterado o arquivo readme.md,outro,geral
cisco,65b09f3,2023-12-02,2023-W48,2023-12,Saturday,Alterado o arquivo readme.md,outro,geral
cisco,9cd5c7b,2023-12-02,2023-W48,2023-12,Saturday,Alterado o arquivo readme.md,outro,geral
cisco,ca77045,2023-12-02,2023-W48,2023-12,Saturday,Alterado o arquivo readme.md,outro,geral
cisco,8962257,2023-12-02,2023-W48,2023-12,Saturday,Alterado o arquivo readme.md,outro,geral
cisco,7fa54a4,2023-12-02,2023-W48,2023-12,Saturday,Adicionado a pasta 06 - Marcação em Layer 3,outro,geral
cisco,8c6fbb4,2023-12-02,2023-W48,2023-12,Saturday,Adicionado a pasta 06 - Marcação em Layer 3,outro,geral
cisco,6337830,2023-12-02,2023-W48,2023-12,Saturday,Alterado o arquivo readme.md,outro,geral
cisco,b10292b,2023-12-02,2023-W48,2023-12,Saturday,Alterado o arquivo readme.md,outro,geral
cisco,8234883,2023-12-02,2023-W48,2023-12,Saturday,Alterado o arquivo readme.md,outro,geral
cisco,d6fea3d,2023-12-02,2023-W48,2023-12,Saturday,Alterado o arquivo readme.md,outro,geral
cisco,979e8ad,2023-12-02,2023-W48,2023-12,Saturday,Alterado o arquivo readme.md,outro,geral
cisco,ad09728,2023-12-02,2023-W48,2023-12,Saturday,Alterado o arquivo readme.md,outro,geral
cisco,3de14c4,2023-12-02,2023-W48,2023-12,Saturday,Alterado o arquivo readme.md,outro,geral
cisco,ffbe53b,2023-12-02,2023-W48,2023-12,Saturday,Alterado o arquivo readme.md,outro,geral
cisco,5824ff1,2023-12-01,2023-W48,2023-12,Friday,Alterado o arquivo readme.md,outro,geral
cisco,3b8dd02,2023-12-01,2023-W48,2023-12,Friday,Alterado o arquivo readme.md,outro,geral
cisco,5bc4d9a,2023-12-01,2023-W48,2023-12,Friday,Alterado o arquivo readme.md,outro,geral
cisco,b042da7,2023-12-01,2023-W48,2023-12,Friday,Alterado o arquivo readme.md,outro,geral
cisco,27eda26,2023-12-01,2023-W48,2023-12,Friday,Adicionado a pasta 06 - Marcação em Layer 2,outro,geral
cisco,1b7f14c,2023-12-01,2023-W48,2023-12,Friday,Alterado o arquivo readme.md,outro,geral
cisco,96a2f93,2023-12-01,2023-W48,2023-12,Friday,Alterado o arquivo readme.md,outro,geral
cisco,d25c844,2023-12-01,2023-W48,2023-12,Friday,Alterado o arquivo readme.md,outro,geral
cisco,9fa6f6c,2023-12-01,2023-W48,2023-12,Friday,Alterado o arquivo readme.md,outro,geral
cisco,702b1d8,2023-12-01,2023-W48,2023-12,Friday,Alterado o arquivo readme.md,outro,geral
cisco,fd1c369,2023-12-01,2023-W48,2023-12,Friday,Alterado o arquivo readme.md,outro,geral
cisco,26ec08d,2023-12-01,2023-W48,2023-12,Friday,Alterado o arquivo readme.md,outro,geral
cisco,a33db38,2023-11-30,2023-W48,2023-11,Thursday,Alterado o arquivo readme.md,outro,geral
cisco,879ec65,2023-11-30,2023-W48,2023-11,Thursday,Alterado o arquivo readme.md,outro,geral
cisco,3fdad13,2023-11-30,2023-W48,2023-11,Thursday,Alterado o arquivo readme.md,outro,geral
cisco,3391dc7,2023-11-30,2023-W48,2023-11,Thursday,Alterado o arquivo readme.md,outro,geral
cisco,c604056,2023-11-30,2023-W48,2023-11,Thursday,Alterado o arquivo readme.md,outro,geral
cisco,e7e8087,2023-11-30,2023-W48,2023-11,Thursday,Alterado o arquivo readme.md,outro,geral
cisco,b0f001d,2023-11-30,2023-W48,2023-11,Thursday,Alterado o arquivo readme.md,outro,geral
cisco,7ce837e,2023-11-30,2023-W48,2023-11,Thursday,Alterado o arquivo readme.md,outro,geral
cisco,50d663e,2023-11-30,2023-W48,2023-11,Thursday,Alterado o arquivo readme.md,outro,geral
cisco,484542c,2023-11-30,2023-W48,2023-11,Thursday,Alterado o arquivo readme.md,outro,geral
cisco,516a91f,2023-11-30,2023-W48,2023-11,Thursday,Alterado o arquivo readme.md,outro,geral
cisco,9fafb22,2023-11-30,2023-W48,2023-11,Thursday,Alterado o arquivo readme.md,outro,geral
cisco,6304427,2023-11-30,2023-W48,2023-11,Thursday,Alterado o arquivo readme.md,outro,geral
cisco,1ef7539,2023-11-30,2023-W48,2023-11,Thursday,Alterado o arquivo readme.md,outro,geral
cisco,d82db6a,2023-11-30,2023-W48,2023-11,Thursday,Alterado o arquivo readme.md,outro,geral
cisco,2770290,2023-11-30,2023-W48,2023-11,Thursday,Alterado o arquivo readme.md,outro,geral
cisco,6f13132,2023-11-30,2023-W48,2023-11,Thursday,Alterado o arquivo readme.md,outro,geral
cisco,1b68a58,2023-11-30,2023-W48,2023-11,Thursday,Alterado o arquivo readme.md,outro,geral
cisco,d50d4cb,2023-11-30,2023-W48,2023-11,Thursday,Alterado o arquivo readme.md,outro,geral
cisco,76c2b73,2023-11-29,2023-W48,2023-11,Wednesday,Alterado o arquivo readme.md,outro,geral
cisco,7fb7777,2023-11-17,2023-W46,2023-11,Friday,Alterado o arquivo read.me,outro,geral
cisco,a67edc2,2023-11-17,2023-W46,2023-11,Friday,Alterado o arquivo read.me,outro,geral
cisco,1d44774,2023-11-17,2023-W46,2023-11,Friday,Alterado o arquivo read.me,outro,geral
cisco,2f86c1e,2023-11-17,2023-W46,2023-11,Friday,Alterado o arquivo read.me,outro,geral
cisco,b20eb7d,2023-11-17,2023-W46,2023-11,Friday,Alterado o arquivo read.me,outro,geral
cisco,1fd8ade,2023-11-17,2023-W46,2023-11,Friday,Alterado o arquivo read.me,outro,geral
cisco,63225ae,2023-11-17,2023-W46,2023-11,Friday,Alterado o arquivo read.me,outro,geral
cisco,f7afc40,2023-11-17,2023-W46,2023-11,Friday,Alterado o arquivo read.me,outro,geral
cisco,ab72269,2023-11-17,2023-W46,2023-11,Friday,Alterado o arquivo read.me,outro,geral
cisco,b60ec2c,2023-11-17,2023-W46,2023-11,Friday,Alterado o arquivo read.me,outro,geral
cisco,4767f98,2023-11-17,2023-W46,2023-11,Friday,Alterado o arquivo read.me,outro,geral
cisco,261cd87,2023-11-17,2023-W46,2023-11,Friday,Alterado o arquivo read.me,outro,geral
cisco,5a7066e,2023-11-17,2023-W46,2023-11,Friday,Alterado o arquivo read.me,outro,geral
cisco,f4c5a2a,2023-11-17,2023-W46,2023-11,Friday,Alterado o arquivo read.me,outro,geral
cisco,790fe58,2023-11-17,2023-W46,2023-11,Friday,Alterado o arquivo read.me,outro,geral
cisco,55bb2b4,2023-11-17,2023-W46,2023-11,Friday,Alterado o arquivo read.me,outro,geral
cisco,bf833bb,2023-11-17,2023-W46,2023-11,Friday,Alterado o arquivo read.me,outro,geral
cisco,3917b3d,2023-11-17,2023-W46,2023-11,Friday,Adicionado a pasta 05 - Modelos e macanismos,outro,geral
cisco,724d24e,2023-11-17,2023-W46,2023-11,Friday,Adicionado a pasta 05 - Modelos e macanismos,outro,geral
cisco,9457c11,2023-11-17,2023-W46,2023-11,Friday,Alterado o arquivo readme.md,outro,geral
cisco,6f6d84f,2023-11-17,2023-W46,2023-11,Friday,Alterado o arquivo readme.md,outro,geral
cisco,52566c1,2023-11-17,2023-W46,2023-11,Friday,Alterado o arquivo readme.md,outro,geral
cisco,9dd5e07,2023-11-17,2023-W46,2023-11,Friday,Alterado o arquivo readme.md,outro,geral
cisco,6cb9b50,2023-11-17,2023-W46,2023-11,Friday,Alterado o arquivo readme.md,outro,geral
cisco,b708291,2023-11-17,2023-W46,2023-11,Friday,Alterado o arquivo readme.md,outro,geral
cisco,b634965,2023-11-17,2023-W46,2023-11,Friday,Alterado o arquivo readme.md,outro,geral
cisco,30b74b2,2023-11-17,2023-W46,2023-11,Friday,Alterado o arquivo readme.md,outro,geral
cisco,84bc45d,2023-11-17,2023-W46,2023-11,Friday,Alterado o arquivo readme.md,outro,geral
cisco,0d89cf6,2023-11-17,2023-W46,2023-11,Friday,Alterado o arquivo readme.md,outro,geral
cisco,6727b72,2023-11-17,2023-W46,2023-11,Friday,Alterado o arquivo readme.md,outro,geral
cisco,7d75b9e,2023-11-17,2023-W46,2023-11,Friday,Alterado o arquivo readme.md,outro,geral
cisco,7cf8f59,2023-11-17,2023-W46,2023-11,Friday,Alterado o arquivo readme.md,outro,geral
cisco,64ed384,2023-11-17,2023-W46,2023-11,Friday,Alterado o arquivo readme.md,outro,geral
cisco,538c4d3,2023-11-17,2023-W46,2023-11,Friday,Alterado o arquivo readme.md,outro,geral
cisco,222cb25,2023-11-17,2023-W46,2023-11,Friday,Alterado o arquivo readme.md,outro,geral
cisco,9053f95,2023-11-17,2023-W46,2023-11,Friday,Alterado o arquivo readme.md,outro,geral
cisco,76e0a41,2023-11-17,2023-W46,2023-11,Friday,Alterado o arquivo readme.md,outro,geral
cisco,6189ae0,2023-11-17,2023-W46,2023-11,Friday,Alterado o arquivo readme.md,outro,geral
cisco,19e2536,2023-11-17,2023-W46,2023-11,Friday,Alterado o arquivo readme.md,outro,geral
cisco,757f4a6,2023-11-17,2023-W46,2023-11,Friday,Alterado o arquivo readme.md,outro,geral
cisco,00cb763,2023-11-17,2023-W46,2023-11,Friday,Alterado o arquivo readme.md,outro,geral
cisco,a4a80a8,2023-11-17,2023-W46,2023-11,Friday,Alterado o arquivo readme.md,outro,geral
cisco,c836869,2023-11-16,2023-W46,2023-11,Thursday,Alterado o arquivo readme.md,outro,geral
cisco,1f13327,2023-11-16,2023-W46,2023-11,Thursday,Alterado o arquivo readme.md,outro,geral
cisco,e48426c,2023-11-16,2023-W46,2023-11,Thursday,Adicionado a pasta 04-Problemas,outro,geral
cisco,758a8a1,2023-11-16,2023-W46,2023-11,Thursday,Alterado o arquivo readme.md,outro,geral
cisco,6ffe4f8,2023-11-16,2023-W46,2023-11,Thursday,Alterado o arquivo readme.md,outro,geral
cisco,53ae9a3,2023-11-16,2023-W46,2023-11,Thursday,Alterado o arquivo readme.md,outro,geral
cisco,64cf77d,2023-11-16,2023-W46,2023-11,Thursday,Alterado o arquivo readme.md,outro,geral
cisco,c3da888,2023-11-16,2023-W46,2023-11,Thursday,Alterado o arquivo readme.md,outro,geral
cisco,1674d4f,2023-11-16,2023-W46,2023-11,Thursday,Alterado o arquivo readme.md,outro,geral
cisco,fde1569,2023-11-16,2023-W46,2023-11,Thursday,Alterado o arquivo readme.md,outro,geral
cisco,e789e23,2023-11-16,2023-W46,2023-11,Thursday,Alterado o arquivo readme.md,outro,geral
cisco,d96a908,2023-11-16,2023-W46,2023-11,Thursday,Alterado o arquivo readme.md,outro,geral
cisco,c7acbe7,2023-11-16,2023-W46,2023-11,Thursday,Alterado o arquivo readme.md,outro,geral
cisco,f69b612,2023-11-16,2023-W46,2023-11,Thursday,Alterado o arquivo readme.md,outro,geral
cisco,01b200e,2023-11-16,2023-W46,2023-11,Thursday,Alterado o arquivo readme.md,outro,geral
cisco,e8726cc,2023-11-16,2023-W46,2023-11,Thursday,Alterado o arquivo readme.md,outro,geral
cisco,7b22d24,2023-11-16,2023-W46,2023-11,Thursday,Alterado o arquivo readme.md,outro,geral
cisco,52a23e4,2023-11-16,2023-W46,2023-11,Thursday,Alterado o arquivo readme.md,outro,geral
cisco,49df50b,2023-11-16,2023-W46,2023-11,Thursday,Alterado o arquivo readme.md,outro,geral
cisco,d078b6b,2023-11-15,2023-W46,2023-11,Wednesday,Alterado o arquivo readme.md,outro,geral
cisco,18e331b,2023-11-15,2023-W46,2023-11,Wednesday,Alterado o arquivo readme.md,outro,geral
cisco,7cf221f,2023-11-15,2023-W46,2023-11,Wednesday,Alterado o arquivo readme.md,outro,geral
cisco,cb61453,2023-11-15,2023-W46,2023-11,Wednesday,Alterado o arquivo readme.md,outro,geral
cisco,13907f8,2023-11-15,2023-W46,2023-11,Wednesday,Alterado o arquivo readme.md,outro,geral
cisco,a3ef304,2023-11-15,2023-W46,2023-11,Wednesday,Alterado o arquivo readme.md,outro,geral
cisco,d2e451a,2023-11-15,2023-W46,2023-11,Wednesday,Alterado o arquivo readme.md,outro,geral
cisco,36ef8e3,2023-11-15,2023-W46,2023-11,Wednesday,Alterado o arquivo readme.md,outro,geral
cisco,ed596aa,2023-11-15,2023-W46,2023-11,Wednesday,Alterado o arquivo readme.md,outro,geral
cisco,a615d59,2023-11-15,2023-W46,2023-11,Wednesday,Alterado o arquivo readme.md,outro,geral
cisco,0f30776,2023-11-15,2023-W46,2023-11,Wednesday,Alterado o arquivo readme.md,outro,geral
cisco,a73b05f,2023-11-14,2023-W46,2023-11,Tuesday,Alterado o arquivo readme.md,outro,geral
cisco,e9b7b93,2023-11-14,2023-W46,2023-11,Tuesday,Alterado o arquivo readme.md,outro,geral
cisco,66aa4a5,2023-11-14,2023-W46,2023-11,Tuesday,Alterado o arquivo readme.md,outro,geral
cisco,1c49647,2023-11-14,2023-W46,2023-11,Tuesday,Alterado o arquivo readme.md,outro,geral
cisco,f325fcd,2023-11-13,2023-W46,2023-11,Monday,Alterado o arquivo readme.md,outro,geral
cisco,171fb7c,2023-11-13,2023-W46,2023-11,Monday,Adicionado a pasta 03 - Auto QoS,outro,geral
cisco,b2b53a6,2023-11-13,2023-W46,2023-11,Monday,Alterado o readme.md,outro,geral
cisco,d6e9950,2023-11-13,2023-W46,2023-11,Monday,Alterado o readme.md,outro,geral
cisco,a4892d2,2023-11-13,2023-W46,2023-11,Monday,Alterado o readme.md,outro,geral
cisco,f0626c4,2023-11-13,2023-W46,2023-11,Monday,Alterado o readme.md,outro,geral
cisco,b504771,2023-11-13,2023-W46,2023-11,Monday,Alterado o readme.md,outro,geral
cisco,3926a38,2023-11-13,2023-W46,2023-11,Monday,Alterado o readme.md,outro,geral
cisco,b09ee16,2023-11-13,2023-W46,2023-11,Monday,Alterado o readme.md,outro,geral
cisco,b526f1f,2023-11-13,2023-W46,2023-11,Monday,Alterado o readme.md,outro,geral
cisco,4f6d074,2023-11-13,2023-W46,2023-11,Monday,Alterado o readme.md,outro,geral
cisco,43310e7,2023-11-13,2023-W46,2023-11,Monday,Alterado o readme.md,outro,geral
cisco,0c49cae,2023-11-13,2023-W46,2023-11,Monday,Alterado o readme.md,outro,geral
cisco,e51273b,2023-11-13,2023-W46,2023-11,Monday,Alterado o readme.md,outro,geral
cisco,88e5486,2023-11-13,2023-W46,2023-11,Monday,Arrumando a pasta 02,outro,geral
cisco,8a3dccb,2023-11-13,2023-W46,2023-11,Monday,Arrumando a pasta 02,outro,geral
cisco,6fcf394,2023-11-13,2023-W46,2023-11,Monday,Alterado o arquivo Readme.md,outro,geral
cisco,d793212,2023-11-13,2023-W46,2023-11,Monday,Adicionado a pasta 02 - Limit de Banda - Shapping,outro,geral
cisco,1aa99f1,2023-11-13,2023-W46,2023-11,Monday,Alterado o arquivo readme.md,outro,geral
cisco,542a8b7,2023-11-13,2023-W46,2023-11,Monday,Alterado o arquivo readme.md,outro,geral
cisco,d77ba49,2023-11-13,2023-W46,2023-11,Monday,Alterado o arquivo readme.md,outro,geral
cisco,ba8d638,2023-11-13,2023-W46,2023-11,Monday,Alterado o arquivo readme.md,outro,geral
cisco,ae79bf7,2023-11-13,2023-W46,2023-11,Monday,Alterado o arquivo readme.md,outro,geral
cisco,38357cd,2023-11-11,2023-W45,2023-11,Saturday,Adicionado arquivos de backup dos roteadores de policing e backup do laboratório,outro,geral
cisco,c760d97,2023-11-11,2023-W45,2023-11,Saturday,Adicionado arquivos de backup dos roteadores de policing e backup do laboratório,outro,geral
cisco,a791f95,2023-11-11,2023-W45,2023-11,Saturday,Alterado o arquivo readme.md,outro,geral
cisco,2a7e898,2023-11-11,2023-W45,2023-11,Saturday,Alterado o arquivo readme.md,outro,geral
cisco,2c6c8f9,2023-11-11,2023-W45,2023-11,Saturday,Alterado o arquivo readme.md,outro,geral
cisco,9633c1c,2023-11-11,2023-W45,2023-11,Saturday,Alterado o arquivo readme.md,outro,geral
cisco,2a7e63c,2023-11-11,2023-W45,2023-11,Saturday,Alterado o arquivo readme.md,outro,geral
cisco,b504748,2023-11-11,2023-W45,2023-11,Saturday,Alterado o arquivo readme.md,outro,geral
cisco,906fe32,2023-11-11,2023-W45,2023-11,Saturday,Alterado o arquivo readme.md,outro,geral
cisco,ead063c,2023-11-11,2023-W45,2023-11,Saturday,Alterado o arquivo readme.md,outro,geral
cisco,9f90cf4,2023-11-11,2023-W45,2023-11,Saturday,Alterado o arquivo readme.md,outro,geral
cisco,dcd51b5,2023-11-11,2023-W45,2023-11,Saturday,Alterado o arquivo readme.md,outro,geral
cisco,e7c39d0,2023-11-11,2023-W45,2023-11,Saturday,Alterado o arquivo readme.md,outro,geral
cisco,a22b252,2023-11-10,2023-W45,2023-11,Friday,Alterado o arquivo readme.md,outro,geral
cisco,cfcac9e,2023-11-10,2023-W45,2023-11,Friday,Alterado o arquivo readme.md,outro,geral
cisco,3d07728,2023-11-10,2023-W45,2023-11,Friday,Alterado o arquivo readme.md,outro,geral
cisco,d7c32e4,2023-11-10,2023-W45,2023-11,Friday,Alterado o arquivo readme.md,outro,geral
cisco,ac68c84,2023-11-10,2023-W45,2023-11,Friday,Alterado o arquivo readme.md,outro,geral
cisco,a36ccac,2023-11-10,2023-W45,2023-11,Friday,Alterado o arquivo readme.md,outro,geral
cisco,acdc73c,2023-11-10,2023-W45,2023-11,Friday,Alterado o arquivo readme.md,outro,geral
cisco,f0ce2b6,2023-11-10,2023-W45,2023-11,Friday,Alterado o arquivo readme.md,outro,geral
cisco,5b45638,2023-11-10,2023-W45,2023-11,Friday,Alterado o arquivo readme.md,outro,geral
cisco,f845a53,2023-11-10,2023-W45,2023-11,Friday,Alterado o arquivo readme.md,outro,geral
cisco,887e82a,2023-11-10,2023-W45,2023-11,Friday,Alterado o arquivo readme.md,outro,geral
cisco,e0e0794,2023-11-10,2023-W45,2023-11,Friday,Alterado o arquivo readme.md,outro,geral
cisco,5c06a07,2023-11-10,2023-W45,2023-11,Friday,Alterado o arquivo readme.md,outro,geral
cisco,e80d0b0,2023-11-10,2023-W45,2023-11,Friday,Alterado o arquivo readme.md,outro,geral
cisco,0dc9a81,2023-11-10,2023-W45,2023-11,Friday,Alterado readme.md,outro,geral
cisco,93a4394,2023-11-10,2023-W45,2023-11,Friday,Alterado readme.md,outro,geral
cisco,3718039,2023-11-10,2023-W45,2023-11,Friday,Alterado imagem cenario,outro,geral
cisco,1d194e3,2023-11-09,2023-W45,2023-11,Thursday,Adicionado readme.md na pasta de QOS,outro,geral
cisco,23063ed,2023-11-09,2023-W45,2023-11,Thursday,Adicionado readme.md na pasta de QOS,outro,geral
cisco,e1d4141,2023-11-09,2023-W45,2023-11,Thursday,Adicionado readme.md na pasta de QOS,outro,geral
cisco,2163729,2023-11-09,2023-W45,2023-11,Thursday,Adicionado pastas por itens do blueprint,outro,geral
cisco,5a3e9c8,2023-11-09,2023-W45,2023-11,Thursday,Alterado o readme.md da pasta CCNP 350-401 ENCOR,outro,geral
cisco,be1841a,2023-11-09,2023-W45,2023-11,Thursday,Alterado o readme.md da pasta CCNP 350-401 ENCOR,outro,geral
cisco,7e45ec2,2023-11-09,2023-W45,2023-11,Thursday,Adicionado a pasta CCNP 350-401 ENCOR,outro,geral
cisco,2d2f8a0,2023-11-09,2023-W45,2023-11,Thursday,Alterado o readme.md,outro,geral
cisco,5680f1f,2023-11-09,2023-W45,2023-11,Thursday,Alterado o readme.md,outro,geral
cisco,d009e00,2023-11-09,2023-W45,2023-11,Thursday,Alterado o readme.md,outro,geral
cisco,7d3743a,2023-11-09,2023-W45,2023-11,Thursday,Alterado o readme.md,outro,geral
cisco,befc1b6,2023-11-09,2023-W45,2023-11,Thursday,Alterado o readme.md,outro,geral
cisco,ee2c50e,2023-11-09,2023-W45,2023-11,Thursday,Alterado o readme.md,outro,geral
cisco,bfe467a,2023-11-09,2023-W45,2023-11,Thursday,Alterado o readme.md,outro,geral
cisco,21f425c,2023-11-09,2023-W45,2023-11,Thursday,Alterado o readme.md,outro,geral
cisco,3a98d25,2023-11-09,2023-W45,2023-11,Thursday,Alterado o readme.md,outro,geral
cisco,62f5ead,2023-11-09,2023-W45,2023-11,Thursday,Alterado o readme.md,outro,geral
cisco,a767744,2023-11-09,2023-W45,2023-11,Thursday,Alterado o readme.md,outro,geral
cisco,5614a55,2023-11-09,2023-W45,2023-11,Thursday,Alterado o readme.md,outro,geral
cisco,2bb73dc,2023-11-09,2023-W45,2023-11,Thursday,Alterado o readme.md,outro,geral
cisco,c69ab4c,2023-11-09,2023-W45,2023-11,Thursday,Alterado o readme.md,outro,geral
cisco,a512800,2023-11-09,2023-W45,2023-11,Thursday,Alterado o readme.md,outro,geral
cisco,b45753b,2023-11-09,2023-W45,2023-11,Thursday,Alterado o readme.md,outro,geral
cisco,7bbc235,2023-11-09,2023-W45,2023-11,Thursday,Alterado o readme.md,outro,geral
cisco,3c24bea,2023-11-09,2023-W45,2023-11,Thursday,Alterado o readme.md,outro,geral
cisco,c3f60fb,2023-11-09,2023-W45,2023-11,Thursday,Alterado o readme.md,outro,geral
cisco,fd063dc,2023-11-09,2023-W45,2023-11,Thursday,Alterado o readme.md,outro,geral
cisco,0e13b2c,2023-11-09,2023-W45,2023-11,Thursday,Update README.md,outro,geral
cisco,6170a4f,2023-11-09,2023-W45,2023-11,Thursday,Update README.md,outro,geral
cisco,d8eb563,2023-11-09,2023-W45,2023-11,Thursday,Update README.md,outro,geral
cisco,426eabf,2023-11-09,2023-W45,2023-11,Thursday,vault backup: 2023-11-09 16:34:43,outro,geral
cisco,5633ce6,2023-11-09,2023-W45,2023-11,Thursday,vault backup: 2023-11-09 16:34:18,outro,geral
cisco,58ad0a6,2023-11-09,2023-W45,2023-11,Thursday,vault backup: 2023-11-09 16:32:08,outro,geral
cisco,318adb7,2023-11-09,2023-W45,2023-11,Thursday,Initial commit,outro,geral
