hash,date,week,weekday,message,action,domain,lab
97841ee4f072d7adb566bc0c2d1a021905084a19,2026-02-22,2026-W07,Sunday,Ajustado nomes de pastas que estavam erradas,Ajustado,Geral,Não
b263161334518342714fae6189fc171976b2ee17,2026-02-08,2026-W05,Sunday,Alterado o Readme.md,Alterado,Geral,Não
eb338dccde9dfaa3679ce56faae76e84fd03b564,2026-02-08,2026-W05,Sunday,Alterado o Readme.md,Alterado,Geral,Não
59321ddac4dbb73aad6e6f619016c28cf2b7d6e1,2026-02-08,2026-W05,Sunday,Alterado o Readme.md,Alterado,Geral,Não
561f161bb28ede61de515dbf56525f1bd5d00874,2026-02-07,2026-W05,Saturday,Alterado o Readme.md,Alterado,Geral,Não
38ce9f8ea17108b6b2c3889ba06cf799ec932313,2026-02-07,2026-W05,Saturday,Alterado o Readme.md,Alterado,Geral,Não
bce7541f71882d40bb7a8f2bcbb8547336431d5a,2026-02-07,2026-W05,Saturday,Alterado o Readme.md,Alterado,Geral,Não
2bc239aab7a783f49acb58fe8009431436014dbd,2026-02-07,2026-W05,Saturday,Alterado o Readme.md,Alterado,Geral,Não
626d9ad3a337fe5390c656d8645a1cd44919f51c,2026-02-04,2026-W05,Wednesday,Alterado o Readme.md,Alterado,Geral,Não
4f122a244589b1f5fa16a5fd675c6b0013428ec2,2026-02-04,2026-W05,Wednesday,Alterado o Readme.md,Alterado,Geral,Não
257ffec082a0c6babf66aa333da5d2278dd1518d,2026-02-04,2026-W05,Wednesday,Alterado o Readme.md,Alterado,Geral,Não
8e912f54b25ae351985fed3d3813dce63f916a9e,2026-02-04,2026-W05,Wednesday,Alterado o Readme.md,Alterado,Geral,Não
fd6e685a360666038841219fb46c2bfd302859ae,2026-02-04,2026-W05,Wednesday,Alterado o Readme.md,Alterado,Geral,Não
f082d3832fc5a919bd54dd11bfa06e413423bcc5,2026-02-04,2026-W05,Wednesday,Alterado o Readme.md,Alterado,Geral,Não
ac8ce0432278c497251d3de1e71c19ff8cb00dab,2026-02-04,2026-W05,Wednesday,Alterado o Readme.md,Alterado,Geral,Não
1c11006c113209b40f83cfa9ddd8e3be1c75cf7c,2026-02-04,2026-W05,Wednesday,Alterado o Readme.md,Alterado,Geral,Não
84ece8c5e530ed97c62aec9bbb3d1c06e3a1c96f,2026-02-04,2026-W05,Wednesday,Alterado o Readme.md,Alterado,Geral,Não
f31cc08e463e312969fe6162bfab123f27c5629c,2026-02-04,2026-W05,Wednesday,Alterado o Readme.md,Alterado,Geral,Não
3d9b6df72dd038a82af49b1481f4e070e84f91a7,2026-02-04,2026-W05,Wednesday,Alterado o Readme.md,Alterado,Geral,Não
1d018ac7dd2dca00521c5f2b5940954457733216,2026-02-04,2026-W05,Wednesday,Alterado o Readme.md,Alterado,Geral,Não
baf0a388f7035e941644ef191b08749f4525969b,2026-02-01,2026-W04,Sunday,Alterado o Readme.md,Alterado,Geral,Não
e85ccd76038f37a0ca38984322f91188ad0d2093,2026-01-31,2026-W04,Saturday,Alterado o Readme.md,Alterado,Geral,Não
28ab616f6a3be8ece386941721087c963bb6d2de,2026-01-31,2026-W04,Saturday,Alterado o Readme.md,Alterado,Geral,Não
618521d30a3574707b9f608cd705ca27de9dc7e3,2026-01-31,2026-W04,Saturday,Alterado o Readme.md,Alterado,Geral,Não
a7c17727d761e56ecf60cc42a9e0d3284d5a4d48,2026-01-29,2026-W04,Thursday,Alterado o Readme.md,Alterado,Geral,Não
ca6a5ae44baeb84b934a29d5c1b20f8425febc93,2026-01-29,2026-W04,Thursday,Alterado o Readme.md,Alterado,Geral,Não
0226bc60d899bc7ab8c892bb1aa89c15aed69f3d,2026-01-26,2026-W04,Monday,Alterado o Readme.md,Alterado,Geral,Não
d9c6d109458dd39d0c6ac46779760ade60fd8ec8,2026-01-26,2026-W04,Monday,Alterado o Readme.md,Alterado,Geral,Não
3683f1230da0f6d3f062e0cf9b5d57e03b0411f7,2026-01-26,2026-W04,Monday,Adicionado a pasta 12,Adicionado,Geral,Não
3ad84cf8a088b06f3bc4986b020c2e8dffbb9086,2026-01-20,2026-W03,Tuesday,Adicionado a pasta 12,Adicionado,Geral,Não
caee9c4cf5f79daa4b7ba694e9c54e90553853f8,2026-01-17,2026-W02,Saturday,Alterado o Readme.md,Alterado,Geral,Não
a4098ee7fd5accfe0fd9bd9a4bd4d8afe3f4075e,2026-01-17,2026-W02,Saturday,Alterado o Readme.md,Alterado,Geral,Não
3d5ee3c8eed74d889af9b885c45513dd0b344e52,2026-01-17,2026-W02,Saturday,Alterado o Readme.md,Alterado,Geral,Não
3255b06379a02611d4ed01aa5aa8938b9b700d30,2026-01-17,2026-W02,Saturday,Alterado o Readme.md,Alterado,Geral,Não
c99ecf682d599e42af81bf8a8db620976e65ee26,2026-01-17,2026-W02,Saturday,Alterado o Readme.md,Alterado,Geral,Não
5e61080190f96ef9067af2b6e8afd0c8320af378,2026-01-16,2026-W02,Friday,Alterado o Readme.md,Alterado,Geral,Não
90f3da3bf48d2fe093c873f1af43cd1f54561374,2026-01-15,2026-W02,Thursday,Alterado o Readme.md,Alterado,Geral,Não
475ff4c5aa09ae515ed3f05810140463cfd605cf,2026-01-15,2026-W02,Thursday,Alterado o Readme.md,Alterado,Geral,Não
b42add89192ff75e54b6e2e130aa0135c41d1f77,2026-01-11,2026-W01,Sunday,Alterado o Readme.md,Alterado,Geral,Não
43e5e56125113190f85c5805bf65d14b41b0a326,2026-01-11,2026-W01,Sunday,Alterado o Readme.md,Alterado,Geral,Não
25a5d8c1e42d0ad88e10ce1a9378e0e2d27295c7,2026-01-11,2026-W01,Sunday,Alterado o Readme.md,Alterado,Geral,Não
dea3f66645e37a8ba8c53c9bdec3a51792bb7ff5,2026-01-10,2026-W01,Saturday,Alterado o Readme.md,Alterado,Geral,Não
deaa79d3d8ec15756114d95de1307ca38aadb0dd,2026-01-10,2026-W01,Saturday,Alterado o Readme.md,Alterado,Geral,Não
e8a3b4bf9b3a7274e9b646ef57c1c21144ed4901,2026-01-10,2026-W01,Saturday,Alterado o Readme.md,Alterado,Geral,Não
73c02033f5e12d48e37489f6f106be62e5f24d8a,2026-01-09,2026-W01,Friday,Alterado o Readme.md,Alterado,Geral,Não
7d680448cf93658dab0e9e4960089ceb572decdc,2026-01-09,2026-W01,Friday,Alterado o Readme.md,Alterado,Geral,Não
4158659b0baddfded4fd1eea3fca2efd1ecd893a,2026-01-09,2026-W01,Friday,Alterado o Readme.md,Alterado,Geral,Não
c7c5bea7f16253bca435c13b14537219466f0fcd,2026-01-09,2026-W01,Friday,Alterado o Readme.md,Alterado,Geral,Não
2cddf738ac560e260fde0b7432bb5917de5044e1,2026-01-08,2026-W01,Thursday,Alterado o Readme.md,Alterado,Geral,Não
6f14492748821d2f22f9a63de552cfdd44de0703,2026-01-08,2026-W01,Thursday,Alterado o Readme.md,Alterado,Geral,Não
1c2552f14f8b7b630108cf045497b25a35a9d3ec,2026-01-08,2026-W01,Thursday,Alterado o Readme.md,Alterado,Geral,Não
d0aa1589761939571fe763b5ff46c6c60e440d1a,2026-01-08,2026-W01,Thursday,Alterado o Readme.md,Alterado,Geral,Não
756a4fcbc5eb65811ff7905909f5b64e9be59a78,2026-01-06,2026-W01,Tuesday,Alterado o Readme.md,Alterado,Geral,Não
2c6b40b2659930871d38f33ed61a76dd94a3c6bf,2026-01-06,2026-W01,Tuesday,Alterado o Readme.md,Alterado,Geral,Não
ec03a61d85b68a881d8a6d393329532886982dba,2026-01-06,2026-W01,Tuesday,Alterado o Readme.md,Alterado,Geral,Não
86d513b8ef08ffc7b637ffccc4cd9ab93103d729,2026-01-06,2026-W01,Tuesday,Alterado o Readme.md,Alterado,Geral,Não
574b4b49bb49ef823c380beda0f7c65608aac7a2,2026-01-05,2026-W01,Monday,Alterado o Readme.md,Alterado,Geral,Não
bf3f86c1d1e30306d525a69f5d248a02a3eb56d3,2026-01-05,2026-W01,Monday,Alterado o Readme.md,Alterado,Geral,Não
981e9365640569bd78f26e6f25d70a7cf99edfc1,2026-01-05,2026-W01,Monday,Alterado o Readme.md,Alterado,Geral,Não
6057e43757384af93ca13abcce8723080177d0d8,2026-01-05,2026-W01,Monday,Alterado o Readme.md,Alterado,Geral,Não
1fb150b83dfcd3b60ffeb7d183091869ff14a9a0,2026-01-05,2026-W01,Monday,Alterado o Readme.md,Alterado,Geral,Não
6f3a794056541454f857773841ad1826dc7b6273,2026-01-05,2026-W01,Monday,Alterado o Readme.md,Alterado,Geral,Não
f27ca7373d9dcda52de478b8aa44dbc794c2ab41,2026-01-05,2026-W01,Monday,Ajustado numeração de pasta de 12 para 11,Ajustado,Geral,Não
688d22e4c3be979da47d27aa99ce9c54ed8a5ecd,2025-12-31,2025-W52,Wednesday,Adicionado a Pasta 12 - MSDP (Multicast Source Discovery Protocol - Ultimo do ano de 2026,Adicionado,Infrastructure,Não
3ae65bdc6a05a80784db5f1aed2e99281865dead,2025-12-30,2025-W52,Tuesday,Alterado o Readme.md,Alterado,Geral,Não
c1e97dbcb18fddf64ed538abf68cc2304b7d669a,2025-12-30,2025-W52,Tuesday,Alterado o Readme.md,Alterado,Geral,Não
e6ab7bc8e32990b8b0a972dd9669e44203a94eec,2025-12-29,2025-W52,Monday,Alterado o Readme.md,Alterado,Geral,Não
6afc1ea8e6e0cf4c6432d396d614c2ec6ae21a74,2025-12-28,2025-W51,Sunday,Alterado o Readme.md,Alterado,Geral,Não
461da725cfb0b877caf4b51d729dc8b2996aedf0,2025-12-28,2025-W51,Sunday,Alterado o Readme.md,Alterado,Geral,Não
4ec57bc9e050873301170eaf4beb12cb8270baaf,2025-12-28,2025-W51,Sunday,Alterado o Readme.md,Alterado,Geral,Não
722dd8d0b3cade5c0bfd9f967407c39c1335c63c,2025-12-27,2025-W51,Saturday,Alterado o Readme.md,Alterado,Geral,Não
6d08dc3cc8697eaf48d1b0f2891f758e20f4b025,2025-12-27,2025-W51,Saturday,Alterado o Readme.md,Alterado,Geral,Não
276f82c94fcc74d0718f37b94ea3b75934c80106,2025-12-27,2025-W51,Saturday,Alterado o Readme.md,Alterado,Geral,Não
11cda20be0c7851866e36f06cf97cf56315d8b0b,2025-12-27,2025-W51,Saturday,Alterado o Readme.md,Alterado,Geral,Não
741ade06d80626eaaabd2d5613a6cbcd1c610f4f,2025-12-26,2025-W51,Friday,Alterado o Readme.md,Alterado,Geral,Não
11b889b1abb1bf60430adcff1185c70b84d4a312,2025-12-26,2025-W51,Friday,Alterado o Readme.md,Alterado,Geral,Não
55f739febaefe86369bb3423379e821703f90d29,2025-12-26,2025-W51,Friday,Alterado o Readme.md,Alterado,Geral,Não
cc63c90b011fbbe1038f306f9e4ac7f81adce859,2025-12-26,2025-W51,Friday,Alterado o Readme.md,Alterado,Geral,Não
87af7a482b8d1546ab5e434cb6513fc8b0264e25,2025-12-25,2025-W51,Thursday,Alterado o Readme.md,Alterado,Geral,Não
e7d989cc7d491c95c2df1031a90eb3d812f86337,2025-12-25,2025-W51,Thursday,Alterado o Readme.md,Alterado,Geral,Não
fec5e3fb3e049221d183a9a300c21442e33359a1,2025-12-25,2025-W51,Thursday,Alterado o Readme.md,Alterado,Geral,Não
6fa950a540f0abea24236c105181f78f0d524d02,2025-12-25,2025-W51,Thursday,Alterado o Readme.md,Alterado,Geral,Não
e206474a235ce02349810a450edd53c2ce3b7102,2025-12-25,2025-W51,Thursday,Alterado o Readme.md,Alterado,Geral,Não
76c37dc32ed9bab98ce093851a49a6f5a497e2fc,2025-12-25,2025-W51,Thursday,Alterado o Readme.md,Alterado,Geral,Não
93b544e8170083ccc010175d45df0c60bf93aef9,2025-12-25,2025-W51,Thursday,Alterado o Readme.md,Alterado,Geral,Não
d4770179e6b347aaaa49d32ff26ab46dc8b247c0,2025-12-25,2025-W51,Thursday,Alterado o Readme.md,Alterado,Geral,Não
5e934389fcc209150c351178ea8d3680734f3e3b,2025-12-22,2025-W51,Monday,Alterado o Readme.md,Alterado,Geral,Não
a1b973378dfb63cc65c1cc8efc6f666b74be302b,2025-12-22,2025-W51,Monday,Alterado o Readme.md,Alterado,Geral,Não
f41550c36be2d3bd5751cb074ff52124b7930151,2025-12-22,2025-W51,Monday,Alterado o Readme.md,Alterado,Geral,Não
d2377524643ec56e575a2936b92e2af4dccb0d21,2025-12-21,2025-W50,Sunday,Alterado o Readme.md,Alterado,Geral,Não
10dc7ff25054b79771493ac04e7b64fd54fe6993,2025-12-21,2025-W50,Sunday,Alterado o Readme.md,Alterado,Geral,Não
2101b218b452eb1d7e7d791f49366e4feeaf627c,2025-12-21,2025-W50,Sunday,Alterado o Readme.md,Alterado,Geral,Não
1e36cb784b83091535f422a395aa042e6c05a5ef,2025-12-21,2025-W50,Sunday,Alterado o Readme.md,Alterado,Geral,Não
0c4f36d5beaf344ffa86ad5b3970ec470e3df7ec,2025-12-21,2025-W50,Sunday,Alterado o Readme.md,Alterado,Geral,Não
64124d43328025779be6b7bee158363bb330771c,2025-12-20,2025-W50,Saturday,Alterado o Readme.md,Alterado,Geral,Não
b2753b39fb41fd144369ca5fab2af5da26afbb3b,2025-12-20,2025-W50,Saturday,Alterado o Readme.md,Alterado,Geral,Não
41b0b9c50273106108e8bdacf96989b7e2e143d2,2025-12-20,2025-W50,Saturday,Alterado o Readme.md,Alterado,Geral,Não
d41a6cfaba6af6a63e1e99544457e1abeb7b0185,2025-12-20,2025-W50,Saturday,Alterado o Readme.md,Alterado,Geral,Não
6d5b12dae0949c0ba7b074f278a443baed82c679,2025-12-20,2025-W50,Saturday,Alterado o Readme.md - Ajustado o trecho de intrdução,Alterado,Geral,Não
034330e3864cb4324158c049991d492fc2348f4c,2025-12-20,2025-W50,Saturday,Alterado o Readme.md - Ajustado o trecho de intrdução,Alterado,Geral,Não
9b533e48b6b830c8471d48b1302270554f5c6364,2025-12-20,2025-W50,Saturday,Adiconado a pasta  10 - Exemplo Pratico -PIM Biderecional Multicast,Adicionado,Infrastructure,Sim
e9e5093d1857fe8eb802072bb08e33e11956227e,2025-12-20,2025-W50,Saturday,Apagado imagens das pastas Apagar deas pastas 08 e 09,Removido,Geral,Não
01dcf23ef76f71ca5fcf92c3ca5e74c2f6c9e779,2025-11-19,2025-W46,Wednesday,Alterado o Readme.md,Alterado,Geral,Não
c834123361fe9b089e2da4d5eb2fd54cd02167b8,2025-11-19,2025-W46,Wednesday,Alterado o Readme.md,Alterado,Geral,Não
eb7cd373c0b3a6ee931b848423225d0891052532,2025-11-18,2025-W46,Tuesday,Alterado o Readme.md,Alterado,Geral,Não
38c4629519ea880fd7a42ceb810f956e1e850bfc,2025-11-18,2025-W46,Tuesday,Alterado o Readme.md,Alterado,Geral,Não
eb530bf89fc542e012f1d5d4edfb8e26b0fb5049,2025-11-15,2025-W45,Saturday,Alterado o Readme.md,Alterado,Geral,Não
70bfbd545a5d56913a2b5f66965673a347b5c715,2025-11-15,2025-W45,Saturday,Alterado o Readme.md,Alterado,Geral,Não
d2591e59a5c37d0abb2b4d1c327e1eee3dff5e91,2025-11-14,2025-W45,Friday,Alterado o Readme.md,Alterado,Geral,Não
ad7eadc8e85c5477487167e42667b19a2a236db0,2025-11-14,2025-W45,Friday,Alterado o Readme.md,Alterado,Geral,Não
baedf9c19e10a3661434386af68556d750eee546,2025-11-14,2025-W45,Friday,Alterado o Readme.md,Alterado,Geral,Não
3cdf7d3fbe9f142b0aac7030d0c3d615ff4e3741,2025-11-14,2025-W45,Friday,Alterado o Readme.md,Alterado,Geral,Não
9282b395935d92171c8911fc51cf71c5420772df,2025-11-14,2025-W45,Friday,Alterado o Readme.md,Alterado,Geral,Não
b59e6a7899eec897123684f3b5df17f98ddba32f,2025-11-14,2025-W45,Friday,Alterado o Readme.md,Alterado,Geral,Não
f12bd30f90d41281bc8908aaf1a75bcaf80d1f45,2025-11-13,2025-W45,Thursday,Alterado o Readme.md,Alterado,Geral,Não
f86e47cbdd06656797b4d9e68f227edfadee9d01,2025-11-13,2025-W45,Thursday,Alterado o Readme.md,Alterado,Geral,Não
bd97bd2f54960cc1d7c432a3ce96177d20ea9eff,2025-11-12,2025-W45,Wednesday,Adicionado a pasta  09 - Exemplo Pratico -SSM (Source-Specific Multicast) e IGMP v3,Adicionado,Infrastructure,Sim
b93faf0bada8e5c4e1e0aab5e501582ee4f86c14,2025-11-12,2025-W45,Wednesday,Adicionado a pasta  09 - Exemplo Pratico -SSM (Source-Specific Multicast) e IGMP v3,Adicionado,Infrastructure,Sim
fcae1a20d9bbcf10ebd5470de4945fb5cf8a70e7,2025-11-11,2025-W45,Tuesday,Ajustado o README.md,Ajustado,Geral,Não
8d13b1bc9b72a5562530d939d1f241a3a76756e7,2025-11-11,2025-W45,Tuesday,Ajustado o README.md,Ajustado,Geral,Não
a5816ff1c91af10de3d7987d62c73b3bc1965b19,2025-11-11,2025-W45,Tuesday,Ajustado o README.md,Ajustado,Geral,Não
4dd8e8eb55e19e7cb23bfc4c4f1ab626d26c7c17,2025-11-11,2025-W45,Tuesday,Ajustado o README.md,Ajustado,Geral,Não
11e4818c2ef6f1973d87f34a48213a8ee54f4ed8,2025-11-07,2025-W44,Friday,Ajustado o README.md,Ajustado,Geral,Não
e2e600708d1ef1a02d22de25765de64563efbd4d,2025-11-06,2025-W44,Thursday,Ajustado o README.md,Ajustado,Geral,Não
2941932647d1299a33ec6bc6e974986d6666a8ad,2025-11-06,2025-W44,Thursday,Ajustado o README.md,Ajustado,Geral,Não
122d0e366f56495317e3eb1a99ca67ecd9d7be77,2025-11-05,2025-W44,Wednesday,Ajustado o README.md,Ajustado,Geral,Não
76ebf8cde386e9d0678282765f744fdc043a9cec,2025-11-05,2025-W44,Wednesday,Ajustado o README.md,Ajustado,Geral,Não
d7aa5cd27e86f15c5a8b7f3d145baa42d0e3f3ff,2025-11-05,2025-W44,Wednesday,Ajustado o README.md,Ajustado,Geral,Não
4a890862313bd171408097f9c71f7c2f3746e220,2025-11-05,2025-W44,Wednesday,Ajustado o README.md,Ajustado,Geral,Não
6a229bb11adadf76697178006a87e75379833a47,2025-11-05,2025-W44,Wednesday,Ajustado o README.md,Ajustado,Geral,Não
48b998dc9fe202bb57c0d0c68515c309737ea7e9,2025-11-05,2025-W44,Wednesday,Ajustado o README.md,Ajustado,Geral,Não
20ae057fc534fc67442d5f6e904f58de3b77f95b,2025-11-05,2025-W44,Wednesday,Adicionado a pasta 08 - Exemplo Pratico - Pim Sparse Mode com Bootstrap Router IETF,Adicionado,Infrastructure,Sim
bde166847f25388a443862aa2b67960da8320b8d,2025-11-04,2025-W44,Tuesday,Ajustado o README.md,Ajustado,Geral,Não
8cb7d8fb0e885e12bc9de021087ff6ce906fb5b9,2025-11-04,2025-W44,Tuesday,Ajustado o README.md,Ajustado,Geral,Não
64d04fd94a30d89541373c1207f7f2c56d6377bc,2025-11-03,2025-W44,Monday,Ajustado o README.md das pastas 06 e 07 - Ajuste de tpitulos,Ajustado,Geral,Não
75f16433e335cdae1caa900d6c687fd0a8635e7e,2025-11-03,2025-W44,Monday,Ajustado o README.md das pastas 06 e 07 - Ajuste de tpitulos,Ajustado,Geral,Não
8c4644d3980a0d27a8ed80e72d9b2809b90efddf,2025-11-03,2025-W44,Monday,Ajustado o README.md das pastas 06 e 07 - Ajuste de tpitulos,Ajustado,Geral,Não
e424ded1a03fe26c5c6e2bb4b9af64420e77ad71,2025-11-03,2025-W44,Monday,Ajustado o README.md das pastas 06 e 07 - Ajuste de tpitulos,Ajustado,Geral,Não
818d94210a9da115e83dc32842936aa3586d764c,2025-11-03,2025-W44,Monday,Ajustado o README.md das pastas 06 e 07 - Ajuste de tpitulos,Ajustado,Geral,Não
f699b4aed8ea4f804fc94a03b7c6ca71b897354c,2025-11-03,2025-W44,Monday,Ajustado o README.md das pastas 06 e 07 - Ajuste de tpitulos,Ajustado,Geral,Não
b73267315ed5a919d219836cc919d94786429884,2025-11-03,2025-W44,Monday,Ajustado o README.md das pastas 06 e 07 - Ajuste de tpitulos,Ajustado,Geral,Não
4e4f4dec238fb6ca2f17ba69cec8d130c50ce1e7,2025-11-03,2025-W44,Monday,Alterado o nome da pasta 06 para 06 - Exemplo Pratico - Pim Sparse Mode com RP manual,Alterado,Infrastructure,Sim
54c77547293128ffe97c0046e4aeb4250ad7e19c,2025-11-02,2025-W43,Sunday,Alterado o README.md,Alterado,Geral,Não
ba35d9cadeb404e3cf37962db34aeb211fb9c3fd,2025-11-02,2025-W43,Sunday,Alterado o README.md,Alterado,Geral,Não
f26599ea49c3ce6f8282b7e4f0bb85e8d1d55015,2025-11-01,2025-W43,Saturday,Alterado o README.md,Alterado,Geral,Não
9855f5f94e0a8a47cb0735650dce6b1ded564697,2025-11-01,2025-W43,Saturday,Alterado o README.md,Alterado,Geral,Não
921aa6ab0d4011942cf4d85b0ef92cdaa585af61,2025-11-01,2025-W43,Saturday,Alterado o README.md,Alterado,Geral,Não
6675dcbc63f6df58f4ff996aa6ec5236d910c490,2025-11-01,2025-W43,Saturday,Alterado o README.md,Alterado,Geral,Não
97c278b60caeb3ad4bf823c66493452354535a84,2025-11-01,2025-W43,Saturday,Alterado o README.md,Alterado,Geral,Não
f12e466e73f518a78387624ba0a68a30b79e8588,2025-10-30,2025-W43,Thursday,Alterado o README.md,Alterado,Geral,Não
5a6b45143f2148cc6b57dca67dc93e01021f9eda,2025-10-29,2025-W43,Wednesday,Alterado o README.md,Alterado,Geral,Não
d73a7088085ca56781ac6c9076f603a1a44a9b21,2025-10-29,2025-W43,Wednesday,Alterado o README.md,Alterado,Geral,Não
6bed9e1b23b636af450154f446d6b006c3dc369f,2025-10-29,2025-W43,Wednesday,Alterado o README.md,Alterado,Geral,Não
dcee803cc924f45cad580c5e63976703fe404345,2025-10-28,2025-W43,Tuesday,Alterado o README.md,Alterado,Geral,Não
4bd47994a6bd314790448cbf58afbf67a13cc39c,2025-10-27,2025-W43,Monday,Adicionado a pasta 06 - Exemplo Pratico - Pim Sparse Mode,Adicionado,Infrastructure,Sim
774dfe63374c6a4f24a121d1e7490e3544d70521,2025-10-17,2025-W41,Friday,Alteradoo Readme.md,Alterado,Geral,Não
b3f234e1a8228722617b845d4d5b3df879762845,2025-10-17,2025-W41,Friday,Alteradoo Readme.md,Alterado,Geral,Não
ed03e03876eb68e1301dff398b55cfad830ee765,2025-10-17,2025-W41,Friday,Alteradoo Readme.md,Alterado,Geral,Não
2910a590dd2d3eb33b91634c6b4f0585f70dfd7c,2025-10-17,2025-W41,Friday,Alteradoo Readme.md,Alterado,Geral,Não
436156bf00f7b48ad0601a542cc654318f8fc012,2025-10-17,2025-W41,Friday,Alteradoo Readme.md,Alterado,Geral,Não
02b71adbd5009f04a2e16ad6d250664a289559f5,2025-10-17,2025-W41,Friday,Alteradoo Readme.md,Alterado,Geral,Não
4c6fc784b79f30d05c5465c785139ede87c74500,2025-10-17,2025-W41,Friday,Alteradoo Readme.md,Alterado,Geral,Não
8a3bbd6c6dc9b72f656ca4eb67b8050e589d201c,2025-10-17,2025-W41,Friday,Alteradoo Readme.md,Alterado,Geral,Não
faa5d5240ca7a8cc12a37c55c6f647386656f845,2025-10-17,2025-W41,Friday,Alteradoo Readme.md,Alterado,Geral,Não
d8c3b14e3ad77d9d3fdd09e406d23ca401142c76,2025-10-17,2025-W41,Friday,Alteradoo Readme.md,Alterado,Geral,Não
d05822a08c5ae15f53f0cbe10ed32e266f4a589d,2025-10-17,2025-W41,Friday,Alteradoo Readme.md,Alterado,Geral,Não
1fb78e0efcfc9fe394dfac4cd8322b5b474b3d83,2025-10-16,2025-W41,Thursday,Alteradoo Readme.md,Alterado,Geral,Não
428d74a3dd2e7ea0dd4b02ae3c440039a3decbaa,2025-10-16,2025-W41,Thursday,Alteradoo Readme.md,Alterado,Geral,Não
181073845245a50db04ca5bda2f16cee4f3a4555,2025-10-16,2025-W41,Thursday,Alteradoo Readme.md,Alterado,Geral,Não
ff0d2c51a4ea554323cb959bad05551fab2324bb,2025-10-16,2025-W41,Thursday,Alteradoo Readme.md,Alterado,Geral,Não
41f55758fc423ef136e66bb481fa161f8a889b1a,2025-10-16,2025-W41,Thursday,Alteradoo Readme.md,Alterado,Geral,Não
e4331d9d7dd7b303666df12350fc9ad451b860cd,2025-10-16,2025-W41,Thursday,Alteradoo Readme.md,Alterado,Geral,Não
ce9870f38763722ab60933f1e53e8d68ef232ac3,2025-10-16,2025-W41,Thursday,Alteradoo Readme.md,Alterado,Geral,Não
5a7cf3982af92c6dafe30d95e1af160c8147a88f,2025-10-14,2025-W41,Tuesday,Alteradoo Readme.md,Alterado,Geral,Não
435f95ca11287ede5048971d764ae8be35cc89ad,2025-10-14,2025-W41,Tuesday,Alteradoo Readme.md,Alterado,Geral,Não
293c750b7d44c7dc131d6f94113e5341c975ae40,2025-10-14,2025-W41,Tuesday,Alteradoo Readme.md,Alterado,Geral,Não
414c1ec7a06e17d913774cdd27b13aebd529d735,2025-10-14,2025-W41,Tuesday,Alteradoo Readme.md,Alterado,Geral,Não
ce42918cfbdf6b2a23d78305f194455fcd65562b,2025-10-14,2025-W41,Tuesday,Alteradoo Readme.md,Alterado,Geral,Não
3142ccf04149b818d33c26d8b09acd87d3c1321d,2025-10-14,2025-W41,Tuesday,Alteradoo Readme.md,Alterado,Geral,Não
10877800bb5fb7e5e0c75a168c01f0a34c72fc1e,2025-10-14,2025-W41,Tuesday,Alteradoo Readme.md,Alterado,Geral,Não
bda9609bd184319efc931e233ec7f3a1cdd4f6b7,2025-10-13,2025-W41,Monday,Alteradoo Readme.md,Alterado,Geral,Não
36840d23a4bbbf9dee67b9833f5dcc0b3890fe9b,2025-10-13,2025-W41,Monday,Alteradoo Readme.md,Alterado,Geral,Não
bb537351e29111bbed47358ccc3c72afaacd5533,2025-10-13,2025-W41,Monday,Alteradoo Readme.md,Alterado,Geral,Não
46d2bc5a3291302bdb3764c76c99610f0c53e620,2025-10-13,2025-W41,Monday,Alteradoo Readme.md,Alterado,Geral,Não
a9c8332fd6cbe20d43a10b1ec08bd4af9b04f972,2025-10-13,2025-W41,Monday,Alteradoo Readme.md,Alterado,Geral,Não
34428e6ce0762c36727a75068a4bda87d41e22cc,2025-10-13,2025-W41,Monday,Alteradoo Readme.md,Alterado,Geral,Não
595512d886fd05e91266c621112a0ae6d016d387,2025-10-13,2025-W41,Monday,Alteradoo Readme.md,Alterado,Geral,Não
a706756143e47c5370f1694c9263800b778937fe,2025-10-13,2025-W41,Monday,Alteradoo Readme.md,Alterado,Geral,Não
9eda5980bd116740fcbccc94e5428ec5d2c782bd,2025-10-13,2025-W41,Monday,Alteradoo Readme.md,Alterado,Geral,Não
3a965e60f3167d4225182b468a4834b82450ee39,2025-10-13,2025-W41,Monday,Alteradoo Readme.md,Alterado,Geral,Não
be9fb21c743ff6a9774809bb9ca7cf91dd7f2981,2025-10-13,2025-W41,Monday,Alteradoo Readme.md,Alterado,Geral,Não
b5d8f326d7579608b792abf52284c700e970dcf0,2025-10-13,2025-W41,Monday,Alteradoo Readme.md,Alterado,Geral,Não
14ade81d9504b9bb3e435bf8aa232c853e94697b,2025-10-13,2025-W41,Monday,Alteradoo Readme.md,Alterado,Geral,Não
e915b0e74711739d6f5347468b0b4f0ea5fdd41a,2025-10-13,2025-W41,Monday,Alteradoo Readme.md,Alterado,Geral,Não
1a655f91a7b867d42e29a73d5800a5256dfd91c4,2025-10-13,2025-W41,Monday,Alteradoo Readme.md,Alterado,Geral,Não
19add97c97e299fc331d77b5b54f9ee913cf3fa3,2025-10-13,2025-W41,Monday,Alteradoo Readme.md,Alterado,Geral,Não
c3a3f352c8681c10e8d4d11e52a4e95fbf056d3f,2025-10-13,2025-W41,Monday,Alteradoo Readme.md,Alterado,Geral,Não
a6d4eae0543f3a6fbd7a0a91d04417284abc7b68,2025-10-13,2025-W41,Monday,Alteradoo Readme.md,Alterado,Geral,Não
53a362ec50ad33f096ca6dd0c4c2179c048333ec,2025-10-13,2025-W41,Monday,Alteradoo Readme.md,Alterado,Geral,Não
02c52ff5e18fc353dd96c759b2b8c45c2970dd3c,2025-10-13,2025-W41,Monday,Alteradoo Readme.md,Alterado,Geral,Não
2c818474f88ae6f4933dd592d66a477988cf42ba,2025-10-13,2025-W41,Monday,Alteradoo Readme.md,Alterado,Geral,Não
d4a227cf6b9a25c2aab12b66fdcaa12ace879cea,2025-10-13,2025-W41,Monday,Alteradoo Readme.md,Alterado,Geral,Não
6c748db4d42fee77263ee1bf186a79dab18f49ae,2025-10-13,2025-W41,Monday,Alteradoo Readme.md,Alterado,Geral,Não
4c91d45ddf8fe4957983597044019758ff63f075,2025-10-12,2025-W40,Sunday,Alteradoo Readme.md,Alterado,Geral,Não
10a91a960c1f00585f55382fe4bb1f968edc248b,2025-10-12,2025-W40,Sunday,Alteradoo Readme.md,Alterado,Geral,Não
bf061427534d0f362ce4c829affa6991d9b10d00,2025-10-12,2025-W40,Sunday,Alteradoo Readme.md,Alterado,Geral,Não
794e378eb198b35b5a2fc4761bb209612cae475a,2025-10-12,2025-W40,Sunday,Alteradoo Readme.md,Alterado,Geral,Não
ffcf350257e0beb1a1443a55e6faf632efeaa627,2025-10-12,2025-W40,Sunday,Alteradoo Readme.md,Alterado,Geral,Não
6c1f8da3ae35c47133b7e0908f893eb3e91905b4,2025-10-12,2025-W40,Sunday,Adicionado a pasta 05 - Exemplo Pratico - Pim Dense Mode,Adicionado,Infrastructure,Sim
2d9bc0c62247a74020d0ed0561132513e38adeb8,2025-09-03,2025-W35,Wednesday,Corrigido erros técnicos de endereções na seção do Item 6,Corrigido,Geral,Não
422dba6df927fc239bbcef20d29c97abdaabff39,2025-09-03,2025-W35,Wednesday,Alterado o Readme.md,Alterado,Geral,Não
60ff0f39bb60d722af5196bf015c3e34a7057b1d,2025-09-03,2025-W35,Wednesday,Alterado o Readme.md,Alterado,Geral,Não
531aea7b34d7144fd29aa226fbe710b4e75108a7,2025-09-03,2025-W35,Wednesday,Alterado o conteudo. Atualizao do bluprint comparacao de topicos atuaos x novos,Alterado,Geral,Não
ab016936aad5730dc87371db988e619aa9d41122,2025-09-03,2025-W35,Wednesday,Alterado o conteudo. Atualizao do bluprint comparacao de topicos atuaos x novos,Alterado,Geral,Não
70610b1403febd74f2beaa30de131c1664d45a66,2025-09-02,2025-W35,Tuesday,Alterado o README.MD - Adicionado comandos práticos,Alterado,Geral,Não
b5e3bf665f6eba3e28bba86015be11d340620401,2025-09-02,2025-W35,Tuesday,Alterado o README.MD - Adicionado comandos práticos,Alterado,Geral,Não
a7c7fedc21e7cd42115c858ca1f04d73bfd1c9bb,2025-09-02,2025-W35,Tuesday,Separado o multicast em 3 pastas,Separado,Infrastructure,Não
13c3233a5f3316f41d92aa8628fd67cf34730a2f,2025-09-02,2025-W35,Tuesday,Separado o multicast em 3 pastas,Separado,Infrastructure,Não
b6606cf90c33b1ef00efe999121df99f296b1723,2025-09-02,2025-W35,Tuesday,Alterado o Readme.md,Alterado,Geral,Não
1b04014956adb990e423997795b79fe17c4fb730,2025-09-01,2025-W35,Monday,Alterado o Readme - copia 1.md,Alterado,Geral,Não
9923009a6c01a2008b7258e27fb53d3471830df7,2025-08-31,2025-W34,Sunday,Adicionado comandos e verificações básicas,Adicionado,Geral,Não
c7040a81166e416720ef8ff1674e7ea3fe0e899d,2025-08-31,2025-W34,Sunday,Adicionado comandos e verificações básicas,Adicionado,Geral,Não
743aa3f49c114639e516732e1df7215c84659f44,2025-08-31,2025-W34,Sunday,Adicionado comandos e verificações básicas,Adicionado,Geral,Não
f1259e46609d03d82d66b0159ff2ae063cb87a90,2025-08-31,2025-W34,Sunday,Adicionado comandos e verificações básicas,Adicionado,Geral,Não
5610fd3f510c55f973f9007802fab1a0e4c47e30,2025-08-29,2025-W34,Friday,Dividido o Readme.md em 03 partes,Dividido,Geral,Não
5735cc9ae723f54d7ca2da87c3fb3bc333acf444,2025-08-29,2025-W34,Friday,Dividido o Readme.md em 03 partes,Dividido,Geral,Não
2fb12bfa554f68c0e9f11d4628fb46e71423fb24,2025-08-29,2025-W34,Friday,Alterado o Readme.md,Alterado,Geral,Não
172453919675a3e75b74e04d2051205a812d14bd,2025-08-29,2025-W34,Friday,Alterado o Readme.md,Alterado,Geral,Não
3268046dec9113ac4fef7738d25773b6f1bc1309,2025-08-28,2025-W34,Thursday,Alterado o Readme.md,Alterado,Geral,Não
6aeae608c5bc2888b37aae89faff692861739fee,2025-08-28,2025-W34,Thursday,Alterado o Readme.md,Alterado,Geral,Não
ac12a195616e6a741e8e4c8bd1a58b9fe793d8fe,2025-08-27,2025-W34,Wednesday,Alterado o Readme.md,Alterado,Geral,Não
4ed389c902ec6ee6a459b10ce86c3723d0989720,2025-08-27,2025-W34,Wednesday,Alterado o Readme.md,Alterado,Geral,Não
13c98a77bcc96ad5f48caf95f095229782b5a3fa,2025-08-27,2025-W34,Wednesday,Alterado o Readme.md,Alterado,Geral,Não
27dfdb5efc7021b0d4a83f194f2bd52286ea9e87,2025-08-27,2025-W34,Wednesday,Alterado o Readme.md,Alterado,Geral,Não
df3370cac55a067b5c402e5dc105389a28ea798f,2025-08-27,2025-W34,Wednesday,Adicionado a pasta 04 - Pim - Rendezvouz Points.,Adicionado,Infrastructure,Não
23e328f7f769b92e156886d9b15378dabfb2da0f,2025-08-27,2025-W34,Wednesday,Adicionado a pasta 04 - Pim - Rendezvouz Points.,Adicionado,Infrastructure,Não
4ede83387836e2ee680980e4580811664de378d4,2025-08-26,2025-W34,Tuesday,Alterado o Readme.md,Alterado,Geral,Não
3d9b287cfbb6e98a9f3f95b1b356ac8831574e85,2025-08-26,2025-W34,Tuesday,Alterado o Readme.md,Alterado,Geral,Não
997838a725670907fcc23281afe0574871673b39,2025-08-26,2025-W34,Tuesday,Alterado o Readme.md,Alterado,Geral,Não
cc83371ab7c383dcf124729f94160d5aca59e55b,2025-08-26,2025-W34,Tuesday,Alterado o Readme.md,Alterado,Geral,Não
986b2968af494cb5aa2dd8d93a57adb4bd7ec856,2025-08-26,2025-W34,Tuesday,Alterado o Readme.md,Alterado,Geral,Não
42c7d53fecbddc8ae42f21fcd813d714ff4c4e63,2025-08-26,2025-W34,Tuesday,Alterado o Readme.md,Alterado,Geral,Não
e5680fcd969e723b0655b98a0eb7fd23706d2e14,2025-08-26,2025-W34,Tuesday,Alterado o Readme.md,Alterado,Geral,Não
15c1e3d1b51ccd1e1530f08dd3f43eb6dc02e2e1,2025-08-26,2025-W34,Tuesday,Alterado o Readme.md,Alterado,Geral,Não
293d98ddef8c70aec2f75db1872c6caf0f873d93,2025-08-26,2025-W34,Tuesday,Alterado o Readme.md,Alterado,Geral,Não
2d48a77b4e8ad9cd8f58ecd12958bfe0d738e9fe,2025-08-26,2025-W34,Tuesday,Alterado o Readme.md,Alterado,Geral,Não
040395946385d6c9ec796553908c4b3997561e07,2025-08-25,2025-W34,Monday,Alterado o Readme.md,Alterado,Geral,Não
8522f4d93310802124dd01bd726bf4657192d156,2025-08-25,2025-W34,Monday,Alterado o Readme.md,Alterado,Geral,Não
d082e4ece8d4c42d245c6035169ac57c80851e61,2025-08-25,2025-W34,Monday,Alterado o Readme.md,Alterado,Geral,Não
55d877384027dfbdb9a60ccd4c3fc963a4dd29c8,2025-08-25,2025-W34,Monday,Alterado o Readme.md,Alterado,Geral,Não
c3bded89561b61e482dc44603a9542608b75352d,2025-08-25,2025-W34,Monday,Alterado o Readme.md,Alterado,Geral,Não
9e3bd8908dec86d95549ec24ca95e627f7677492,2025-08-25,2025-W34,Monday,Alterado o Readme.md,Alterado,Geral,Não
684effeac246fa39cccdf4979f13e435fe84f348,2025-08-25,2025-W34,Monday,Alterado o Readme.md,Alterado,Geral,Não
5bdfe48b02f077e099c2380c5695853ddcd09c11,2025-08-25,2025-W34,Monday,Alterado o Readme.md,Alterado,Geral,Não
a94e60dd94eb20331963ba6949468a03cd08f5e5,2025-08-25,2025-W34,Monday,Alterado o Readme.md,Alterado,Geral,Não
5e2621798cedb874abc417170e3b0f841c227329,2025-08-24,2025-W33,Sunday,Alterado o Readme.md,Alterado,Geral,Não
dc7c500f71e9d9232b6cb0066c4a88008f87e586,2025-08-24,2025-W33,Sunday,Alterado o Readme.md,Alterado,Geral,Não
471b155305a04083882509cd643f12bb83d63a95,2025-08-24,2025-W33,Sunday,Alterado o Readme.md,Alterado,Geral,Não
e37372aaa94fa6ff0adc43e92e5836a79d5c8dfb,2025-08-24,2025-W33,Sunday,Alterado o Readme.md,Alterado,Geral,Não
8c9c038b3672f3354afd491f8d6137777b5da16d,2025-08-24,2025-W33,Sunday,Alterado o Readme.md,Alterado,Geral,Não
a45e438cd17b60c1f6258682c462c675f29bd71f,2025-08-24,2025-W33,Sunday,Adicionado a pasta 03 PIM,Adicionado,Infrastructure,Não
800ca11de61b039fa2a4525b3b952ee906882868,2025-08-24,2025-W33,Sunday,Adicionado a pasta 03 PIM,Adicionado,Infrastructure,Não
4cb6eb3836621c27d302ed478a5c9f7f4c7044f9,2025-08-24,2025-W33,Sunday,Adicionado a pasta 03 PIM,Adicionado,Infrastructure,Não
d00ba19a75c57d12e4d02adc0706c506d213d55f,2025-08-24,2025-W33,Sunday,Adicionado a pasta 03 PIM,Adicionado,Infrastructure,Não
1e76674105613440e36ec1521d922814b129ddfe,2025-08-24,2025-W33,Sunday,Adicionado a pasta 03 PIM,Adicionado,Infrastructure,Não
f40478f16e84be371eda986901b1ecd6a8ff2050,2025-08-22,2025-W33,Friday,Alterado o Readme.md,Alterado,Geral,Não
d93bc904fbf180fce043be84a3a7c3531f8ef66c,2025-08-22,2025-W33,Friday,Alterado o Readme.md,Alterado,Geral,Não
1096aa54de507f061c678c7a40bb96ad98ebe2c7,2025-08-22,2025-W33,Friday,Alterado o Readme.md,Alterado,Geral,Não
c1bd4ed63f9db17a8f696954ba799c870babc7bd,2025-08-22,2025-W33,Friday,Alterado o Readme.md,Alterado,Geral,Não
8ab2b3a4dcf530a49e385fed60465b8eda2239de,2025-08-22,2025-W33,Friday,Alterado o Readme.md,Alterado,Geral,Não
eb4240119e3cf2d3ec2a50ebecfad0732cd26118,2025-08-22,2025-W33,Friday,Alterado o Readme.md,Alterado,Geral,Não
a1e6acb82f07051c1f0f57fd4ae8a84605fc3cbf,2025-08-22,2025-W33,Friday,Alterado o Readme.md,Alterado,Geral,Não
cb4d81d60dcbf2ea22e2e1cd2ec7e66a8c088884,2025-08-22,2025-W33,Friday,Alterado o Readme.md,Alterado,Geral,Não
e01bce55cbbb82006f64b0f5e4b0e2a8029953df,2025-08-22,2025-W33,Friday,Alterado o Readme.md,Alterado,Geral,Não
c6d9de1a9379a2c672334e490d191748b97df315,2025-08-22,2025-W33,Friday,Alterado o Readme.md,Alterado,Geral,Não
d40b1f9311bce93a9df906544ca489704754a8e0,2025-08-22,2025-W33,Friday,Alterado o Readme.md,Alterado,Geral,Não
8740bfd00fcf564106aad2cb9bd178ef99f97f6e,2025-08-22,2025-W33,Friday,Alterado o Readme.md,Alterado,Geral,Não
e6d54957ddc02df4a084174c9caad10df6cbcd39,2025-08-22,2025-W33,Friday,Alterado o Readme.md,Alterado,Geral,Não
bca8c4cc8812214f5169337b04141fe44967508b,2025-08-22,2025-W33,Friday,Alterado o Readme.md,Alterado,Geral,Não
32b5948121c6239cfc438d6617698b61b4f1706c,2025-08-22,2025-W33,Friday,Alterado o Readme.md,Alterado,Geral,Não
13150be24c283a64d663a0a9b41713a5ce933d35,2025-08-22,2025-W33,Friday,"Adicionado Simulados 01, 02, 03 e dashboard",Adicionado,Geral,Não
a2c1cafd8ac3c48fc769588224e5d047399ab941,2025-08-22,2025-W33,Friday,"Adicionado Simulados 01, 02, 03 e dashboard",Adicionado,Geral,Não
227f9de98284f0f4102acbf0fee80c935d861a38,2025-08-22,2025-W33,Friday,"Adicionado Simulados 01, 02, 03 e dashboard",Adicionado,Geral,Não
f1a3a52f1a1437ccdac007cadcda85ca62651d07,2025-08-22,2025-W33,Friday,"Adicionado Simulados 01, 02, 03 e dashboard",Adicionado,Geral,Não
5216b249d431650a4a6b5e6f87291ed70fffd3ce,2025-08-22,2025-W33,Friday,"Adicionado Simulados 01, 02, 03 e dashboard",Adicionado,Geral,Não
b106cf3219af729fe68cb3f69785af5117f4e7a7,2025-08-22,2025-W33,Friday,"Adicionado Simulados 01, 02, 03 e dashboard",Adicionado,Geral,Não
b4d284148bc1cf5c3af90f769d3d03057817fa27,2025-08-21,2025-W33,Thursday,"Adicionado Simulados 01, 02, 03 e dashboard",Adicionado,Geral,Não
2378675eda671a17f7c56f4f27bf17c1a6196786,2025-08-21,2025-W33,Thursday,Teste animacao de IGMPv2,Teste,Infrastructure,Não
b804cb4adb1d2b79a02895d2feea0a2c21bc4411,2025-08-21,2025-W33,Thursday,Teste animacao de IGMPv2,Teste,Infrastructure,Não
5ce7f9885e5209ba16e5b62d165a30dd440f030f,2025-08-21,2025-W33,Thursday,Teste animacao de IGMPv2,Teste,Infrastructure,Não
0cdb6b1e0bc019e48396e4c71698e7c73ab82dea,2025-08-21,2025-W33,Thursday,Teste animacao de IGMPv2,Teste,Infrastructure,Não
a1b612dadbfe61ec9e9286f6d9d643fae92814c0,2025-08-21,2025-W33,Thursday,Teste animacao de IGMPv2,Teste,Infrastructure,Não
abb0445ccc78223e0cc2a00656f38ab900e73efd,2025-08-21,2025-W33,Thursday,Teste animacao de IGMPv2,Teste,Infrastructure,Não
ef271da4fb0ce5109ed26d85de05683d21020eb8,2025-08-21,2025-W33,Thursday,Alterado o Readme.md,Alterado,Geral,Não
e73e7696882961f4a61179e8e52c93c3db64a0b1,2025-08-21,2025-W33,Thursday,Alterado o Readme.md,Alterado,Geral,Não
018b213a7163cac436c0085e5654d286cc14359f,2025-08-21,2025-W33,Thursday,Alterado o Readme.md,Alterado,Geral,Não
ca111a4f8386d1191422771c7c6ef4172692b016,2025-08-21,2025-W33,Thursday,Alterado o Readme.md,Alterado,Geral,Não
907abb082f4b9826d98445fffcedffc5eb87097b,2025-08-20,2025-W33,Wednesday,Alterado o Readme.md,Alterado,Geral,Não
84deee4fcae30e4a511249569570d430d8f7e06d,2025-08-20,2025-W33,Wednesday,Alterado o Readme.md,Alterado,Geral,Não
3950e16f4d9faae8872d365209a3c46386d182d9,2025-08-20,2025-W33,Wednesday,Alterado o Readme.md,Alterado,Geral,Não
82cb94df8d53993642be997f60fe518547a77eb4,2025-08-20,2025-W33,Wednesday,Alterado o Readme.md,Alterado,Geral,Não
c790cb8bb09bd0927b023b605928172b7ae88b4a,2025-08-20,2025-W33,Wednesday,Alterado o Readme.md,Alterado,Geral,Não
e542d8c03e13f0d7c1b173e1adb545ca43766051,2025-08-19,2025-W33,Tuesday,Alterado o Readme.md,Alterado,Geral,Não
c38f90637be19accba5005755e8ffec825f75202,2025-08-19,2025-W33,Tuesday,Alterado o Readme.md,Alterado,Geral,Não
9d68722df5bf7a469d862143ab61df6ebd0fd9c5,2025-08-19,2025-W33,Tuesday,Alterado o Readme.md,Alterado,Geral,Não
6d7d78b14386edd549a7c0bc71d86298bf3ed2b4,2025-08-19,2025-W33,Tuesday,Alterado o Readme.md,Alterado,Geral,Não
5b2f660d8718b29d949e1329dd6898479958235e,2025-08-19,2025-W33,Tuesday,Alterado o Readme.md,Alterado,Geral,Não
0ffeaf59baa252da34228684ad842301a150e65f,2025-08-19,2025-W33,Tuesday,Alterado o Readme.md,Alterado,Geral,Não
319a92e804a21f22f4e7e8376e90334c1d342e01,2025-08-19,2025-W33,Tuesday,Alterado o Readme.md,Alterado,Geral,Não
743b31fc0153313fa42fd09bf2a48fcce78c7808,2025-08-19,2025-W33,Tuesday,Alterado o Readme.md,Alterado,Geral,Não
ba58113279be7121982e9ff6c5945b116097a1a7,2025-08-19,2025-W33,Tuesday,Alterado o Readme.md,Alterado,Geral,Não
a5f4119bf44ad11707e5b3d26a73b0b3afb48599,2025-08-19,2025-W33,Tuesday,Alterado o Readme.md,Alterado,Geral,Não
856f47f6f181945a5266b213c0d8bf09beba7d1e,2025-08-19,2025-W33,Tuesday,Alterado o Readme.md,Alterado,Geral,Não
40e2647b3fc8ed36cbf7ac7b7103a9b52b817959,2025-08-19,2025-W33,Tuesday,Alterado o Readme.md,Alterado,Geral,Não
54ab87440afbdaa18dceb4140e0aed0997c671f7,2025-08-18,2025-W33,Monday,Alterado o Readme.md,Alterado,Geral,Não
494db6c02839e1e7db8db2c38021fee828c67b7b,2025-08-18,2025-W33,Monday,Alterado o Readme.md,Alterado,Geral,Não
604a35cd3c0b4418fe372df5bb017e9365d7ffba,2025-08-18,2025-W33,Monday,Alterado o Readme.md,Alterado,Geral,Não
68cca2c3873e2ce83b1dd5c5d199c12bb51c51c5,2025-08-18,2025-W33,Monday,Alterado o Readme.md,Alterado,Geral,Não
7e447633988388215d7efc467e9c8e6551cfad2b,2025-08-18,2025-W33,Monday,Alterado o Readme.md,Alterado,Geral,Não
c6c9c1788147393a341a436792bd15c52413d177,2025-08-18,2025-W33,Monday,Alterado o Readme.md,Alterado,Geral,Não
0aae479869909cc4a82b16db154b76af019b8f15,2025-08-18,2025-W33,Monday,Alterado o Readme.md,Alterado,Geral,Não
250a46057ec312855b619a6a6a11e61350cbdb9e,2025-08-18,2025-W33,Monday,Alterado o Readme.md,Alterado,Geral,Não
275de74516a934533c2c24787eec4913fdc10927,2025-08-18,2025-W33,Monday,Alterado o Readme.md,Alterado,Geral,Não
963cc917b3d18bcabdf2c6912f3dcea25effde8e,2025-08-17,2025-W32,Sunday,Alterado o Readme.md,Alterado,Geral,Não
2d36d1fea00dc0ecdc861154fae76194e5074284,2025-08-17,2025-W32,Sunday,Alterado o Readme.md,Alterado,Geral,Não
104cdcb3d6117e3b4e2605519489ecf9de9c2c5a,2025-08-17,2025-W32,Sunday,Alterado o Readme.md,Alterado,Geral,Não
fa09d77f6f0e10d05f83e83e1f6ac25198d659fc,2025-08-17,2025-W32,Sunday,Alterado o Readme.md,Alterado,Geral,Não
1334c50558c72ecb193d95a79d456f7cfbc05807,2025-08-17,2025-W32,Sunday,Alterado o Readme.md,Alterado,Geral,Não
89f2601a8fa62ca9bcc6a5c7dc91f1b89b6a1ae0,2025-08-17,2025-W32,Sunday,Alterado o Readme.md,Alterado,Geral,Não
76b807b21160b0dcbcc2c5672c1470637bc4ab91,2025-08-17,2025-W32,Sunday,Alterado o Readme.md,Alterado,Geral,Não
ad0518859838a2cb75473a5b8a4188efa0672526,2025-08-17,2025-W32,Sunday,Alterado o Readme.md,Alterado,Geral,Não
15d49454efcfde21cc145b0f6290fd2fc2c64f1a,2025-08-17,2025-W32,Sunday,Alterado o Readme.md,Alterado,Geral,Não
07fa8b9e786cf895eeec16c6ff4ee5b6bec7aead,2025-08-17,2025-W32,Sunday,Alterado o Readme.md,Alterado,Geral,Não
7d1edfef072676c6477e1ddcbdfc79755358f24e,2025-08-16,2025-W32,Saturday,Alterado o Readme.md,Alterado,Geral,Não
c4442e45d5c16f1d6edb8ab92ad811e3ac9f887b,2025-08-16,2025-W32,Saturday,Alterado o Readme.md,Alterado,Geral,Não
1c20ca023ea8d95634527945cd85afdebc74c0fe,2025-08-16,2025-W32,Saturday,Alterado o Readme.md,Alterado,Geral,Não
b9bfc3d42b71a64aaab5d4a1c925f6f278ac65b5,2025-08-16,2025-W32,Saturday,Alterado o Readme.md,Alterado,Geral,Não
2dad39d8e058d19c64cb073cf807a58aa4e4fe16,2025-08-16,2025-W32,Saturday,Alterado o Readme.md,Alterado,Geral,Não
4657e5f8137cd087bd65aa6b260fa84c466f312d,2025-08-16,2025-W32,Saturday,Alterado o Readme.md,Alterado,Geral,Não
d2624e5b1936a6a6773e0eef35640c01028a1f80,2025-08-16,2025-W32,Saturday,Adicionando simulado multicast,Adicionado,Infrastructure,Não
58ab265e4694b7242184b53ca196b41ec226f4d8,2025-08-16,2025-W32,Saturday,Adicionando simulado multicast,Adicionado,Infrastructure,Não
46cf5b44ce5b0bda8a6044e42f81cab5f086a015,2025-08-16,2025-W32,Saturday,Adicionando simulado multicast,Adicionado,Infrastructure,Não
45b272d819245423a8c0719688609abb13b1dabc,2025-08-16,2025-W32,Saturday,Teste de githubpages,Teste,Geral,Não
28957e8d2d40720d170433555351eb1d2f5b8cf7,2025-08-16,2025-W32,Saturday,Teste de githubpages,Teste,Geral,Não
f5b2da7a2dc478813328bf32c13ff27f141e8120,2025-08-16,2025-W32,Saturday,Teste de githubpages,Teste,Geral,Não
dc587452db9c36afa61dc87379d414673271c657,2025-08-15,2025-W32,Friday,Alterado o Readme.md,Alterado,Geral,Não
f7722d7c12f650bce7e94c5d7a1a43de0eea231e,2025-08-15,2025-W32,Friday,Alterado o Readme.md,Alterado,Geral,Não
7fa0083ff56f7f0e23e37a61f4a03a00df276bd4,2025-08-15,2025-W32,Friday,Alterado o Readme.md,Alterado,Geral,Não
c2c70eecc7552bf2a16ff175975da65f5471c76c,2025-08-15,2025-W32,Friday,Alterado o Readme.md,Alterado,Geral,Não
e26517f21a3f685ed5a66187874c11dc62f0ed40,2025-08-14,2025-W32,Thursday,Alterado o Readme.md,Alterado,Geral,Não
bfb9d072b1ae8a41ad5c3942b958a601b5261cd1,2025-08-14,2025-W32,Thursday,Alterado o Readme.md,Alterado,Geral,Não
1dc99c00d43b68269b43c4534942983cc9a45a15,2025-08-14,2025-W32,Thursday,Alterado o Readme.md,Alterado,Geral,Não
31f099ebf1dd4194c72279c6e16690deedae7925,2025-08-14,2025-W32,Thursday,Alterado o Readme.md,Alterado,Geral,Não
d902300ae8b8ff3c930d91b30535a25c3292a2ff,2025-08-14,2025-W32,Thursday,Alterado o Readme.md,Alterado,Geral,Não
74876b5610f4265f145fb88393113e1354f0c42d,2025-08-14,2025-W32,Thursday,Alterado o Readme.md,Alterado,Geral,Não
aa4f840945c5321089151d25c0f2789e93e255f7,2025-08-12,2025-W32,Tuesday,Alterado o Readme.md,Alterado,Geral,Não
66c99421016e302bafeeb16d5ba1152722a5f96e,2025-08-12,2025-W32,Tuesday,Alterado o Readme.md,Alterado,Geral,Não
544c1ba8cd0595fed28a8fa10c9b3584077ca70c,2025-08-12,2025-W32,Tuesday,Alterado o Readme.md,Alterado,Geral,Não
254c91595e758d1e45301ec8c2fd81fcc3add54e,2025-08-12,2025-W32,Tuesday,Alterado o Readme.md,Alterado,Geral,Não
ecd26aeaa1e9649167d9bedf462c0a3f96462fc4,2025-08-12,2025-W32,Tuesday,Alterado o Readme.md,Alterado,Geral,Não
b09a2cc36e5903439afe6ed7a7e0cb39eb22700c,2025-08-12,2025-W32,Tuesday,Alterado o Readme.md,Alterado,Geral,Não
d79e3016cd466f2155c04bf7b89a40fd6cba96ac,2025-08-12,2025-W32,Tuesday,Alterado o Readme.md,Alterado,Geral,Não
b44f963752f963d7a2c0790f340ab29f1d659f4e,2025-08-12,2025-W32,Tuesday,Alterado o Readme.md,Alterado,Geral,Não
798d58e5fc049f3c985372b0facb692db0046242,2025-08-12,2025-W32,Tuesday,Alterado o Readme.md,Alterado,Geral,Não
948e7ddd3c0a5238e0b9b34bdc72cca228de899f,2025-08-12,2025-W32,Tuesday,Alterado o Readme.md,Alterado,Geral,Não
0c3ea026c2f912e5a63df281cf5aee18da5d52c3,2025-08-12,2025-W32,Tuesday,Alterado o Readme.md,Alterado,Geral,Não
ea89133670330a4a4a0f45f6d1ecc743c78b45e1,2025-08-12,2025-W32,Tuesday,Alterado o Readme.md,Alterado,Geral,Não
a1d97c9c948919f1ec9f6f863ce3b837e152cb25,2025-08-12,2025-W32,Tuesday,Ajuste imagem topologia,Ajustado,Geral,Não
727577fcfd616d0e0401b97f826b1146ec80510a,2025-08-11,2025-W32,Monday,Teste de SVG em Multicast,Teste,Infrastructure,Não
7feac7d1336800be8e8c2f0558881eb6558694e9,2025-08-11,2025-W32,Monday,Teste de SVG em Multicast,Teste,Infrastructure,Não
0b65318e06d00fe6c41a813d957fc35312acb649,2025-08-11,2025-W32,Monday,Teste de SVG em Multicast,Teste,Infrastructure,Não
bd1161b88fc62941a51611698084fd9f14fc19cf,2025-08-11,2025-W32,Monday,Teste de SVG em Multicast,Teste,Infrastructure,Não
e616570f850e39d5d3405221a4d2219bb78ec1a6,2025-08-11,2025-W32,Monday,Teste de SVG em Multicast,Teste,Infrastructure,Não
35f9ec8656673e95b7c3676eb46b0f1b377ccd13,2025-08-11,2025-W32,Monday,Teste de SVG em Multicast,Teste,Infrastructure,Não
ad64003b759b3edef9df63a38fa02e0edbdb09a5,2025-08-11,2025-W32,Monday,Teste de SVG em Multicast,Teste,Infrastructure,Não
6d9e9bdd09762f86c710bebfa1d0f3e669ff0052,2025-08-11,2025-W32,Monday,Teste de SVG em Multicast,Teste,Infrastructure,Não
8a52dac542ef2bb199c551766c23ee4ba38fb102,2025-08-11,2025-W32,Monday,Teste de SVG em Multicast,Teste,Infrastructure,Não
4f12176ed9b63d8d85c0cc30659a134f76af436b,2025-08-11,2025-W32,Monday,Teste de SVG em Multicast,Teste,Infrastructure,Não
0844b68febb41b2bba31a7f7b01979797c829824,2025-08-11,2025-W32,Monday,Teste de SVG em Multicast,Teste,Infrastructure,Não
caab70f5948454a6c75640226303363055d05e86,2025-08-11,2025-W32,Monday,Teste de HTML em Multicast,Teste,Infrastructure,Não
638b452e4465820cad750b25f487074f1472cb18,2025-08-11,2025-W32,Monday,Teste de HTML em Multicast,Teste,Infrastructure,Não
fe06c0e768e99e2bbfd124b488ca0b1f7814a582,2025-08-11,2025-W32,Monday,Teste de HTML em Multicast,Teste,Infrastructure,Não
4a4115bb9ab56dffc01e8736ef530be110aeec10,2025-08-11,2025-W32,Monday,Teste de HTML em Multicast,Teste,Infrastructure,Não
aa0959af85561457403e6210de2c94abf1e55664,2025-08-11,2025-W32,Monday,Teste de HTML em Multicast,Teste,Infrastructure,Não
9ee51f99a5fd921181eb886b74a39ec46937d2bc,2025-08-11,2025-W32,Monday,Teste de HTML em Multicast,Teste,Infrastructure,Não
55b6dd6c76d4fd941ebb515efdf43636dfc534e7,2025-08-11,2025-W32,Monday,Teste de HTML em Multicast,Teste,Infrastructure,Não
4bd56ad4df4bd78b91546619a0ca166ca561c191,2025-08-11,2025-W32,Monday,Teste de HTML em Multicast,Teste,Infrastructure,Não
87151937ac83966f6ecf01bfe72db4057b9ebe23,2025-08-10,2025-W31,Sunday,Teste de imagem svg em Multicast,Teste,Infrastructure,Não
09a8eacf76ebcb0bf9b2388b1818d873c6e6d57d,2025-08-10,2025-W31,Sunday,Teste de imagem svg em Multicast,Teste,Infrastructure,Não
4a7309b145635cd3eda84fdd2ce0e53c1ef7ce39,2025-08-10,2025-W31,Sunday,Teste de imagem svg em Multicast,Teste,Infrastructure,Não
86384d03b7a3cad4ecbf6e80f96cb7701072feea,2025-08-10,2025-W31,Sunday,Teste de imagem svg em Multicast,Teste,Infrastructure,Não
99f2938277f440b8def6f53e22139589ba00b47e,2025-08-10,2025-W31,Sunday,Teste de imagem svg em Multicast,Teste,Infrastructure,Não
4f2b2cc6d3467a15da93907a24ff377c48d6fcd6,2025-08-10,2025-W31,Sunday,Teste de imagem svg em Multicast,Teste,Infrastructure,Não
085e21eb8a1d5f31024ba66c0b67943930ec48c9,2025-08-10,2025-W31,Sunday,Teste de imagem svg em Multicast,Teste,Infrastructure,Não
426234bbfe86422898797ebc32cba0fe3627791b,2025-08-10,2025-W31,Sunday,Removido o Código da imagem svg,Removido,Geral,Não
13795271e00aa03edea6b09d7f6526a01c3b57ab,2025-08-10,2025-W31,Sunday,Teste de imagem svg em Multicast,Teste,Infrastructure,Não
11a50bdeba6bf0d9febc11ed6a5a4aa92a009fb9,2025-07-30,2025-W30,Wednesday,Alterado o arquivo README.md,Alterado,Geral,Não
671d80446b4899dd660a5697ab34ace3534f8b83,2025-07-30,2025-W30,Wednesday,Alterado o arquivo README.md,Alterado,Geral,Não
f1f440b8fb2e87c695f6576dd88131d7e16871b6,2025-07-30,2025-W30,Wednesday,Alterado o arquivo README.md,Alterado,Geral,Não
8cb4a6164b358e000537b3b75fad94c056e65ea3,2025-07-30,2025-W30,Wednesday,Alterado o arquivo README.md,Alterado,Geral,Não
d9abac32a87f7008b4b20c8f78f4565a2603fea5,2025-07-30,2025-W30,Wednesday,Alterado o arquivo README.md,Alterado,Geral,Não
2b9fe049b4c79068ee414c652547e9c3d2d0e686,2025-07-28,2025-W30,Monday,Alterado o arquivo README.md,Alterado,Geral,Não
191ea96f435c5e7ca2441650684c552335b4b9ec,2025-07-28,2025-W30,Monday,Alterado o arquivo README.md,Alterado,Geral,Não
2577900a7d22af991d143a4eaa3c3dd4948a14bd,2025-07-28,2025-W30,Monday,Alterado o arquivo README.md,Alterado,Geral,Não
88c74dd29a03f4ff44a4dc23a6fdc931897de1fb,2025-07-28,2025-W30,Monday,Alterado o arquivo README.md,Alterado,Geral,Não
d631d3beb86c2e661888b7a915125e02313fda27,2025-07-28,2025-W30,Monday,Alterado o arquivo README.md,Alterado,Geral,Não
2e4a4556e8361e8f3a7f3c8aff938f9474a51dad,2025-07-28,2025-W30,Monday,Alterado o arquivo README.md,Alterado,Geral,Não
f11137bbc5fe1a7cd525c63bd492d84307a4d267,2025-07-28,2025-W30,Monday,Alterado o arquivo README.md,Alterado,Geral,Não
2967d14bdce8ecdbd56ab13fd3840a2a1f11b8c8,2025-07-26,2025-W29,Saturday,alterado o arquivo README.md,Alterado,Geral,Não
43b7390e2962d96a5bd3d6cb102e7b393e92dcb9,2025-07-25,2025-W29,Friday,Alterado o arquivo README.md,Alterado,Geral,Não
f080c14cfee308579f30c8f69e6f70b986ac9f44,2025-07-25,2025-W29,Friday,Alterado o arquivo README.md,Alterado,Geral,Não
1bc9b09dbb7f330662a1e45129255a7a1537644a,2025-07-25,2025-W29,Friday,Alterado o arquivo README.md,Alterado,Geral,Não
c74d466e0c5714daba1d9e5e141e20477537e4b8,2025-07-25,2025-W29,Friday,Alterado o arquivo README.md,Alterado,Geral,Não
c010471f146c8d42db0b75f37727dbd7b077dfa6,2025-07-25,2025-W29,Friday,Alterado o arquivo README.md,Alterado,Geral,Não
41c838773dda09247d1135e5bbf23ea4ebd5eb5e,2025-07-25,2025-W29,Friday,Alterado o arquivo README.md,Alterado,Geral,Não
7882d767e8d6db462dc88421db9abf37ff3f8afe,2025-07-25,2025-W29,Friday,Alterado o arquivo README.md,Alterado,Geral,Não
4ddee973bbafa38c7242df0b23eebdc828c1b4ae,2025-07-25,2025-W29,Friday,Alterado o arquivo README.md,Alterado,Geral,Não
98e68999e1ae1f2c8e11c657627a7d336e6bc974,2025-07-25,2025-W29,Friday,Alterado o arquivo README.md,Alterado,Geral,Não
2bd310ab03f625c3405a690d1337750e5c920fa5,2025-07-25,2025-W29,Friday,Alterado o arquivo README.md,Alterado,Geral,Não
fc4e00d99445f7e78e89a9acf66805565e90e452,2025-07-25,2025-W29,Friday,Adicionado a pasta 21- Python - 15 - Orquestração - pyATS,Adicionado,Automation,Não
5bf958172e3dbf1ec0aa98b205703c88658f0425,2025-07-25,2025-W29,Friday,Adicionado a pasta 20- Python - 14 - Parsing  Automatico - II,Adicionado,Automation,Não
41870999192552ff457c346481e9b3c2736c0839,2025-07-25,2025-W29,Friday,Adicionado a pasta 20- Python - 14 - Parsing  Automatico - II,Adicionado,Automation,Não
53d35f1bb7adbfc042d502414477fac55d537fc3,2025-07-25,2025-W29,Friday,Adicionado a pasta 20- Python - 14 - Parsing  Automatico - II,Adicionado,Automation,Não
d52f9192df415739ab0a8aad66edad0972d6e3ee,2025-07-25,2025-W29,Friday,Adicionado a pasta 20- Python - 14 - Parsing  Automatico - II,Adicionado,Automation,Não
8711df49663e0438d489ab5a193d80a1878ff233,2025-07-25,2025-W29,Friday,Adicionado a pasta 20- Python - 14 - Parsing  Automatico - II,Adicionado,Automation,Não
68485200f401121757e6122b18817e932bfc2d3c,2025-07-25,2025-W29,Friday,Adicionado a pasta 20- Python - 14 - Parsing  Automatico - II,Adicionado,Automation,Não
6801e6a5ad80eb5e9422e3ba3a16d1b24f6ee4d3,2025-07-25,2025-W29,Friday,Adicionado a pasta 20- Python - 14 - Parsing  Automatico - II,Adicionado,Automation,Não
4852832656625a12251c0e34c2aa18881d7b702d,2025-07-25,2025-W29,Friday,Adicionado a pasta 20- Python - 14 - Parsing  Automatico - II,Adicionado,Automation,Não
5800d086b15454dfc45377153fe6f8ef0442da47,2025-07-25,2025-W29,Friday,Adicionado a pasta 20- Python - 14 - Parsing  Automatico - II,Adicionado,Automation,Não
77eed68c48cad3bedaa4775ff2d6f1d9ca2e12a6,2025-07-25,2025-W29,Friday,Adicionado a pasta 20- Python - 14 - Parsing  Automatico - II,Adicionado,Automation,Não
d574c28a11223d3e3513ca0f57275543e1a41c8c,2025-07-25,2025-W29,Friday,Adicionado a pasta 20- Python - 14 - Parsing  Automatico - II,Adicionado,Automation,Não
0e69dfcaf6f75badd9fc60defacf7e647c8b0c58,2025-07-25,2025-W29,Friday,Adicionado a pasta 20- Python - 14 - Parsing  Automatico - II,Adicionado,Automation,Não
8de6e3f4ca2ad7dad57f3f2c37e2018f66608442,2025-07-24,2025-W29,Thursday,Adicionado a pasta 20- Python - 14 - Parsing  Automatico - II,Adicionado,Automation,Não
5d3dc8af37348365ccd4ecc46de631298698041b,2025-07-24,2025-W29,Thursday,Adicionado a pasta 20- Python - 14 - Parsing  Automatico - II,Adicionado,Automation,Não
9798727696d9f1fba0df1b7b1fe2d6345ecf6f67,2025-07-24,2025-W29,Thursday,Adicionado a pasta 20- Python - 14 - Parsing  Automatico - II,Adicionado,Automation,Não
53c3a18670fc190b898a3171ebc4102ab72a144f,2025-07-24,2025-W29,Thursday,Adicionado a pasta 20- Python - 14 - Parsing  Automatico - II,Adicionado,Automation,Não
76c1a51ffce0e56cbddbf3e1101daa8e0d729862,2025-07-24,2025-W29,Thursday,Adicionado a pasta 20- Python - 14 - Parsing  Automatico - II,Adicionado,Automation,Não
d72c029eb74c94f6cbbf56da74ded846741bb7b9,2025-07-24,2025-W29,Thursday,Adicionado a pasta 20- Python - 14 - Parsing  Automatico - II,Adicionado,Automation,Não
eae358a088510edb4b392ec26d8106962060f084,2025-07-24,2025-W29,Thursday,Adicionado a pasta 20- Python - 14 - Parsing  Automatico - II,Adicionado,Automation,Não
37bc7039c155711a2f84af466e497cac5e1df9a4,2025-07-24,2025-W29,Thursday,Adicionado a pasta 20- Python - 14 - Parsing  Automatico - II,Adicionado,Automation,Não
5b37ddb5973a308af7730fd6d15263d1554f0eec,2025-07-24,2025-W29,Thursday,Adicionado a pasta 20- Python - 14 - Parsing  Automatico - II,Adicionado,Automation,Não
3b52ae9c1a56132b41919e2dcdc8347f915cc773,2025-07-24,2025-W29,Thursday,Adicionado a pasta 20- Python - 14 - Parsing  Automatico - II,Adicionado,Automation,Não
66d24916b7cecda59b355e720ff8f917dc37229c,2025-07-24,2025-W29,Thursday,Adicionado a pasta 20- Python - 14 - Parsing  Automatico - II,Adicionado,Automation,Não
35ab964cebefd6f274747396d3dfd6b87f11ce97,2025-07-24,2025-W29,Thursday,Adicionado a pasta 20- Python - 14 - Parsing  Automatico - II,Adicionado,Automation,Não
082698cb1f225a048e835e49a7f0187e3dc896e2,2025-07-24,2025-W29,Thursday,Adicionado a pasta 20- Python - 14 - Parsing  Automatico - II,Adicionado,Automation,Não
b8ec14da87c63b21f2e81813f5fae9c49e562bf1,2025-07-23,2025-W29,Wednesday,Adicionado a pasta 20- Python - 14 - Parsing  Automatico - II,Adicionado,Automation,Não
5d55ed2156f42d062118eaceb84d04148114eed4,2025-07-22,2025-W29,Tuesday,Adicionado a pasta 20- Python - 14 - Parsing  Automatico - II,Adicionado,Automation,Não
4947ba223e028a89aba0a1d709a2fe877cd7583a,2025-07-22,2025-W29,Tuesday,Adicionado a pasta 20- Python - 14 - Parsing  Automatico - II,Adicionado,Automation,Não
9384a9bb7754f09ed665036a13147433b5437ca5,2025-07-22,2025-W29,Tuesday,Adicionado a pasta 20- Python - 14 - Parsing  Automatico - II,Adicionado,Automation,Não
0bfc79abb083d7069b60d50bf66cb2fa5962f5c3,2025-07-22,2025-W29,Tuesday,Adicionado a pasta 20- Python - 14 - Parsing  Automatico - II,Adicionado,Automation,Não
f48f261b7db4ea22b5cfb4098c2dc992f7f6a22c,2025-07-22,2025-W29,Tuesday,Adicionado a pasta 20- Python - 14 - Parsing  Automatico - II,Adicionado,Automation,Não
09ffd700331ca89fa6dfbe0f178e96f20122537a,2025-07-22,2025-W29,Tuesday,Adicionado a pasta 20- Python - 14 - Parsing  Automatico - II,Adicionado,Automation,Não
f994b969a929312ef65049042830155cfd44596e,2025-07-22,2025-W29,Tuesday,Adicionado a pasta 20- Python - 14 - Parsing  Automatico - II,Adicionado,Automation,Não
bc978a60662b18e3f967948807566adfed525bbf,2025-07-22,2025-W29,Tuesday,Adicionado a pasta 20- Python - 14 - Parsing  Automatico - II,Adicionado,Automation,Não
adaa9b18e60cc4874887e0ba4b6dc73a18d7bdb8,2025-07-22,2025-W29,Tuesday,Adicionado a pasta 20- Python - 14 - Parsing  Automatico - II,Adicionado,Automation,Não
dd723138a14333f9ca169bce63df541ba47f2f77,2025-07-22,2025-W29,Tuesday,Adicionado a pasta 20- Python - 14 - Parsing  Automatico - II,Adicionado,Automation,Não
a8dccab94a0e8354f9e66cfbeb1e61545128518f,2025-07-22,2025-W29,Tuesday,Adicionado a pasta 20- Python - 14 - Parsing  Automatico - II,Adicionado,Automation,Não
618f9b7f9a1328e52a982ba599d36111899b3481,2025-07-22,2025-W29,Tuesday,Adicionado a pasta 20- Python - 14 - Parsing  Automatico - II,Adicionado,Automation,Não
5a0028ecccf641a7b494e95c45c499c807abe02a,2025-07-22,2025-W29,Tuesday,Adicionado a pasta 20- Python - 14 - Parsing  Automatico - II,Adicionado,Automation,Não
1026b8159aec20ccb33a151272664de16bf8c257,2025-07-22,2025-W29,Tuesday,Adicionado a pasta 20- Python - 14 - Parsing  Automatico - II,Adicionado,Automation,Não
40b450c275030665f1be9b102db9ae7703f18531,2025-07-22,2025-W29,Tuesday,Adicionado a pasta 20- Python - 14 - Parsing  Automatico - II,Adicionado,Automation,Não
cb41a70b7b62b0165a9a852e7048c5491f0735a5,2025-07-22,2025-W29,Tuesday,Adicionado a pasta 20- Python - 14 - Parsing  Automatico - II,Adicionado,Automation,Não
1bf175d5dd8e5f7b2cbeb62529e2460d9999246a,2025-07-22,2025-W29,Tuesday,Adicionado a pasta 20- Python - 14 - Parsing  Automatico - II,Adicionado,Automation,Não
18cde37d4be1ee016fdf5525adbaf7c8f9cd9747,2025-07-22,2025-W29,Tuesday,Adicionado a pasta 20- Python - 14 - Parsing  Automatico - II,Adicionado,Automation,Não
ac4b226829146b130e2cc27017d50a13c356adfe,2025-07-22,2025-W29,Tuesday,Adicionado a pasta 20- Python - 14 - Parsing  Automatico - II,Adicionado,Automation,Não
25a1cf991c0a6167ef13d1d1e6043cf9989a709a,2025-07-21,2025-W29,Monday,Adicionado a pasta 20- Python - 14 - Parsing  Automatico - II,Adicionado,Automation,Não
f341883823aef1e01772cadd7264ceb0afb3ceaf,2025-07-21,2025-W29,Monday,Adicionado a pasta 20- Python - 14 - Parsing  Automatico - II,Adicionado,Automation,Não
a2924421d2f1ee843352bc93714b04602077173d,2025-07-21,2025-W29,Monday,Adicionado a pasta 20- Python - 14 - Parsing  Automatico - II,Adicionado,Automation,Não
5e4c52816629a3dcb1acfed54007f9fab93467a9,2025-07-21,2025-W29,Monday,Adicionado a pasta 20- Python - 14 - Parsing  Automatico - II,Adicionado,Automation,Não
099e5eaf272b48899d85e6fc667ddcb8aab80716,2025-07-21,2025-W29,Monday,Adicionado a pasta 20- Python - 14 - Parsing  Automatico - II,Adicionado,Automation,Não
be1c167710354af943310b02d479680e1fe3ff29,2025-07-21,2025-W29,Monday,Alterado o arquivo README.md,Alterado,Geral,Não
110899ec164007d3c2e4a49c172da598a55a25e8,2025-07-21,2025-W29,Monday,Alterado o arquivo README.md,Alterado,Geral,Não
1c4a56b1508e8afc67d33fbeeb8265b98066ef33,2025-07-20,2025-W28,Sunday,Alterado o arquivo README.md,Alterado,Geral,Não
3667f238c36ac8137464936e596b03c46214cd97,2025-07-17,2025-W28,Thursday,Alterado o arquivo README.md,Alterado,Geral,Não
87b90f4a6e8f4108eb106bd428e71c635e31bd18,2025-07-17,2025-W28,Thursday,Alterado o arquivo README.md,Alterado,Geral,Não
cd3598cc89075059f23e341f76f607ce5dcd3f01,2025-07-17,2025-W28,Thursday,Alterado o arquivo README.md,Alterado,Geral,Não
10e18da3660f2ec269bf26557116e27988436aab,2025-07-17,2025-W28,Thursday,Alterado o arquivo README.md,Alterado,Geral,Não
4c31f5df5cb680aa7cd9ddebb72ad7ec1c94e43f,2025-07-17,2025-W28,Thursday,Alterado o arquivo README.md,Alterado,Geral,Não
6800d9131e94f283dabe4d31bfc67089948a114a,2025-07-17,2025-W28,Thursday,Alterado o arquivo README.md,Alterado,Geral,Não
a08f3e8af37c26a3e6eb4a1fd495e6ad64bb3be0,2025-07-17,2025-W28,Thursday,Alterado o arquivo README.md,Alterado,Geral,Não
972444d79d8772aa06e612c59078d55ed6236b00,2025-07-16,2025-W28,Wednesday,Alterado o arquivo README.md,Alterado,Geral,Não
a615506f354aa2c0f0754ad6d26d500a6b8c80e4,2025-07-16,2025-W28,Wednesday,Alterado o arquivo README.md,Alterado,Geral,Não
5d72b08a2ac2650559e3f048e49a39e49455f192,2025-07-15,2025-W28,Tuesday,Alterado o arquivo README.md,Alterado,Geral,Não
b67a36189be6f7437eb157e9ece852a40f030e34,2025-07-15,2025-W28,Tuesday,Alterado o arquivo README.md,Alterado,Geral,Não
8866e3c43f0f20ecad07c001733ac02eaddb7480,2025-07-15,2025-W28,Tuesday,Alterado o arquivo README.md,Alterado,Geral,Não
09a50eceb802ad69653e4f18a3bb5936e14893a3,2025-07-14,2025-W28,Monday,Alterado o arquivo README.md,Alterado,Geral,Não
94082d19e4f8eb7d02f502928105cd9bd56fdb52,2025-07-14,2025-W28,Monday,Alterado o arquivo README.md,Alterado,Geral,Não
1c304ce425284e319bd2a487ef77b5d08acbf06d,2025-07-14,2025-W28,Monday,Alterado o arquivo README.md,Alterado,Geral,Não
9433270c270d08c50fe0e81daacc60ff52be9049,2025-07-14,2025-W28,Monday,Alterado o arquivo README.md,Alterado,Geral,Não
8211268d588b6ba781d7abfc17f7395f0a2143a8,2025-07-13,2025-W27,Sunday,Alterado o arquivo README.md,Alterado,Geral,Não
748a71207c9a2c540a162c27fa673a00504f1b7e,2025-07-13,2025-W27,Sunday,Alterado o arquivo README.md,Alterado,Geral,Não
211187288d2b1331f2877c9682fbdb868491771b,2025-07-13,2025-W27,Sunday,Alterado o arquivo README.md,Alterado,Geral,Não
a067dc17c5bc41d5a1a7695de9d27a8469ff9d1d,2025-07-13,2025-W27,Sunday,Alterado o arquivo README.md,Alterado,Geral,Não
99bbb9a4616685e57e329a557a7c7dd24a4da8a8,2025-07-13,2025-W27,Sunday,Alterado o arquivo README.md,Alterado,Geral,Não
d022a35851564584fc7806ce858ce6a2e54bd19e,2025-07-13,2025-W27,Sunday,Alterado o arquivo README.md,Alterado,Geral,Não
dc4148b2c86c40256393e63ef774823a369118e0,2025-07-13,2025-W27,Sunday,Alterado o arquivo README.md,Alterado,Geral,Não
0f40276f655f466731a2843859ce11d11b02aa63,2025-07-12,2025-W27,Saturday,Alterado o arquivo README.md,Alterado,Geral,Não
b5d50ea3e61ded3c34b969270467ef6406e55449,2025-07-12,2025-W27,Saturday,Alterado o arquivo README.md,Alterado,Geral,Não
830c0504c772350c97cb3325a86d824fe7858fd8,2025-07-12,2025-W27,Saturday,Alterado o arquivo README.md,Alterado,Geral,Não
8161fdba59a193b69ab50f23e274641789813920,2025-07-12,2025-W27,Saturday,Alterado o arquivo README.md,Alterado,Geral,Não
26d46e7d683aef9872e367a2f7987b6bab8a0fc6,2025-07-12,2025-W27,Saturday,Alterado o arquivo README.md,Alterado,Geral,Não
e8d9b3444dea76c6fa251e7daa6eed92c3137ba4,2025-07-12,2025-W27,Saturday,Alterado o arquivo README.md,Alterado,Geral,Não
99dd0601fa143682327b11081c7095a6f35bf155,2025-07-12,2025-W27,Saturday,Alterado o arquivo README.md,Alterado,Geral,Não
10c46bbb1b7a9425944bddbb5760fa26f3883937,2025-07-12,2025-W27,Saturday,Alterado o arquivo README.md,Alterado,Geral,Não
4ed00e268a195b8d5e3538d9241c7fd6988282e6,2025-07-11,2025-W27,Friday,Alterado o arquivo README.md,Alterado,Geral,Não
e4f0bd7cc83879a301f2f6e2f293964a997d51a2,2025-07-11,2025-W27,Friday,Alterado o arquivo README.md,Alterado,Geral,Não
41dc90a4ca8799c3a5beb2be646cdfc7de7cbb90,2025-07-11,2025-W27,Friday,Alterado o arquivo README.md,Alterado,Geral,Não
884917bbb8e2216b96a66eefcce4f29f19f741ab,2025-07-11,2025-W27,Friday,Alterado o arquivo README.md,Alterado,Geral,Não
c19aa9fcd0f59ddfc6504cfc7a2ee8d5b91ec69f,2025-07-11,2025-W27,Friday,Alterado o arquivo README.md,Alterado,Geral,Não
437c4602b205dc031c585ee29fcbee15511635fa,2025-07-11,2025-W27,Friday,Alterado o arquivo README.md,Alterado,Geral,Não
bb85c3ea7b211b5a0b68e0d3ac1fad7be2881c2c,2025-07-11,2025-W27,Friday,Alterado o arquivo README.md,Alterado,Geral,Não
75a6196d36c772970584f0726eda0ba6a32e7db0,2025-07-11,2025-W27,Friday,Alterado o arquivo README.md,Alterado,Geral,Não
a477f69b6a1226be910f1b181873ec155e6dae29,2025-07-11,2025-W27,Friday,Alterado o arquivo README.md,Alterado,Geral,Não
ebf69cba0614bc2c7f7390cabc6f81f955a1b857,2025-07-11,2025-W27,Friday,Alterado o arquivo README.md,Alterado,Geral,Não
d6af67d17dc4e56e003cdcfb76e7c9fc22a7639e,2025-07-11,2025-W27,Friday,Alterado o arquivo README.md,Alterado,Geral,Não
caa9d901537565fc4d5ac4ffe098c29cb6b3d1b0,2025-07-11,2025-W27,Friday,Alterado o arquivo README.md,Alterado,Geral,Não
3b4e70f694fdccb0e014283d2510d6aef61d0072,2025-07-09,2025-W27,Wednesday,Alterado o arquivo README.md,Alterado,Geral,Não
de72c67a42fd08a27dc19e385aaa5b74b6c506dd,2025-07-09,2025-W27,Wednesday,Alterado o arquivo README.md,Alterado,Geral,Não
ce32ef6469a7a3df651a6530c9528fa1396ca048,2025-07-09,2025-W27,Wednesday,Alterado o arquivo README.md,Alterado,Geral,Não
57e5e9a1a48bae520f0f5f9e7c2695c6116643c5,2025-07-09,2025-W27,Wednesday,Alterado o arquivo README.md,Alterado,Geral,Não
5741c5bb1dae300797daf3f34920783bbf90bf19,2025-07-09,2025-W27,Wednesday,Alterado o arquivo README.md,Alterado,Geral,Não
5a1373a38987556a99efdee09fb7d163136fe432,2025-07-08,2025-W27,Tuesday,Alterado o arquivo README.md,Alterado,Geral,Não
2892bbcec265cd7b9a42e8067cf4c46e378620c9,2025-07-08,2025-W27,Tuesday,Alterado o arquivo README.md,Alterado,Geral,Não
002ab7a7ce46dd3027c53f34179188e0e5d11fb1,2025-07-07,2025-W27,Monday,Alterado o arquivo README.md,Alterado,Geral,Não
3a9e1cbf5e1e5405aaa0110ef4b1ddfb832807f5,2025-07-07,2025-W27,Monday,Alterado o arquivo README.md,Alterado,Geral,Não
dd29ad8ca80088479eaa263c732cb9d3cf2dd4f8,2025-07-07,2025-W27,Monday,Alterado o arquivo README.md,Alterado,Geral,Não
120aa4466ca38800eb3e319e4305111de4caa254,2025-07-07,2025-W27,Monday,Alterado o arquivo README.md,Alterado,Geral,Não
e25b5b70e883e82bbaab11d8299ad2d8a14acfab,2025-07-06,2025-W26,Sunday,Alterado o arquivo README.md,Alterado,Geral,Não
7282dc1fc9e682b85e14cae9df45a178c1138dec,2025-07-06,2025-W26,Sunday,Alterado o arquivo README.md,Alterado,Geral,Não
8c644b65f9512061f32264900a7cb14effbeaecb,2025-07-06,2025-W26,Sunday,Alterado o arquivo README.md,Alterado,Geral,Não
8ea361edbb316d0fde6f18b743863fdeab3fa492,2025-07-03,2025-W26,Thursday,Alterado o arquivo README.md,Alterado,Geral,Não
3dce970c0cddfb0ea4c093d9876927b38aa877a4,2025-07-01,2025-W26,Tuesday,Alterado o arquivo README.md,Alterado,Geral,Não
9a139a1065d00f381c2ed85108efa90696286eb6,2025-06-30,2025-W26,Monday,Alterado o arquivo README.md,Alterado,Geral,Não
48bca5d32f4008f25cd5d02d7b5c9e3d36a04b08,2025-06-30,2025-W26,Monday,Alterado o arquivo README.md,Alterado,Geral,Não
1ae7467f394033ce066e06ec9632daf0a3abf59e,2025-06-30,2025-W26,Monday,Alterado o arquivo README.md,Alterado,Geral,Não
ee1eebca7cefed1ed865ced2d4a60dbe922be24b,2025-06-30,2025-W26,Monday,Alterado o arquivo README.md,Alterado,Geral,Não
1c642915247d314c4ceda46e7496362d12567694,2025-06-30,2025-W26,Monday,Alterado o arquivo README.md,Alterado,Geral,Não
b47d27d24b2608890433575e4caa59d26d29ce24,2025-06-30,2025-W26,Monday,Alterado o arquivo README.md,Alterado,Geral,Não
c61482c078a52fa4cf4d340be050cdb8bcb26503,2025-06-30,2025-W26,Monday,Alterado o arquivo README.md,Alterado,Geral,Não
7c4ad0ae03200cee2f3bca5ac684bad25c3201d2,2025-06-29,2025-W25,Sunday,Alterado o arquivo README.md,Alterado,Geral,Não
f106d019d724b1ac189f7e406ca701eaa8e689c1,2025-06-29,2025-W25,Sunday,Alterado o arquivo README.md,Alterado,Geral,Não
fb73e21963fa80244ef3f1553e397f9557a1856b,2025-06-29,2025-W25,Sunday,Alterado o arquivo README.md,Alterado,Geral,Não
faff384278a17e4c4dc11e3380559a72f84a17e5,2025-06-29,2025-W25,Sunday,Alterado o arquivo README.md,Alterado,Geral,Não
e244359dab74b77b77f8142969ae690d59b0ddc7,2025-06-29,2025-W25,Sunday,Alterado o arquivo README.md,Alterado,Geral,Não
bbf095fead100eff15cac87c09a1fe34de0c3bd5,2025-06-29,2025-W25,Sunday,Alterado o arquivo README.md,Alterado,Geral,Não
6ba45fe120fa8f2c7b14c75020b37b8e651c9d21,2025-06-29,2025-W25,Sunday,Alterado o arquivo README.md,Alterado,Geral,Não
c13a4be836eb3441507602d9457cf0f80ed7f33a,2025-06-29,2025-W25,Sunday,Alterado o arquivo README.nd,Alterado,Geral,Não
62653f18e01b3e90ea032d064745577c0ca2fb12,2025-06-29,2025-W25,Sunday,Adicionado a pasta 19 - Python 14 - Parsing Automatico,Adicionado,Automation,Não
88bee30d5545a538f01a6c32b8a62ea43c692d0c,2025-06-28,2025-W25,Saturday,Adicionado a pasta 19 - Python 14 - Parsing Automatico,Adicionado,Automation,Não
f1453b649a356565370729ba4c6ea9a5b398a316,2025-06-26,2025-W25,Thursday,Alterado o arquivo README.md,Alterado,Geral,Não
f15444417b479daf3213190c2be44449c6744b74,2025-06-26,2025-W25,Thursday,Alterado o arquivo README.md,Alterado,Geral,Não
a75aa36334ebd0455c84890da8edb8a66c5d14b3,2025-06-26,2025-W25,Thursday,Alterado o arquivo README.md,Alterado,Geral,Não
1a40e49b906fc4eff9945eeb80d7fe2708f5c017,2025-06-26,2025-W25,Thursday,Alterado o arquivo README.md,Alterado,Geral,Não
f002f1052bbf75e8d6e4f2974285d2858faeb1a2,2025-06-26,2025-W25,Thursday,Alterado o arquivo README.md,Alterado,Geral,Não
a7aae831d00004357626a15a64e6688887ce19d9,2025-06-26,2025-W25,Thursday,Alterado o arquivo README.md,Alterado,Geral,Não
9c7f7c007b91a03dde3a2e8d9ea7d2ccca562c34,2025-06-26,2025-W25,Thursday,Alterado o arquivo README.md,Alterado,Geral,Não
b55726dffa54a94a1d5d2cd668f50182bbbb4bdd,2025-06-26,2025-W25,Thursday,Alterado o arquivo README.md,Alterado,Geral,Não
9b85aa9f2e3751406112a3631c844c8ce5f6e1aa,2025-06-26,2025-W25,Thursday,Alterado o arquivo README.md,Alterado,Geral,Não
e264ceef80ad80730396731572a4bbb752e35617,2025-06-25,2025-W25,Wednesday,Alterado o arquivo README.md,Alterado,Geral,Não
55361a8f321db8a742b6ebe7dee95ce9113dce6a,2025-06-25,2025-W25,Wednesday,Alterado o arquivo README.md,Alterado,Geral,Não
4486cc8f580ed3f56920766bb4f69c9060a1e326,2025-06-25,2025-W25,Wednesday,Alterado o arquivo README.md,Alterado,Geral,Não
d1aaeb5ebe147b03ef6009a1e25a43a5a1fb4bdf,2025-06-25,2025-W25,Wednesday,Alterado o arquivo README.md,Alterado,Geral,Não
8ce55feb7322d13cf04475c8914aa25f4a0172a8,2025-06-25,2025-W25,Wednesday,Alterado o arquivo README.md,Alterado,Geral,Não
c7fccbb4c37577abc51ab9cbf52d1d74638c9478,2025-06-24,2025-W25,Tuesday,Alterado o arquivo README.md,Alterado,Geral,Não
aaef38276925cdf83ab7bee28302b444efd8d4b0,2025-06-24,2025-W25,Tuesday,Alterado o arquivo README.md,Alterado,Geral,Não
d455d69cb6493feafb2e48583247562d0ef11359,2025-06-24,2025-W25,Tuesday,Alterado o arquivo README.md,Alterado,Geral,Não
521c6ea43e1c490cf053c17d43504d3be2c039c6,2025-06-24,2025-W25,Tuesday,Alterado o arquivo README.md,Alterado,Geral,Não
c6c7a1752c8aa3d76fd85fe8cd19c66bd5ba6458,2025-06-24,2025-W25,Tuesday,Alterado o arquivo README.md,Alterado,Geral,Não
8ecde7b0295eff1325bbd64760ef59be4abc6ab9,2025-06-24,2025-W25,Tuesday,Alterado o arquivo README.md,Alterado,Geral,Não
710386842926e7aefee913356993d2e2bd86d1d0,2025-06-24,2025-W25,Tuesday,Alterado o arquivo README.md,Alterado,Geral,Não
a19015ccdca3964c020e23ead2904c4473ab5c00,2025-06-24,2025-W25,Tuesday,Alterado o arquivo README.md,Alterado,Geral,Não
5cf5b8b4d0fff685b183d3d28cb3db5900447146,2025-06-24,2025-W25,Tuesday,Alterado o arquivo README.md,Alterado,Geral,Não
d07aad57cf2e8799c75f9087a2ac2bcfcb616383,2025-06-24,2025-W25,Tuesday,Alterado o arquivo README.md,Alterado,Geral,Não
fb6ae53df1b5745d16d3297e7f5673d9abca50af,2025-06-24,2025-W25,Tuesday,Alterado o arquivo README.md,Alterado,Geral,Não
b5ef6c7e1388980f8f9ce012ffa7543fddbd7664,2025-06-24,2025-W25,Tuesday,Alterado o arquivo README.md,Alterado,Geral,Não
f9ae1ab86b38279c69539e4eefe8e56f6a7cff1f,2025-06-24,2025-W25,Tuesday,Alterado o arquivo README.md,Alterado,Geral,Não
8a841ce178401fa97fcaec0d3ba17a4e183dfbf1,2025-06-24,2025-W25,Tuesday,Alterado o arquivo README.md,Alterado,Geral,Não
79c5e87c18325b562dcaaa7c9d4d2f38a3a5b175,2025-06-24,2025-W25,Tuesday,Alterado o arquivo README.md,Alterado,Geral,Não
3a86b54e8bf586b5358d83f3f8f63aa1251b985a,2025-06-24,2025-W25,Tuesday,Alterado o arquivo README.md,Alterado,Geral,Não
c292c8d60306e060e8d1de55e88f673c5a8002fb,2025-06-24,2025-W25,Tuesday,Alterado o arquivo README.md,Alterado,Geral,Não
b5528c4a18ada95eb81df89973687b71cb4e13b5,2025-06-24,2025-W25,Tuesday,Alterado o arquivo README.md,Alterado,Geral,Não
f1e9efee0a2fc09c60e1b898e9f9d8f7bc7b720a,2025-06-24,2025-W25,Tuesday,Alterado o arquivo README.md,Alterado,Geral,Não
9dc1e33affe131f18b6d06283aa42f33df482f36,2025-06-24,2025-W25,Tuesday,Alterado o arquivo README.md,Alterado,Geral,Não
eb4eece9f81fbae2d937e7c8de63a7e0d529f657,2025-06-24,2025-W25,Tuesday,Alterado o arquivo README.md,Alterado,Geral,Não
191a8b8882015cf6cabb6850a024cdd46965eb96,2025-06-24,2025-W25,Tuesday,Alterado o arquivo README.md e alterado nome da pasta 17,Alterado,Geral,Não
cc3084b723302bc64c91d0c915f8f4cbc96f2391,2025-06-24,2025-W25,Tuesday,Adicionado a pasta 18 - Python - 13 - Parsing,Adicionado,Automation,Não
ccb08d789a47a60d53a74c2fd2949be3ae4e07f6,2025-06-24,2025-W25,Tuesday,Alterado o arquivo README.md e alterado nome da pasta 17,Alterado,Geral,Não
1483a277f188cf9b7d59fa98e864f02a3047e3e6,2025-06-23,2025-W25,Monday,Alterado o arquivo README.md,Alterado,Geral,Não
6248c49a06c1ebd04dca22b23020ae62cdd344a2,2025-06-23,2025-W25,Monday,Alterado o arquivo README.md,Alterado,Geral,Não
e181f5a65e40af3f99f9251dc50410e2f25160d4,2025-06-23,2025-W25,Monday,Alterado o arquivo README.md,Alterado,Geral,Não
53240bf22f102a2e1b126fb0960c176c90f78d87,2025-06-23,2025-W25,Monday,Alterado o arquivo README.md,Alterado,Geral,Não
c0c043d5844d2ba3634463511f065b9ea34f9ae6,2025-06-23,2025-W25,Monday,Alterado o arquivo README.md,Alterado,Geral,Não
26be8730dc04e559c9e7dee4a32ea9b087aa2bd1,2025-06-23,2025-W25,Monday,Alterado o arquivo README.md,Alterado,Geral,Não
ccfe4ba85a70361f0e8a0e9502f2fa2b87ea54af,2025-06-23,2025-W25,Monday,Alterado o arquivo README.md,Alterado,Geral,Não
631ee02e8b25167cb5e30ba3fd5fea4209c95dde,2025-06-23,2025-W25,Monday,Alterado o arquivo README.md,Alterado,Geral,Não
6a3feb3b089d9a9107787d915f42f341eab2b2fb,2025-06-23,2025-W25,Monday,Alterado o arquivo README.md,Alterado,Geral,Não
0eeafd9d83a0902ef235d8dbb1e6358fe2a06e1c,2025-06-23,2025-W25,Monday,Alterado o arquivo README.md,Alterado,Geral,Não
7b99fe32bbf59c403a0351f3e547bc592b5fee0f,2025-06-23,2025-W25,Monday,Alterado o arquivo README.md,Alterado,Geral,Não
53dddf12eca1b0612db0a9ddd5fe77fad7feb15e,2025-06-23,2025-W25,Monday,Alterado o arquivo README.md,Alterado,Geral,Não
bfa7e6c9c92155d38896a2984040aa2203934cec,2025-06-23,2025-W25,Monday,Alterado o arquivo README.md,Alterado,Geral,Não
4fdcca437cc30229ea99ffbb6024541fe258e35b,2025-06-23,2025-W25,Monday,Alterado o arquivo README.md,Alterado,Geral,Não
57d501b7103dbc5478c36683ddafaf791361bfee,2025-06-23,2025-W25,Monday,Alterado o arquivo README.md,Alterado,Geral,Não
d479e3338c0b5fe3082af68a3310f0e99e676865,2025-06-23,2025-W25,Monday,Alterado o arquivo README.md,Alterado,Geral,Não
90e89f07e8be70539918457a3286cc27ed2a80fd,2025-06-22,2025-W24,Sunday,Alterado o arquivo README.md,Alterado,Geral,Não
ab3c409f6fee99a4d4fb54b4e04b1141c18eb552,2025-06-22,2025-W24,Sunday,Alterado o arquivo README.md,Alterado,Geral,Não
f3067e9722f5f04688f62cd2e7fe9a7f5e90e258,2025-06-22,2025-W24,Sunday,Alterado o arquivo README.md,Alterado,Geral,Não
551c56dc07c7838ce27486c96cb8422b4e599a67,2025-06-22,2025-W24,Sunday,Alterado o arquivo README.md,Alterado,Geral,Não
b74cc7d9a74953f16c7e74e03e5ce8671d3a505f,2025-06-22,2025-W24,Sunday,Alterado o arquivo README.md,Alterado,Geral,Não
20a5bf33ce041e72d81c81672c9fba778c2294b4,2025-06-22,2025-W24,Sunday,Alterado o arquivo README.md,Alterado,Geral,Não
f0eed17cdeff3b1d0eb2d3d6721a217854f5fa36,2025-06-22,2025-W24,Sunday,Alterado o arquivo README.md,Alterado,Geral,Não
a7fefd06494ca81c89400d7c9efe78334451b3ae,2025-06-22,2025-W24,Sunday,Alterado o arquivo README.md,Alterado,Geral,Não
1edfb0e7406817c45a8882140c2e2e0243d8c04e,2025-06-22,2025-W24,Sunday,Alterado o arquivo README.md,Alterado,Geral,Não
bcd5f4856e5ee919fefedeccf2a5a1295c171463,2025-06-22,2025-W24,Sunday,Alterado o arquivo README.md,Alterado,Geral,Não
3174d9504d44d990d69e3382395695b977e3487b,2025-06-22,2025-W24,Sunday,Alterado o arquivo README.md,Alterado,Geral,Não
b6f20c039889545977151c106441e93b10ce9d00,2025-06-22,2025-W24,Sunday,Alterado o arquivo README.md,Alterado,Geral,Não
812afd01699ae18aadf120a8880f8bd358257f17,2025-06-20,2025-W24,Friday,Alterado o arquivo README.md,Alterado,Geral,Não
2830e33750b339a1df8fdcc8fb0af1ce33ea982a,2025-06-20,2025-W24,Friday,Alterado o arquivo README.md,Alterado,Geral,Não
b8ab4593200a713b05a95d5050b7a373563d1397,2025-06-20,2025-W24,Friday,Alterado o arquivo README.md,Alterado,Geral,Não
38b103569aee11892f0bf82890e038835f4972da,2025-06-20,2025-W24,Friday,Alterado o arquivo README.md,Alterado,Geral,Não
ffc5afebadf0d3db8c86efeacd27231457a71c8d,2025-06-20,2025-W24,Friday,Alterado o arquivo README.md,Alterado,Geral,Não
59403ea55522d0dd850099ea8aadf4dd546717c4,2025-06-20,2025-W24,Friday,Alterado o arquivo README.md,Alterado,Geral,Não
7102b17c6e3e3ae7584bce42910b73aaaad99642,2025-06-20,2025-W24,Friday,Alterado o arquivo README.md,Alterado,Geral,Não
438e0f772ae96ebe039ac1521d81c1c642676b69,2025-06-20,2025-W24,Friday,Alterado o arquivo README.md,Alterado,Geral,Não
b70c477d2cf74b6e61a4405e3e4a8974ddee27fe,2025-06-20,2025-W24,Friday,Alterado o arquivo README.md,Alterado,Geral,Não
a3863463111634981e8e922e71ab776adf45cedb,2025-06-20,2025-W24,Friday,Alterado o arquivo README.md,Alterado,Geral,Não
f7c5e5545aa12ff69de06b95d846204582aa46be,2025-06-19,2025-W24,Thursday,Alterado o arquivo README.md,Alterado,Geral,Não
67f35ecd62a58112c82debf6f8a8a8ed3424f935,2025-06-19,2025-W24,Thursday,Alterado o arquivo README.md,Alterado,Geral,Não
bbe1628953eac99077e65325b0b76ac481031794,2025-06-19,2025-W24,Thursday,Alterado o arquivo README.md,Alterado,Geral,Não
49740f207818d9a860e55470357de5e699df57bd,2025-06-19,2025-W24,Thursday,Alterado o arquivo README.md,Alterado,Geral,Não
0aefda3e9b53b9848819628926073b3f4ed7e88a,2025-06-19,2025-W24,Thursday,Alterado o arquivo README.md,Alterado,Geral,Não
3f28ddca677aed9dd3a2c548efa701b5161bd940,2025-06-19,2025-W24,Thursday,Alterado o arquivo README.md,Alterado,Geral,Não
634a1965335359e2bad6123c58705dfeb910532f,2025-06-19,2025-W24,Thursday,Alterado o arquivo README.md,Alterado,Geral,Não
757d694a0bb756ed65ed732b14a8d3d4bdb137ec,2025-06-19,2025-W24,Thursday,Alterado o arquivo README.md,Alterado,Geral,Não
3dc18a4ddd14d1e35ad0750297f683eceebf4022,2025-06-19,2025-W24,Thursday,Alterado o arquivo README.md,Alterado,Geral,Não
94181263f6ab6630c21a4730b7c5fd49cf75929f,2025-06-19,2025-W24,Thursday,Alterado o arquivo README.md,Alterado,Geral,Não
945f7740a940f233012e42a4e83b7c603f25ee55,2025-06-19,2025-W24,Thursday,Alterado o arquivo README.md,Alterado,Geral,Não
6103ec18e13f08a7d3bf28e63569628a62858ae1,2025-06-19,2025-W24,Thursday,Alterado o arquivo README.md,Alterado,Geral,Não
85747ff7a35f825542e5cd629ef01bbd3b585bb9,2025-06-19,2025-W24,Thursday,Alterado o arquivo README.md,Alterado,Geral,Não
04c590c9697d02f7db2a5bed4faf0265abf2dab2,2025-06-19,2025-W24,Thursday,Alterado o arquivo README.md,Alterado,Geral,Não
2c68b166d7207733787989a72b34d3de62ad3f1a,2025-06-19,2025-W24,Thursday,Alterado o arquivo README.md,Alterado,Geral,Não
ffc3389ca7f31fa0eb7619ab753ddff068ecb971,2025-06-19,2025-W24,Thursday,Alterado o arquivo README.md,Alterado,Geral,Não
8810e094834b76a46cc2d4a590ffc08e4ca9586c,2025-06-19,2025-W24,Thursday,Alterado o arquivo README.md,Alterado,Geral,Não
0da5e43ca1ea8ac4073a5b8f604511eacc9cb37b,2025-06-19,2025-W24,Thursday,Alterado o arquivo README.md,Alterado,Geral,Não
40faf61cc4946bbf0d2b930abd870a4cf1f3821f,2025-06-19,2025-W24,Thursday,Alterado o arquivo README.md,Alterado,Geral,Não
c0213497097880a0a1b5428145bd0ee2d2acfa8d,2025-06-19,2025-W24,Thursday,Alterado o arquivo README.md,Alterado,Geral,Não
fc47fdac64a1ec7f3c96bc5685a4689693662cd0,2025-06-19,2025-W24,Thursday,Alterado o arquivo README.md,Alterado,Geral,Não
c0adf6f4f2c9f2ba92d97a2541342196a168aa75,2025-06-19,2025-W24,Thursday,Alterado o arquivo README.md,Alterado,Geral,Não
bc9e3a7b942916f0cb3ce2db3fda249c0ebce7c1,2025-06-19,2025-W24,Thursday,Alterado o arquivo README.md,Alterado,Geral,Não
7ad084755f3ab2358b07e2e645a648d474794c24,2025-06-19,2025-W24,Thursday,Alterado o arquivo README.md,Alterado,Geral,Não
9fcd4008c68e358e80bc82c75a5b4bcc99564e7b,2025-06-19,2025-W24,Thursday,Alterado o arquivo README.md,Alterado,Geral,Não
1a62ea254eabe8ec1cff91eb55931cf307af87d1,2025-06-19,2025-W24,Thursday,Alterado o arquivo README.md,Alterado,Geral,Não
6fb74b099472a96969ed7dd727a25b08dd5466f4,2025-06-19,2025-W24,Thursday,Alterado o arquivo README.md,Alterado,Geral,Não
a841bb1e97e3bd7dce6d8da1bd0657d747a2dc61,2025-06-19,2025-W24,Thursday,Alterado o arquivo README.md,Alterado,Geral,Não
d5e97ab0c206c90ae122a2c91d713fdffab00abd,2025-06-19,2025-W24,Thursday,Alterado o arquivo README.md,Alterado,Geral,Não
a9ae006e55f3cacf30ed2bef70a4a1a8c8fabff0,2025-06-19,2025-W24,Thursday,Alterado o arquivo README.md,Alterado,Geral,Não
6543fc32bffc750ef9df498065daf22530164bd8,2025-06-19,2025-W24,Thursday,Alterado o arquivo README.md,Alterado,Geral,Não
544dd948d8182433ca36c14306bc0d11a041e093,2025-06-19,2025-W24,Thursday,Alterado o arquivo README.md,Alterado,Geral,Não
5a68c89eb8512bc68fc50f8222f20a72581a2a32,2025-06-19,2025-W24,Thursday,Alterado o arquivo README.md,Alterado,Geral,Não
284dc4d4a37beaf6c036da961ac4bd4676a29968,2025-06-19,2025-W24,Thursday,Alterado o arquivo README.md,Alterado,Geral,Não
a13443791431fa459c383fa631f5c10512a3b1fe,2025-06-19,2025-W24,Thursday,Alterado o arquivo README.md,Alterado,Geral,Não
85b64c160b9ffab7a5b5121f99de6519b0af98d7,2025-06-19,2025-W24,Thursday,Alterado o arquivo README.md,Alterado,Geral,Não
29578181bb491ebbaa8669c83a9fa2c3d18e1232,2025-06-19,2025-W24,Thursday,Alterado o arquivo README.md,Alterado,Geral,Não
f0408676527dc078305e590ee3ebdf31b09337c9,2025-06-19,2025-W24,Thursday,Alterado o arquivo README.md,Alterado,Geral,Não
a2306a617cbb556fc96fa36f21d954d306e1774a,2025-06-19,2025-W24,Thursday,Alterado o arquivo README.md,Alterado,Geral,Não
b4a29d9acaae2561d5e08cadade49fe40aed4897,2025-06-19,2025-W24,Thursday,Alterado o arquivo README.md,Alterado,Geral,Não
d9e592a1eb4bcd0d4e3fa175f8785499cf2e4f0f,2025-06-19,2025-W24,Thursday,Alterado o arquivo README.md,Alterado,Geral,Não
5e66dddf4847788fc964bd250317fd421aa6922f,2025-06-19,2025-W24,Thursday,Alterado o arquivo README.md,Alterado,Geral,Não
adfce38a8f57936120da8e2e2b2eed7da6bbffa2,2025-06-19,2025-W24,Thursday,Alterado o arquivo README.md,Alterado,Geral,Não
c8f96af88aafc944d4298f2fc0300f85188c2311,2025-06-19,2025-W24,Thursday,Alterado o arquivo README.md,Alterado,Geral,Não
cf0f0e13413f9d2d6f2b0cb740983c3f712367ac,2025-06-19,2025-W24,Thursday,Alterado o arquivo README.md,Alterado,Geral,Não
df0072a5d14ef275faaf3f6688854a9338409819,2025-06-19,2025-W24,Thursday,Alterado o arquivo README.md,Alterado,Geral,Não
d961b4f25f37fb0353496bbd51e8b5153db8a1b7,2025-06-19,2025-W24,Thursday,Alterado o arquivo README.md,Alterado,Geral,Não
e2472d20b9f95571d72e9b1b10f4e6d3c651ee08,2025-06-19,2025-W24,Thursday,Alterado o arquivo README.md,Alterado,Geral,Não
c07269693f7ba3f90f9c5220b2f20cf4c3ef9791,2025-06-19,2025-W24,Thursday,Alterado o arquivo README.md,Alterado,Geral,Não
1f712cb7e37bee63c8a926efc3a80c774615132b,2025-06-19,2025-W24,Thursday,Alterado o arquivo README.md,Alterado,Geral,Não
56a2d7b910f09c38e31c29f0f10ce20a130a1acc,2025-06-19,2025-W24,Thursday,Alterado o arquivo README.md,Alterado,Geral,Não
619748c13f3798da65a7fc6dbb99859b2411796e,2025-06-19,2025-W24,Thursday,Alterado o arquivo README.md,Alterado,Geral,Não
c179d32c12545c1a1a88626d869cfe06a555c058,2025-06-19,2025-W24,Thursday,Alterado o arquivo README.md,Alterado,Geral,Não
5d3102590a04659e6b70672097148cdc682cbd7d,2025-06-19,2025-W24,Thursday,Alterado o arquivo README.md,Alterado,Geral,Não
5ac5275a71c19379e6e5cd3cd88e862e4008fcae,2025-06-19,2025-W24,Thursday,Adicionado a pasta Logging,Adicionado,Geral,Não
177314991e40954d241459c2a040491dde4c9c8c,2025-06-17,2025-W24,Tuesday,Alterado o arquivo README.nd,Alterado,Geral,Não
c23c6218fe4fe82a7650b1fe6f5b108616809332,2025-06-17,2025-W24,Tuesday,Alterado o arquivo README.nd,Alterado,Geral,Não
c5a53a94cd30d2f3b8b697da560db7f55721d110,2025-06-17,2025-W24,Tuesday,Alterado o arquivo README.nd,Alterado,Geral,Não
9eda42a9698f06201a4b7425363ee75d962a9c24,2025-06-17,2025-W24,Tuesday,Alterado o arquivo README.nd,Alterado,Geral,Não
d232fbd945a092ac38ca92b3405270dd97c784d4,2025-06-17,2025-W24,Tuesday,Alterado o arquivo README.nd,Alterado,Geral,Não
c3bb62356f09dc248e367aa7daab0c4acc2f8e79,2025-06-17,2025-W24,Tuesday,Alterado o arquivo README.nd,Alterado,Geral,Não
18c5c0e2de5b407a5f7b6d6e4f809a91b4d847c4,2025-06-17,2025-W24,Tuesday,Alterado o arquivo README.nd,Alterado,Geral,Não
e020e87a3dd0dc0e837e7589fe822fb8359f9cdf,2025-06-17,2025-W24,Tuesday,Alterado o arquivo README.nd,Alterado,Geral,Não
6f705476e4777504ff56e959066228a10fa703c9,2025-06-17,2025-W24,Tuesday,Alterado o arquivo README.nd,Alterado,Geral,Não
b8ab83b9e6fbf48561d5fe80be4ec1403b5b2109,2025-06-17,2025-W24,Tuesday,Alterado o arquivo README.nd,Alterado,Geral,Não
74110a7f7fe86b36ca5c21cb5b190ba5aca60c29,2025-06-17,2025-W24,Tuesday,Alterado o arquivo README.nd,Alterado,Geral,Não
a8a0bb0413aad23aea6d4e85a57968f130dc6162,2025-06-17,2025-W24,Tuesday,Alterado o arquivo README.nd,Alterado,Geral,Não
0318deb479562ea329a38089c7ef67a5f793795a,2025-06-16,2025-W24,Monday,Alterado o arquivo README.nd,Alterado,Geral,Não
d9bacb927780770cdd1ff519f96abad70bb092cb,2025-06-16,2025-W24,Monday,Alterado o arquivo README.nd,Alterado,Geral,Não
16833836308a452221c9d4fd717861b5360ce36f,2025-06-16,2025-W24,Monday,Alterado o arquivo README.nd,Alterado,Geral,Não
ac1e1540ad0f7dc841096d4346f8e8316f638cff,2025-06-16,2025-W24,Monday,Alterado o arquivo README.nd,Alterado,Geral,Não
9a3142ff5dfc4d0d08f422c6486e24c99415fb7d,2025-06-13,2025-W23,Friday,Alterado o arquivo README.nd,Alterado,Geral,Não
114d010a821b64c296eb301b4763b6f6a5a53b5a,2025-06-13,2025-W23,Friday,Alterado o arquivo README.nd,Alterado,Geral,Não
8a62d081f13bff6255d4bf3ba7d24b4cf7141307,2025-06-13,2025-W23,Friday,Alterado o arquivo README.nd,Alterado,Geral,Não
f3c4f1ffbdb0603c764caefa9f89008069f4efdc,2025-06-13,2025-W23,Friday,Alterado o arquivo README.nd,Alterado,Geral,Não
233a2af8b5b748201965facff87d48c37da76d6e,2025-06-12,2025-W23,Thursday,Alterado o arquivo README.nd,Alterado,Geral,Não
61fe6dd583ab97c7b5a3ea27103e5c1066920588,2025-06-12,2025-W23,Thursday,Alterado o arquivo README.nd,Alterado,Geral,Não
045a2d43559943a0cba0ca0edef56e0f450275d1,2025-06-12,2025-W23,Thursday,Alterado o arquivo README.nd,Alterado,Geral,Não
cbbbf6859c058d42062c369e78b6c3569e38abe2,2025-06-12,2025-W23,Thursday,Alterado o arquivo README.nd,Alterado,Geral,Não
e1ba4f69b20d4346cab6aac93d9eb41d57024e34,2025-06-12,2025-W23,Thursday,Alterado o arquivo README.nd,Alterado,Geral,Não
e581f3214e5c368a57d47e0edc089e90d00cd823,2025-06-12,2025-W23,Thursday,Alterado o arquivo README.nd,Alterado,Geral,Não
4ff79e3dfd1c094e8b5a5a36f53db372e2425f18,2025-06-12,2025-W23,Thursday,Alterado o arquivo README.nd,Alterado,Geral,Não
1495d26050603aed977a5e1665b1e398070398f3,2025-06-12,2025-W23,Thursday,Alterado o arquivo README.nd,Alterado,Geral,Não
c20ac4aa7aa849516920666729bbba31d6e5e597,2025-06-12,2025-W23,Thursday,Alterado o arquivo README.nd,Alterado,Geral,Não
62a98689c499210a320680fc79748c9812cd1017,2025-06-11,2025-W23,Wednesday,Alterado o arquivo README.nd,Alterado,Geral,Não
50eb2bd7065137fc7f6a77b40f12745b1284eefe,2025-06-11,2025-W23,Wednesday,Alterado o arquivo README.nd,Alterado,Geral,Não
b55ad060954faf566ef2344cd6c70e295f3b1c70,2025-06-11,2025-W23,Wednesday,Alterado o arquivo README.nd,Alterado,Geral,Não
df65be5e14c2c8196f3251128ef28da69a1cc880,2025-06-11,2025-W23,Wednesday,Alterado o arquivo README.nd,Alterado,Geral,Não
5234a228bd25db3ac1bf3331f8cc7514e814a67d,2025-06-11,2025-W23,Wednesday,Alterado o arquivo README.nd,Alterado,Geral,Não
808b44e7c70123701f3cac117338e5c230cc8dd4,2025-06-11,2025-W23,Wednesday,Alterado o arquivo README.nd,Alterado,Geral,Não
4e4d0880abb6ec405615303826d0ee8df65f40ff,2025-06-11,2025-W23,Wednesday,Alterado o arquivo README.nd,Alterado,Geral,Não
8d994f600bc6ad8033866f3b5d32acf1ff0f57be,2025-06-11,2025-W23,Wednesday,Alterado o arquivo README.nd,Alterado,Geral,Não
349aa4a71e6c9f3f3390708f6c088449748486af,2025-06-09,2025-W23,Monday,Alterado o arquivo README.nd,Alterado,Geral,Não
a05d94f57d71cca65958c0dc935af12c8d4a95c6,2025-06-09,2025-W23,Monday,Alterado o arquivo README.nd,Alterado,Geral,Não
4eb431a71c8279f2102b289f659a9a37abdb7c4e,2025-06-09,2025-W23,Monday,Alterado o arquivo README.nd,Alterado,Geral,Não
21dd39ac73758149af7add8d24e180dfbfaedc28,2025-06-09,2025-W23,Monday,Alterado o arquivo README.nd,Alterado,Geral,Não
aa6b7e9a8ebc3ee3ee258a9323be8e405bb68d78,2025-06-09,2025-W23,Monday,Alterado o arquivo README.nd,Alterado,Geral,Não
18416b41724d3dc74c7f055c2ea9f7640b3e869b,2025-06-09,2025-W23,Monday,Alterado o arquivo README.nd,Alterado,Geral,Não
3091b43d821684b6b640ae43369b3117b1f676ff,2025-06-09,2025-W23,Monday,Alterado o arquivo README.nd,Alterado,Geral,Não
827112a785ed7e87f91361b0efe4377d5f1cb397,2025-06-09,2025-W23,Monday,Alterado o arquivo README.nd,Alterado,Geral,Não
cf4bdc27087e174b217b80023a2c253cce068ef2,2025-06-09,2025-W23,Monday,Alterado o arquivo README.nd,Alterado,Geral,Não
083444c95abe080e92fac89672781de12d8414a1,2025-06-09,2025-W23,Monday,Alterado o arquivo README.nd,Alterado,Geral,Não
d6cbf87628665ba10edd987f09af9aa53312f103,2025-06-09,2025-W23,Monday,Alterado o arquivo README.nd,Alterado,Geral,Não
f4fb363f518d9e769922deca31df681ac1fc63f3,2025-06-09,2025-W23,Monday,Alterado o arquivo README.nd,Alterado,Geral,Não
5d4799d975ab2efa93636d7a09aaf5ae08b555bf,2025-06-09,2025-W23,Monday,Alterado o arquivo README.nd,Alterado,Geral,Não
ad00cfc7e8d53a9687f41c6bf7a66be0255ff6f4,2025-06-09,2025-W23,Monday,Alterado o arquivo README.nd,Alterado,Geral,Não
18983440ddfc4504cb3b80ad8c266526bc83ceac,2025-06-09,2025-W23,Monday,Alterado o arquivo README.nd,Alterado,Geral,Não
9ef8fbdc8d02cd24c904cea651fc718f61fbfaac,2025-06-09,2025-W23,Monday,Alterado o arquivo README.nd,Alterado,Geral,Não
a2d81c0bd9b57c1b4bee813843496a4bc0c08ae9,2025-06-09,2025-W23,Monday,Alterado o arquivo README.nd,Alterado,Geral,Não
63fe53fa47bb1d092f3dc5b168884f68a3241606,2025-06-09,2025-W23,Monday,Alterado o arquivo README.nd,Alterado,Geral,Não
0a37b93e4b8558fcde4d52018fe7dd86a3e4a11f,2025-06-09,2025-W23,Monday,Alterado o arquivo README.nd,Alterado,Geral,Não
7f1556eac1f03903173e1c2edd7ef9a46aae0a25,2025-06-08,2025-W22,Sunday,Alterado o arquivo README.nd,Alterado,Geral,Não
67f24cedd479b5cafb7944372b2fd30f8cbcd353,2025-06-08,2025-W22,Sunday,Alterado o arquivo README.nd,Alterado,Geral,Não
00f90290f0e71f9fd281f45660e82a408d07b27c,2025-06-08,2025-W22,Sunday,Alterado o arquivo README.nd,Alterado,Geral,Não
407d82ced778b085c3118ba246a9e04a242fd8c4,2025-06-08,2025-W22,Sunday,Alterado o arquivo README.nd,Alterado,Geral,Não
83f87fca8716e3925987a498251c5c3bfe72112d,2025-06-08,2025-W22,Sunday,Alterado o arquivo README.nd,Alterado,Geral,Não
a029850c32db7e35982a6f75908d593008af79bb,2025-06-08,2025-W22,Sunday,Alterado o arquivo README.nd,Alterado,Geral,Não
e8c6e9cfa07f75e06e796b37fe2b8801f04ec92f,2025-06-08,2025-W22,Sunday,Alterado o arquivo README.nd,Alterado,Geral,Não
a575214d2d485ea6d3dc3df165db7ed99711ec47,2025-06-08,2025-W22,Sunday,Alterado o arquivo README.nd,Alterado,Geral,Não
ddd6593d78940bc68de203eb07f246c4783dbde3,2025-06-08,2025-W22,Sunday,Alterado o arquivo README.nd,Alterado,Geral,Não
1d21924b9b0da741c4c1aa6d772356e1eda7aa95,2025-06-08,2025-W22,Sunday,Alterado o arquivo README.nd,Alterado,Geral,Não
ce71bcd40295a681e4875c120a580741635070b4,2025-06-08,2025-W22,Sunday,Adicionado a pasta 16 - Tratamento de Erros,Adicionado,Geral,Não
53feedd380978dcdfb132dce5a8980ee5dd806b0,2025-06-08,2025-W22,Sunday,Alterado o arquivo README.nd,Alterado,Geral,Não
d57677fa74d3ecb2a477cc709ebe6e15021765ab,2025-06-07,2025-W22,Saturday,Alterado o arquivo README.nd,Alterado,Geral,Não
2990a8eb0cd366fba3b9142c5ccd07727d0db523,2025-06-07,2025-W22,Saturday,Alterado o arquivo README.nd,Alterado,Geral,Não
6a83c06cd6c188b23830b9129639be4014517758,2025-06-06,2025-W22,Friday,Alterado o arquivo README.nd,Alterado,Geral,Não
87dfd84fda2a4badd5935eadfcf5c473643990db,2025-06-06,2025-W22,Friday,Alterado o arquivo README.nd,Alterado,Geral,Não
26724279733c22b1d6443aa0095499bad275b7a2,2025-06-06,2025-W22,Friday,Alterado o arquivo README.nd,Alterado,Geral,Não
4b18e4952334d6428c3ae2f29feabefa44e8687b,2025-06-06,2025-W22,Friday,Alterado o arquivo README.nd,Alterado,Geral,Não
b6e2fc970c1daf221207e7c0396380b00a5d786d,2025-06-06,2025-W22,Friday,Alterado o arquivo README.nd,Alterado,Geral,Não
db27d62af334085f5fc6d116b064631787c31b58,2025-06-06,2025-W22,Friday,Alterado o arquivo README.nd,Alterado,Geral,Não
06e011a0c03b82dc369da498728238b235792dd7,2025-06-06,2025-W22,Friday,Alterado o arquivo README.nd,Alterado,Geral,Não
30f9e9726a4811aa81e67c75e9b2bd624f154ac4,2025-06-06,2025-W22,Friday,Alterado o arquivo README.nd,Alterado,Geral,Não
ac343547055510dd94949baa659ff93bd7dcd36a,2025-06-06,2025-W22,Friday,Alterado o arquivo README.nd,Alterado,Geral,Não
0acff1e45c5e2380a324583dc876ce8c276ee0d9,2025-06-06,2025-W22,Friday,Alterado o arquivo README.nd,Alterado,Geral,Não
45926c1ee357acb21650a5651a26c73c9fc90fb0,2025-06-06,2025-W22,Friday,Alterado o arquivo README.nd,Alterado,Geral,Não
3d5921d300e308725ba4f7c4aece3cd818c25880,2025-06-06,2025-W22,Friday,Alterado o arquivo README.nd,Alterado,Geral,Não
54c53b4e738a2b432feac4b9003d616fd47c4b7e,2025-06-05,2025-W22,Thursday,Alterado o arquivo README.nd,Alterado,Geral,Não
d8ea172a1450bfe029e9d43507a359664662ec91,2025-06-05,2025-W22,Thursday,Alterado o arquivo README.nd,Alterado,Geral,Não
7dbfe92be95e3cd1ea53cb052a8a94b9b4805d7c,2025-06-05,2025-W22,Thursday,Alterado o arquivo README.nd,Alterado,Geral,Não
a0dcd9c809edfd632d86588e981b94f76943f2ff,2025-06-03,2025-W22,Tuesday,Alterado o arquivo README.nd,Alterado,Geral,Não
688e8cbbbd009ce00fbc3b1f4b7abf431bfbfd8b,2025-06-03,2025-W22,Tuesday,Alterado o arquivo README.nd,Alterado,Geral,Não
fe4a0b20c5b33afc75639a6e2edd55cf94ebd594,2025-06-03,2025-W22,Tuesday,Alterado o arquivo README.nd,Alterado,Geral,Não
156a83a4fe183abd9f0f80b2b15922f3c57be8e3,2025-06-03,2025-W22,Tuesday,Alterado o arquivo README.nd,Alterado,Geral,Não
8f9027816ccdb40c7e34e9c08197a1e9c7ae1221,2025-06-03,2025-W22,Tuesday,Alterado o arquivo README.nd,Alterado,Geral,Não
0e33c770423f6bd48266f01852b73c156c80d332,2025-06-03,2025-W22,Tuesday,Alterado o arquivo README.nd,Alterado,Geral,Não
25697a3eb5d6f8286f3709c6a0c791110a8c62fa,2025-06-03,2025-W22,Tuesday,Alterado o arquivo README.nd,Alterado,Geral,Não
827361b52551a674decf6dc7dea3d227938a2480,2025-06-02,2025-W22,Monday,Alterado o arquivo README.nd,Alterado,Geral,Não
4191fa06c37d86a2b61d55c3cca526aae5c554b2,2025-06-02,2025-W22,Monday,Alterado o arquivo README.nd,Alterado,Geral,Não
e0848bc0eed937c3bb53a0c0f7bbf36f40ca42b1,2025-06-02,2025-W22,Monday,Alterado o arquivo README.nd,Alterado,Geral,Não
bf51adca3bfe3966b91116edca3b5c1825eabe2c,2025-06-02,2025-W22,Monday,Alterado o arquivo README.nd,Alterado,Geral,Não
d3a52f99aafa1576854d223d60726f90411f4f3e,2025-06-02,2025-W22,Monday,Alterado o arquivo README.nd,Alterado,Geral,Não
b387560770224bcbde00774d1ce3abe8b63136dc,2025-06-02,2025-W22,Monday,Criado a pasta env,Criado,Geral,Não
474a9b55caecbbb1ae2fb0ff293431cfcfb9d5db,2025-06-02,2025-W22,Monday,Criado a pasta env,Criado,Geral,Não
8ac85f5f7cccdc3eac93ab9a013ec3cf0daad150,2025-06-01,2025-W21,Sunday,Alterado o arquivo README.md,Alterado,Geral,Não
b053f252ef1985283146187627ec10c82b7aa325,2025-06-01,2025-W21,Sunday,Alterado o arquivo README.md,Alterado,Geral,Não
7b9ecd4b98406c075a6e48ed2534270b397fb238,2025-06-01,2025-W21,Sunday,Alterado o arquivo README.md,Alterado,Geral,Não
ae839be6a4040f9a78d9c8ca412f28794632d45a,2025-06-01,2025-W21,Sunday,Alterado o arquivo README.md,Alterado,Geral,Não
48d28cd03786ef3dfb2c95a875f9aceb9a23b5d5,2025-06-01,2025-W21,Sunday,Alterado o arquivo README.md,Alterado,Geral,Não
a73068e2b96fa4fe2c3ba47837e51c45558cb142,2025-05-30,2025-W21,Friday,Alterado o arquivo README.md,Alterado,Geral,Não
4c86835222d5db728cfae0dcc744f99384206af7,2025-05-30,2025-W21,Friday,Alterado o arquivo README.md,Alterado,Geral,Não
02d91a2a8961f914c3283dbcb421d8fc2d8a8d2f,2025-05-30,2025-W21,Friday,Alterado o arquivo README.md,Alterado,Geral,Não
7c807bd403aeb795c1e394b0c8e6afea6cd978f0,2025-05-30,2025-W21,Friday,Alterado o arquivo README.md,Alterado,Geral,Não
662abd0d3e35bbce9844eeac7df1624d677ef580,2025-05-30,2025-W21,Friday,Alterado o arquivo README.md,Alterado,Geral,Não
efcf65e619e55182a5a7a844cbd3205289e7e0ee,2025-05-30,2025-W21,Friday,Alterado o arquivo README.md,Alterado,Geral,Não
75dbf180dd3332b4f377195b193d98b8708cb093,2025-05-30,2025-W21,Friday,Alterado o arquivo README.md,Alterado,Geral,Não
41a2bf0676494c6a6d68b1d9e9d72b4cebdabe01,2025-05-30,2025-W21,Friday,Alterado o arquivo README.md,Alterado,Geral,Não
1c3838ac8345a4171a171fb2e69df3db30f842b3,2025-05-30,2025-W21,Friday,Alterado o arquivo README.md,Alterado,Geral,Não
4234d5171d66b6901847f09d577a3a89cb9c92b6,2025-05-30,2025-W21,Friday,Alterado o arquivo README.md,Alterado,Geral,Não
5ddb65fb2f367339fac8c21c78e27a761d24945f,2025-05-30,2025-W21,Friday,Alterado o arquivo README.md,Alterado,Geral,Não
7e9767e9e3756d92ba3c87f0fe7f81a64fb1fcbd,2025-05-30,2025-W21,Friday,Alterado o arquivo README.md,Alterado,Geral,Não
5436af4192697364cb2c22737d892428a0098887,2025-05-30,2025-W21,Friday,Alterado o arquivo README.md,Alterado,Geral,Não
56d5191b34f137f5fd15b671dea16134aad4de00,2025-05-30,2025-W21,Friday,Alterado o arquivo README.md,Alterado,Geral,Não
97e0df076a1f50a99c23f067c9a7400bdfd6991d,2025-05-30,2025-W21,Friday,Alterado o arquivo README.md,Alterado,Geral,Não
2713918a6eb73188152885ced1d6afb0f14cc962,2025-05-30,2025-W21,Friday,Alterado o arquivo README.md,Alterado,Geral,Não
2ebfe3be3fec5a0df48ef05e1c7fe7895532ca6d,2025-05-30,2025-W21,Friday,Alterado o arquivo README.md,Alterado,Geral,Não
edc1c7b4b4062e95a40d36ef0cad6fdf1a60761b,2025-05-29,2025-W21,Thursday,Alterado o arquivo README.md,Alterado,Geral,Não
2e731ea290c5443ea2b7537dfc147c877731f8db,2025-05-29,2025-W21,Thursday,Alterado o arquivo README.md,Alterado,Geral,Não
96981e7f3128465ed313428461c91312b849fe19,2025-05-29,2025-W21,Thursday,Alterado o arquivo README.md,Alterado,Geral,Não
45b9f6523604c91353ab67a11611c1b189ffec9b,2025-05-29,2025-W21,Thursday,Alterado o arquivo README.md,Alterado,Geral,Não
b453cee8a6279f605129e0f029c3a1aab4e491fc,2025-05-29,2025-W21,Thursday,Alterado o arquivo README.md,Alterado,Geral,Não
c6c8c4deca0bec8711a3341f6908a78bd585a2dc,2025-05-29,2025-W21,Thursday,Alterado o arquivo README.md,Alterado,Geral,Não
78de85aa828b003594006163bb647f1b5b16a64a,2025-05-29,2025-W21,Thursday,Alterado o arquivo README.md,Alterado,Geral,Não
72a076db450ac10d05ce90b855ff58631eb4255a,2025-05-29,2025-W21,Thursday,Alterado o arquivo README.md,Alterado,Geral,Não
3f662840ce53649bddcb7993cb36f0bd23f7c5c8,2025-05-29,2025-W21,Thursday,Alterado o arquivo README.md,Alterado,Geral,Não
3e26a1a533b58dafc0bd345ff8cf353af23f202f,2025-05-29,2025-W21,Thursday,Alterado o arquivo README.md,Alterado,Geral,Não
8bc9499b693ed6dc3b22ca00d24b94e5e49bffc0,2025-05-29,2025-W21,Thursday,Alterado o arquivo README.md,Alterado,Geral,Não
1da4eb199d7949673132ca715872199e2bf0ee42,2025-05-29,2025-W21,Thursday,Alterado o arquivo README.md,Alterado,Geral,Não
33e1f6bcea0e837a816acd732c9b14b1c403c116,2025-05-29,2025-W21,Thursday,Alterado o arquivo README.md,Alterado,Geral,Não
c7919ce0b8d8d6f3fd150c68f3194b471188dda0,2025-05-29,2025-W21,Thursday,Alterado o arquivo README.md,Alterado,Geral,Não
92f6e1a5aa4a648cf09a14495c7ba9954c6fd775,2025-05-29,2025-W21,Thursday,Alterado o arquivo README.md,Alterado,Geral,Não
8bb69d1c7a92394f06b3df87b5df99334e53d57b,2025-05-29,2025-W21,Thursday,Alterado o arquivo README.md,Alterado,Geral,Não
adcd807721db9ad0d0ea18d0d021a559cdc4824b,2025-05-29,2025-W21,Thursday,Alterado o arquivo README.md,Alterado,Geral,Não
c800b0f4ae01fee3ebc2f7fc1672aa41316d1f0a,2025-05-29,2025-W21,Thursday,Alterado o arquivo README.md,Alterado,Geral,Não
2ec313e219411f63f2beb4d0577bba30d9b2b9f6,2025-05-29,2025-W21,Thursday,Alterado o arquivo README.md,Alterado,Geral,Não
2c562b5914b1c43c32757c74b60a0d7e8edb535f,2025-05-29,2025-W21,Thursday,Alterado o arquivo README.md,Alterado,Geral,Não
f87361d44fc56a1237baca2c54cd64b987dbffb9,2025-05-29,2025-W21,Thursday,Alterado o arquivo README.md,Alterado,Geral,Não
279b25039d4d692892cdc46e26ddbeea894e813d,2025-05-28,2025-W21,Wednesday,Adicionado a pasta j2,Adicionado,Geral,Não
528a357702c813fd1ceb8896de73d6956fb15db1,2025-05-27,2025-W21,Tuesday,Alterado o arquivo README.md,Alterado,Geral,Não
69df509515cf6f9d5c7eb1acba3453477bc91183,2025-05-27,2025-W21,Tuesday,Alterado o arquivo README.md,Alterado,Geral,Não
79b98493233beb21feb61ebb0420105ca461ad6f,2025-05-27,2025-W21,Tuesday,Alterado o arquivo README.md,Alterado,Geral,Não
f47ba30befb7bdbcf226a93d55caa01be26e5497,2025-05-23,2025-W20,Friday,Alterado o arquivo README.md,Alterado,Geral,Não
ee514cabf98d83ca630028f36707547e81fd4049,2025-05-23,2025-W20,Friday,Alterado o arquivo README.md,Alterado,Geral,Não
6429637e95ada1e78efc83e86b7c0fe85dd988eb,2025-05-23,2025-W20,Friday,Alterado o arquivo README.md,Alterado,Geral,Não
19cf622fb3d41c0ea3ff698521031ef18d3c9945,2025-05-16,2025-W19,Friday,Alterado o arquivo README.md,Alterado,Geral,Não
be5038bf22a9b04605ae3439dd9ad1458b31e9f9,2025-05-16,2025-W19,Friday,Alterado o arquivo README.md,Alterado,Geral,Não
69b92585885f5d3f7a2996bb214164e6a9471f5c,2025-05-16,2025-W19,Friday,Alterado o arquivo README.md,Alterado,Geral,Não
b9387269bf20713ab1285aced1df255b6f8a8efd,2025-05-16,2025-W19,Friday,Alterado o arquivo README.md,Alterado,Geral,Não
a6c156030949b19e3686dff7a03a36c184d889f1,2025-05-16,2025-W19,Friday,Alterado o arquivo README.md,Alterado,Geral,Não
4341d45779530900c91ac8fe2a6fe1f8ad64229c,2025-05-16,2025-W19,Friday,Alterado o arquivo README.md,Alterado,Geral,Não
0460b3a1153d4c45f4084800ad3313d187ce597a,2025-05-16,2025-W19,Friday,Adicionado a pasta xml,Adicionado,Geral,Não
ad5876ec5c3d49bbf2009e600da3ada77b32543b,2025-05-15,2025-W19,Thursday,Alterado o arquivo README.md,Alterado,Geral,Não
39d1ba30c981b40a78a185bcace830c8955ec29b,2025-05-15,2025-W19,Thursday,Alterado o arquivo README.md,Alterado,Geral,Não
57ed84c118857cdf477fc470e0af56381e503ba2,2025-05-15,2025-W19,Thursday,Alterado o arquivo README.md,Alterado,Geral,Não
8336385fa71ed70a87fcc3cbfeb50fa920efb665,2025-05-15,2025-W19,Thursday,Alterado o arquivo README.md,Alterado,Geral,Não
febebcdf8be6a1e70fc0966694ba14143f779e39,2025-05-15,2025-W19,Thursday,Alterado o arquivo README.md,Alterado,Geral,Não
b35d2e9957195584d57f334182f5adc783f1ea14,2025-05-15,2025-W19,Thursday,Alterado o arquivo README.md,Alterado,Geral,Não
647d000c297784f3449918cf366a3cfc643dbf33,2025-05-15,2025-W19,Thursday,Alterado o arquivo README.md,Alterado,Geral,Não
f434cc387a29a5049ecd44e86d861faad45a5072,2025-05-15,2025-W19,Thursday,Alterado o arquivo README.md,Alterado,Geral,Não
f85e32ca87de8d641146fc2a1c598783e9f18718,2025-05-15,2025-W19,Thursday,Alterado o arquivo README.md,Alterado,Geral,Não
2616ff536cca25b3e8db5350587c47f6d03932fe,2025-05-15,2025-W19,Thursday,Alterado o arquivo README.md,Alterado,Geral,Não
5f3848980f788f74dce9838ec3aab89cc278dfbe,2025-05-15,2025-W19,Thursday,Alterado o arquivo README.md,Alterado,Geral,Não
680e4792ad6caf1fa1a39ba6d2aa0e00694108ce,2025-05-15,2025-W19,Thursday,Alterado o arquivo README.md,Alterado,Geral,Não
8c42953743024ec543af0828019f79457d0485c6,2025-05-15,2025-W19,Thursday,Alterado o arquivo README.md,Alterado,Geral,Não
170181e2586af869e5b43a5fc7857d1f61974c50,2025-05-15,2025-W19,Thursday,Alterado o arquivo README.md,Alterado,Geral,Não
e19756672ef93f7bd07d37948783ea84574a38c1,2025-05-15,2025-W19,Thursday,Alterado o arquivo README.md,Alterado,Geral,Não
78c90d97f3e620385482081b97cbe6f4e2b0957d,2025-05-14,2025-W19,Wednesday,Alterado o arquivo README.md,Alterado,Geral,Não
dc7e0c48fa75dd8f88adf8ea7796fcc33dd9ca22,2025-05-14,2025-W19,Wednesday,Alterado o arquivo README.md,Alterado,Geral,Não
696ae83026ac2e003c4d571214de36b86c5f6007,2025-05-14,2025-W19,Wednesday,Alterado o arquivo README.md,Alterado,Geral,Não
c1a5e41935de2d6cfd7113a2cfae67ab4ad0b06b,2025-05-14,2025-W19,Wednesday,Alterado o arquivo README.md,Alterado,Geral,Não
0ef3ed6d6d774d0d0936307d295d2ad2737e2a6c,2025-05-14,2025-W19,Wednesday,Alterado o arquivo README.md,Alterado,Geral,Não
e5e9ea9ea7a8be700fd6ffb97d7bac1502acc29d,2025-05-14,2025-W19,Wednesday,Alterado o arquivo README.md,Alterado,Geral,Não
ffd0a18f8a67ae707181001cbb9a3322a39ddcc8,2025-05-14,2025-W19,Wednesday,Alterado o arquivo README.md,Alterado,Geral,Não
e4ba1d52783ae97b22acc6624bb528a1a701e364,2025-05-14,2025-W19,Wednesday,Alterado o arquivo README.md,Alterado,Geral,Não
15f7a2b263781e65d65963c99782b133c582f506,2025-05-14,2025-W19,Wednesday,Alterado o arquivo README.md,Alterado,Geral,Não
fd73711aa36808a9452447d061b53615015b7e8b,2025-05-12,2025-W19,Monday,Alterado o arquivo README.md,Alterado,Geral,Não
afd1503ca94151905ed03a4bad187db5615a5312,2025-05-12,2025-W19,Monday,Alterado o arquivo README.md,Alterado,Geral,Não
f4ab16d32f543ab0e2116a3dccc34dd48ec23157,2025-05-12,2025-W19,Monday,Alterado o arquivo README.md,Alterado,Geral,Não
3aa1a73d16828fbf2d595365bc6b1e0a456449ec,2025-05-12,2025-W19,Monday,Alterado o arquivo README.md,Alterado,Geral,Não
f5fb8d552b8cde5c706165ecec5d301aac3f4eee,2025-05-12,2025-W19,Monday,Alterado o arquivo README.md,Alterado,Geral,Não
8ec687d88060564ff4db6d106a0246e06b98f2ae,2025-05-12,2025-W19,Monday,Alterado o arquivo README.md,Alterado,Geral,Não
1f5ea555205aa2fdf9b4323579b6dc6fa0bd5184,2025-05-12,2025-W19,Monday,Alterado o arquivo README.md,Alterado,Geral,Não
89d9ea29df5cc0539f2df15b415945dc5064e85a,2025-05-12,2025-W19,Monday,Alterado o arquivo README.md,Alterado,Geral,Não
cfe546878ecbac55a98bc1516aa02cc4609821ce,2025-05-12,2025-W19,Monday,Alterado o arquivo README.md,Alterado,Geral,Não
de888ca057a646e0f08d9ab95f4f850e89cb88b4,2025-05-12,2025-W19,Monday,Alterado o arquivo README.md,Alterado,Geral,Não
a7c96761c92ae19c0374b60e8abb8380bd7ef9d1,2025-05-12,2025-W19,Monday,Alterado o arquivo README.md,Alterado,Geral,Não
0fe68352a25dcc6363d905800a6f607a3cfa2337,2025-05-12,2025-W19,Monday,Adicionado a pasta yaml,Adicionado,Geral,Não
a155b4200ec31475edf13cd6deb63c5a1d8a7695,2025-05-09,2025-W18,Friday,Alterado o aquivo read.me,Alterado,Geral,Não
8058af23a402054e2b79bdcb7191e162c56458d7,2025-05-09,2025-W18,Friday,Alterado o aquivo read.me,Alterado,Geral,Não
45d6a66ec5a710c5e05fc9ce1193e9fb8bd07748,2025-05-09,2025-W18,Friday,Alterado o aquivo read.me,Alterado,Geral,Não
5c43b7f9ada49e0ef105fc4706e914698cae33ae,2025-05-09,2025-W18,Friday,Alterado o aquivo read.me,Alterado,Geral,Não
ea6e64e35ef734dfada29eb1fa3caf937ac4059a,2025-05-09,2025-W18,Friday,Alterado o aquivo read.me,Alterado,Geral,Não
66df26777c5aa4f6f2b2f29b600d6d8daaf343ad,2025-05-08,2025-W18,Thursday,Alterado o aquivo read.me,Alterado,Geral,Não
744022275901dd35135c843c5326b0d6d7ef76b7,2025-05-08,2025-W18,Thursday,Alterado o aquivo read.me,Alterado,Geral,Não
35263522aca339b21934247a98ae5f9c1990cc8b,2025-05-08,2025-W18,Thursday,Alterado o aquivo read.me,Alterado,Geral,Não
20bd40b6741fcba3f9a0eaddf8670d42a7f6b588,2025-05-08,2025-W18,Thursday,Alterado o aquivo read.me,Alterado,Geral,Não
704b5d3649a5e5fa7b302f8983cef3dec03837aa,2025-05-08,2025-W18,Thursday,Alterado o aquivo read.me,Alterado,Geral,Não
9a8497b259df227105fb3df3c61f893c6da368c7,2025-05-08,2025-W18,Thursday,Alterado o aquivo read.me,Alterado,Geral,Não
cdc6a01fe9738dce3aabbf0363882081d62b2d4d,2025-05-07,2025-W18,Wednesday,Alterado o aquivo read.me,Alterado,Geral,Não
bbaeab4e90f008771cf07b5233a823b25904f7e4,2025-05-07,2025-W18,Wednesday,Alterado o aquivo read.me,Alterado,Geral,Não
3d5637cfbfe5b264ec10d0226ed73ccaabba68bf,2025-05-07,2025-W18,Wednesday,Alterado o aquivo read.me,Alterado,Geral,Não
2ba60961f9dbb25a2f2a5d56127a1fb8d4af9546,2025-05-07,2025-W18,Wednesday,Alterado o aquivo read.me,Alterado,Geral,Não
d02e1692dd447bd2113b62ff48f65385c3eb7cd0,2025-05-07,2025-W18,Wednesday,Alterado o aquivo read.me,Alterado,Geral,Não
d02badcd8afa0b452b5c3b29c63682d0466407c1,2025-05-07,2025-W18,Wednesday,Alterado o aquivo read.me,Alterado,Geral,Não
14411269b0ebcaf69907cc5e467dc9e8a7089167,2025-05-07,2025-W18,Wednesday,Alterado o aquivo read.me,Alterado,Geral,Não
1d915d97ada327a3e40108f2194d078ca5f4db6e,2025-05-07,2025-W18,Wednesday,Alterado o aquivo read.me,Alterado,Geral,Não
5f9081c294c2ec816cdb5c885802e52098717d55,2025-05-07,2025-W18,Wednesday,Alterado o aquivo read.me,Alterado,Geral,Não
884afdf388e6744ab384da24fa26b2487baad3b8,2025-05-07,2025-W18,Wednesday,Alterado o aquivo read.me,Alterado,Geral,Não
c5ad4621481eb348127d9640d37c6842abc51852,2025-05-07,2025-W18,Wednesday,Alterado o aquivo read.me,Alterado,Geral,Não
df9af672b7f013f7d5e64d0301f8e64cc9dd0423,2025-05-07,2025-W18,Wednesday,Alterado o aquivo read.me,Alterado,Geral,Não
04be5da9931b8b87bd1d38bfe75e67dbe41f7837,2025-05-06,2025-W18,Tuesday,Alterado o aquivo read.me,Alterado,Geral,Não
7cdbbdbfaed1410e8ef216824791b521e4d899d1,2025-05-06,2025-W18,Tuesday,Alterado o aquivo read.me,Alterado,Geral,Não
330e28355293a07c6d36ebc2426c98d57b26270c,2025-05-06,2025-W18,Tuesday,Alterado o aquivo read.me,Alterado,Geral,Não
f8a77f3d1b3bc43ae0f5ce0847bcc931cb11974f,2025-05-06,2025-W18,Tuesday,Alterado o aquivo read.me,Alterado,Geral,Não
056af513754caeac9d8a2457874f1031f65eee17,2025-05-06,2025-W18,Tuesday,Alterado o aquivo read.me,Alterado,Geral,Não
d0c83dcb2bd41609f2d7eae5a3059916b9217634,2025-05-06,2025-W18,Tuesday,Alterado o aquivo read.me,Alterado,Geral,Não
7a41d7e1b601d8b5a611719f3bfe978cb6eb03b4,2025-05-06,2025-W18,Tuesday,Alterado o aquivo read.me,Alterado,Geral,Não
5365fcdbcebd2d2de5cae3a07aa5765ac0b6517e,2025-05-06,2025-W18,Tuesday,Alterado o aquivo read.me,Alterado,Geral,Não
2aacb93caab953b52f6c19b8295a2da3f7d1cbeb,2025-05-06,2025-W18,Tuesday,Alterado o aquivo read.me,Alterado,Geral,Não
824b84338dd2c011a75e06be20655d5a360722c4,2025-05-05,2025-W18,Monday,Alterado o aquivo read.me,Alterado,Geral,Não
ae4e4be5f6c26a3040a49e4638e708379bad6a80,2025-05-05,2025-W18,Monday,Alterado o aquivo read.me,Alterado,Geral,Não
738674d4acb93c88d39053629493b2a38325674f,2025-05-05,2025-W18,Monday,Alterado o aquivo read.me,Alterado,Geral,Não
ffb3276c7bdfe5bad870be1079b99bf961597e52,2025-05-05,2025-W18,Monday,Alterado o aquivo read.me,Alterado,Geral,Não
2892f862deea9659a21feb6699ecffe5f2e0fa88,2025-05-05,2025-W18,Monday,Alterado o aquivo read.me,Alterado,Geral,Não
e01912d80a24f30307f8c4301fd66969edac3b87,2025-05-05,2025-W18,Monday,Alterado o aquivo read.me,Alterado,Geral,Não
d9facb2dc122c24c55f62cc451f646189925309d,2025-05-05,2025-W18,Monday,Alterado o aquivo read.me,Alterado,Geral,Não
fe1d45d2d46d96421c002104b01717b892845b8a,2025-05-05,2025-W18,Monday,Alterado o aquivo read.me,Alterado,Geral,Não
32270c038275aaa201ee3cb1c4e7ee075188f826,2025-05-05,2025-W18,Monday,Alterado o aquivo read.me,Alterado,Geral,Não
71f6fec23ac0aa1e8fc035880b4d89d34094d084,2025-05-05,2025-W18,Monday,Alterado o aquivo read.me,Alterado,Geral,Não
50911969a075e94d4caff7e6c14092651db5dc42,2025-05-05,2025-W18,Monday,Alterado o aquivo read.me,Alterado,Geral,Não
2546b4230967ef9016c47064053c42db5bfc6150,2025-05-05,2025-W18,Monday,Alterado o aquivo read.me,Alterado,Geral,Não
3d7e99dd21924d80d22bf62e9872766359d2a276,2025-05-05,2025-W18,Monday,Alterado o aquivo read.me,Alterado,Geral,Não
4c7ca8cb24c7d23e36d53db4ffcea945cda27b03,2025-05-05,2025-W18,Monday,Alterado o aquivo read.me,Alterado,Geral,Não
84fdb99065ac06d650c77653650888bb159435d6,2025-05-05,2025-W18,Monday,Alterado o aquivo read.me,Alterado,Geral,Não
9465d2b7b5ab3445bdb05fec95b59ac9cc319d55,2025-05-05,2025-W18,Monday,Alterado o aquivo read.me,Alterado,Geral,Não
b15ea11352af8948b7c5bc5f4847eab873419cc1,2025-05-05,2025-W18,Monday,Alterado o aquivo read.me,Alterado,Geral,Não
708d04c15acc987432dce5e661aa1a1d99d7ba1a,2025-05-05,2025-W18,Monday,Alterado o aquivo read.me,Alterado,Geral,Não
46bd2394e152996a13409543130c15b5b5d89f89,2025-05-05,2025-W18,Monday,Alterado o aquivo read.me,Alterado,Geral,Não
2ca617d158d6f78a9bf615981b12e249dbdc0c53,2025-05-05,2025-W18,Monday,Alterado o aquivo read.me,Alterado,Geral,Não
71ea627914238226a17836200790b58dfc274e1c,2025-05-05,2025-W18,Monday,Alterado o aquivo read.me,Alterado,Geral,Não
61db364a848c1e7fec37ff408dfe34b4373cfc17,2025-05-05,2025-W18,Monday,Alterado o aquivo read.me,Alterado,Geral,Não
f770625bc34192d1617ff92a92146339915b3b75,2025-05-05,2025-W18,Monday,Alterado o aquivo read.me,Alterado,Geral,Não
8f9ddac968c1f1be419417138c2186ebd837dcea,2025-05-05,2025-W18,Monday,Alterado o aquivo read.me,Alterado,Geral,Não
566f50fae7c9363b7c003f0c749b6f91e4ba8925,2025-05-05,2025-W18,Monday,Alterado o aquivo read.me,Alterado,Geral,Não
28816175af820bf06b256bf08a89b204582439ed,2025-05-05,2025-W18,Monday,Alterado o aquivo read.me,Alterado,Geral,Não
12854345d029a3fcd30a093bcd4f54878d56defd,2025-05-05,2025-W18,Monday,Alterado o aquivo read.me,Alterado,Geral,Não
e9947cc045c24f46e239c0164ec6db34230a68f7,2025-05-04,2025-W17,Sunday,Alterado o aquivo read.me,Alterado,Geral,Não
489d442fdde8a138cb8f7c4f729da3d2d0ce2eb9,2025-05-04,2025-W17,Sunday,Alterado o aquivo read.me,Alterado,Geral,Não
d0e982c087ae3a0f87d845bf8d03fa6ac49968cb,2025-05-04,2025-W17,Sunday,Alterado o aquivo read.me,Alterado,Geral,Não
f9c99660bf2b2b76e5a27736a09536af3e774c3d,2025-05-04,2025-W17,Sunday,Alterado o aquivo read.me,Alterado,Geral,Não
c63e02b6879d6ce78588eacfbde761226bc0d32d,2025-05-04,2025-W17,Sunday,Alterado o aquivo read.me,Alterado,Geral,Não
81fc4439e707d55fd06b312cbfd488f69d1693a6,2025-05-04,2025-W17,Sunday,Alterado o aquivo read.me,Alterado,Geral,Não
89e9e21f7b8ee847a550fe87b2b00c3794f1e550,2025-05-04,2025-W17,Sunday,Alterado o aquivo read.me,Alterado,Geral,Não
2cdf24e9959af4d57c0e683d1fc1525542a78658,2025-05-04,2025-W17,Sunday,Alterado o aquivo read.me,Alterado,Geral,Não
9f4cee8738e39143702e4a318ddda14037efae9f,2025-05-04,2025-W17,Sunday,Alterado o aquivo read.me,Alterado,Geral,Não
7e1d16ae284643e1efb9374d25e283d2205f7fbd,2025-05-04,2025-W17,Sunday,Alterado o aquivo read.me,Alterado,Geral,Não
b4f4e20ebdbc5c6dc67dc7e58b4b7dd3b7563c2e,2025-05-04,2025-W17,Sunday,Alterado o aquivo read.me,Alterado,Geral,Não
779441f2ea258401c1aefdb5a07a2617964c01c7,2025-05-04,2025-W17,Sunday,Alterado o aquivo read.me,Alterado,Geral,Não
bb64127f29a15b3e12b1ce73c1d8db29cbdf895c,2025-05-04,2025-W17,Sunday,Alterado o aquivo read.me,Alterado,Geral,Não
07013fe1f124981f98ce4e5710660de01a1c9a4e,2025-05-04,2025-W17,Sunday,Alterado o aquivo read.me,Alterado,Geral,Não
2960df761f52b30c8249458adf2b9e283b02230d,2025-05-04,2025-W17,Sunday,Alterado o aquivo read.me,Alterado,Geral,Não
651a12a31c202a6d1ea5d0ae1e2ff3cadd440c5f,2025-05-04,2025-W17,Sunday,Alterado o aquivo read.me,Alterado,Geral,Não
a6b0472834527fca4ea2eafc5a5dedd7ae85eaf4,2025-05-04,2025-W17,Sunday,Alterado o aquivo read.me,Alterado,Geral,Não
c57eef961c0a9c2847f88f1fe521960c03b854ec,2025-05-04,2025-W17,Sunday,Alterado o aquivo read.me,Alterado,Geral,Não
6702a3b589e3653a76f8782bc125ed1d6bfa927f,2025-05-04,2025-W17,Sunday,Alterado o aquivo read.me,Alterado,Geral,Não
d72e71b88fd7268112315367d22a04398bffb9c9,2025-05-04,2025-W17,Sunday,Alterado o aquivo read.me,Alterado,Geral,Não
e7bfcf9c57294e9e67a9483912c3e9646929efc2,2025-05-04,2025-W17,Sunday,Alterado o aquivo read.me,Alterado,Geral,Não
7c4d9d3a2143d50d369fb51436758b7e1f239ef5,2025-05-03,2025-W17,Saturday,Alterado o aquivo read.me,Alterado,Geral,Não
4038a41c8851bae8d2662b57a086d1a6657dd4fd,2025-05-03,2025-W17,Saturday,Alterado o aquivo read.me,Alterado,Geral,Não
78309556f3da1ac9adf3f0b4a94dfe0e97862981,2025-05-03,2025-W17,Saturday,Alterado o aquivo read.me,Alterado,Geral,Não
f301120c08bc0bdc83fb56117c18ca6217a45b62,2025-05-03,2025-W17,Saturday,Alterado o aquivo read.me,Alterado,Geral,Não
348ad561e10ca37fc11f96e878f88eb15af7e332,2025-05-03,2025-W17,Saturday,Alterado o aquivo read.me,Alterado,Geral,Não
08de173a49f99e5a71b0a24a121e06303ba72629,2025-05-03,2025-W17,Saturday,Alterado o aquivo read.me,Alterado,Geral,Não
fc7e8e08f78a5cef24d089aa7c7cab44771bc280,2025-05-03,2025-W17,Saturday,Alterado o aquivo read.me,Alterado,Geral,Não
00417d63172e9b9b5c6c3510b2f454987bfbcbf8,2025-05-03,2025-W17,Saturday,Alterado o aquivo read.me,Alterado,Geral,Não
fce2af92a538adf3bdde314e700af531adaef3e1,2025-05-03,2025-W17,Saturday,Alterado o aquivo read.me,Alterado,Geral,Não
821bad1fdd1b460f344a0541214dbfcc5a726422,2025-05-03,2025-W17,Saturday,Alterado o aquivo read.me,Alterado,Geral,Não
ca433586f4eff99f0d3be2f9883913f453e1e09e,2025-05-03,2025-W17,Saturday,Alterado o aquivo read.me,Alterado,Geral,Não
78e0808bc92be774793b2ea34383650cc43a1434,2025-05-03,2025-W17,Saturday,Alterado o aquivo read.me,Alterado,Geral,Não
a8a6a61a06bba4bb71b0149b0065a4b88183932a,2025-05-03,2025-W17,Saturday,Alterado o aquivo read.me,Alterado,Geral,Não
b1c0cc8a34466399139f3a33fcf5f64376c3603f,2025-05-03,2025-W17,Saturday,Alterado o aquivo read.me,Alterado,Geral,Não
9655b0a4388ed8b8a213ed4fb3b54f685bf614e4,2025-05-03,2025-W17,Saturday,Alterado o aquivo read.me,Alterado,Geral,Não
ce8be5f6f84c35b39b8a51283317c52b1aa227ee,2025-05-03,2025-W17,Saturday,Alterado o aquivo read.me,Alterado,Geral,Não
fd409b65501e1a816166ded7aaff3f735c88c176,2025-05-03,2025-W17,Saturday,Alterado o aquivo read.me,Alterado,Geral,Não
043a8686823a9ff693fa3e55fea38433d11b9990,2025-05-03,2025-W17,Saturday,Alterado o aquivo read.me,Alterado,Geral,Não
4e86a78da23b5a0a09b3c791fc66ade7ababcadf,2025-05-03,2025-W17,Saturday,Alterado o aquivo read.me,Alterado,Geral,Não
0860b2593a6688154f0dba5e7364aad263090ab0,2025-05-03,2025-W17,Saturday,Alterado o aquivo read.me,Alterado,Geral,Não
956818b5deb9ba2fa141353dd79f606dd5cbfd6d,2025-05-03,2025-W17,Saturday,Alterado o aquivo read.me,Alterado,Geral,Não
a3585f1035aa011e3e6c203e9b73db1c7e16814d,2025-05-03,2025-W17,Saturday,Alterado o aquivo read.me,Alterado,Geral,Não
e8f55cafff0208593a1dc05190b53f14fd7b2cb7,2025-05-03,2025-W17,Saturday,Alterado o aquivo read.me,Alterado,Geral,Não
bb51f62e1ebe1396d034248869073180ea003cf7,2025-05-03,2025-W17,Saturday,Alterado o aquivo read.me,Alterado,Geral,Não
eb07e7f0b66c0234b36d86391fb978f4488b5c49,2025-05-03,2025-W17,Saturday,Alterado o aquivo read.me,Alterado,Geral,Não
01bccdcf6d83efc5e075c40c9e3d22c36cbe14e5,2025-05-03,2025-W17,Saturday,Alterado o aquivo read.me,Alterado,Geral,Não
dcc71188443fc7673a77fbceb51a7ebac4cbd97a,2025-05-03,2025-W17,Saturday,Alterado o aquivo read.me,Alterado,Geral,Não
8a3d6ab378594bef90c4f47773b78d51804523ad,2025-05-03,2025-W17,Saturday,Alterado o aquivo read.me,Alterado,Geral,Não
5ab1c598229bb9efeb4ac54bf83c26089dce5f2d,2025-05-03,2025-W17,Saturday,Alterado o aquivo read.me,Alterado,Geral,Não
9190dcc8838e294dcc85cd3dcf7a0796831ec5ab,2025-05-03,2025-W17,Saturday,Alterado o aquivo read.me,Alterado,Geral,Não
47b33867b2a51ace32449f0cf1a4464edc099aa1,2025-05-03,2025-W17,Saturday,Alterado o aquivo read.me,Alterado,Geral,Não
5396a3753dd26dc6d919ff87b9af4ae740f79258,2025-05-03,2025-W17,Saturday,Alterado o aquivo read.me,Alterado,Geral,Não
e98e8e59296231815e1514eeb0e95f8fb5099292,2025-05-02,2025-W17,Friday,Alterado o aquivo read.me,Alterado,Geral,Não
4b68d71855c4760711348b5dbac5e7fb3676aa7b,2025-05-02,2025-W17,Friday,Alterado o aquivo read.me,Alterado,Geral,Não
20a5ec0bde728be92326d303508fd993b8591fe3,2025-05-01,2025-W17,Thursday,Alterado o aquivo read.me,Alterado,Geral,Não
58d096511718e4edfd9200e78bfd216c64a62547,2025-05-01,2025-W17,Thursday,Alterado o aquivo read.me,Alterado,Geral,Não
60a48a575dffa66ea78fe75f6527634192fe206b,2025-05-01,2025-W17,Thursday,Alterado o aquivo read.me,Alterado,Geral,Não
ca30d544d24e6f47ec567d044be7a99d8b44ba0a,2025-05-01,2025-W17,Thursday,Alterado o aquivo read.me,Alterado,Geral,Não
246efe2fd31ca2884c6060b3faaa71985c8e01bc,2025-05-01,2025-W17,Thursday,Adicionado a pasta 14,Adicionado,Geral,Não
aa2e6616a13eb70bbdd6aeef3c3f0ba199f7c33a,2025-05-01,2025-W17,Thursday,Acertado pastas,Acertado,Geral,Não
20880f7edec388ec1b2498bcd8de907868fa3bed,2025-05-01,2025-W17,Thursday,Acertado pastas,Acertado,Geral,Não
bfba49b4538332d21970ed5458dc623c4610135a,2025-05-01,2025-W17,Thursday,Acertado pastas,Acertado,Geral,Não
c11eb1d76a23d6a9f27057cdec2ab5cd8326a9f4,2025-05-01,2025-W17,Thursday,Acertado pastas,Acertado,Geral,Não
1c3ed21cc080fc3db771c1d2320a0e3d03a2170a,2025-05-01,2025-W17,Thursday,Alterado o aquivo read.me,Alterado,Geral,Não
fb4a5de2629a7bb081b4e1679b934db366076868,2025-05-01,2025-W17,Thursday,Alterado o aquivo read.me,Alterado,Geral,Não
850750f75e2ccd61d566105c2c7b3134d7233fa8,2025-05-01,2025-W17,Thursday,Adicionado a pasta 13,Adicionado,Geral,Não
19b6bc973f2bef5ac59b6d29e3d90a0cab21698d,2025-04-30,2025-W17,Wednesday,Adicionado a pasta 12,Adicionado,Geral,Não
6e14e9cbb856519621d6d51b9dd163575f0b1dc5,2025-04-29,2025-W17,Tuesday,Adicionado a pasta 12,Adicionado,Geral,Não
8c4577226f0709258d96b4bf745fbeccba148e1d,2025-04-28,2025-W17,Monday,Adicionado a pasta 12,Adicionado,Geral,Não
f7b3fd85831a69c72a33651b2da6282946dbcb5e,2025-04-28,2025-W17,Monday,Adicionado a pasta 12,Adicionado,Geral,Não
54bfa05dc678a401bd6610ed9ee2143bc8d29e18,2025-04-28,2025-W17,Monday,Adicionado a pasta 12,Adicionado,Geral,Não
54e8c6f6358c8c08bf5aac840f26977531918874,2025-04-26,2025-W16,Saturday,Alterado o arquivo Readme.md,Alterado,Geral,Não
64d6284c722aeb43af0b6cdfd8b6eb700b505b23,2025-04-26,2025-W16,Saturday,Alterado o arquivo Readme.md,Alterado,Geral,Não
e7df3c1cbf21849e300d7357b1b4b0e763b7ce92,2025-04-26,2025-W16,Saturday,Alterado o arquivo Readme.md,Alterado,Geral,Não
aff46150ad0c4c8ec1443d7e6d60e4cde16d709a,2025-04-26,2025-W16,Saturday,Alterado o arquivo Readme.md,Alterado,Geral,Não
56f23627de5cfb8682fade88535b086314f9b927,2025-04-26,2025-W16,Saturday,Alterado o arquivo Readme.md,Alterado,Geral,Não
b26c3c9b9999699b93c1f677276fec51bf082308,2025-04-26,2025-W16,Saturday,Alterado o arquivo Readme.md,Alterado,Geral,Não
1bad22df8862a411982673c802edb0308e08e935,2025-04-26,2025-W16,Saturday,Alterado o arquivo Readme.md,Alterado,Geral,Não
bbdce2bce7fb4d3bfdeba2cb8efeb5ee705df239,2025-04-26,2025-W16,Saturday,Adicionado a pasta 11,Adicionado,Geral,Não
e64660dc0cd732e7945d7a1c34aa1f1068169775,2025-04-25,2025-W16,Friday,Alterado o arquivo Readme.md,Alterado,Geral,Não
f62c1109c1cb0c5c4a18f61d861bfe7fc38430be,2025-04-25,2025-W16,Friday,Alterado o arquivo Readme.md,Alterado,Geral,Não
f27d52b2c6419bb85c42a3df73f488169cd97647,2025-04-25,2025-W16,Friday,Alterado o arquivo Readme.md,Alterado,Geral,Não
4d556982e6d6e6694053ca388a6c79fb60a791e5,2025-04-25,2025-W16,Friday,Alterado o arquivo Readme.md,Alterado,Geral,Não
5027cb3189c1168b163bd0966137d9499139af06,2025-04-25,2025-W16,Friday,Alterado o arquivo Readme.md,Alterado,Geral,Não
3fa24d4c09aca3d1e4da96d93f0a61d3a4a656d2,2025-04-25,2025-W16,Friday,Alterado o arquivo Readme.md,Alterado,Geral,Não
761b85d1e41fefa979d7f3ec98b9c3c8992571d6,2025-04-25,2025-W16,Friday,Alterado o arquivo Readme.md,Alterado,Geral,Não
a6dbd92bd18e1e6d051698c97c8bb502ce783d01,2025-04-25,2025-W16,Friday,Alterado o arquivo Readme.md,Alterado,Geral,Não
2d39e026620c2b3536491b7a398ca36bcf60f5fc,2025-04-25,2025-W16,Friday,Alterado o arquivo Readme.md,Alterado,Geral,Não
f611c48f473e2664f11e685028cf91a5db0a6df8,2025-04-24,2025-W16,Thursday,Alterado o arquivo Readme.md,Alterado,Geral,Não
6a44a4e58c3c14a60fe6690cfb044bcc3c476d1d,2025-04-24,2025-W16,Thursday,Alterado o arquivo Readme.md,Alterado,Geral,Não
5de40ba09c1480deaf84499e610ddb8033d032da,2025-04-24,2025-W16,Thursday,Alterado o arquivo Readme.md,Alterado,Geral,Não
ad5fa93cf0c823882575373fd059096e87d8b02e,2025-04-24,2025-W16,Thursday,Adicioanado a pasta 10,Adicionado,Geral,Não
3ef42f6ac8f98a1fd463957d788f7e332991f7aa,2025-04-22,2025-W16,Tuesday,Alterado o arquivo Readme.md,Alterado,Geral,Não
a23c8269107d676fe253525a03e3a997e783dbf5,2025-04-22,2025-W16,Tuesday,Alterado o arquivo Readme.md,Alterado,Geral,Não
44eaeb8c1c6b402dd1f3257cea80373c1e3db381,2025-04-22,2025-W16,Tuesday,Alterado o arquivo Readme.md,Alterado,Geral,Não
dd7fa521916a2881838e045ba02d8a9dc4e2da04,2025-04-22,2025-W16,Tuesday,Alterado o arquivo Readme.md,Alterado,Geral,Não
d06bc5518c051b216e7b7b27543a6627ac1692ef,2025-04-22,2025-W16,Tuesday,Alterado o arquivo Readme.md,Alterado,Geral,Não
6b637c36b9bef0277cdac5f030e6fb1b3bdc2c2a,2025-04-22,2025-W16,Tuesday,Alterado o arquivo Readme.md,Alterado,Geral,Não
cdc969f881c6eeb9c06f6183629e66dfe102db62,2025-04-22,2025-W16,Tuesday,Alterado o arquivo Readme.md,Alterado,Geral,Não
f3b67880a501dcbcfda942ae38b610173e6836e2,2025-04-22,2025-W16,Tuesday,Alterado o arquivo Readme.md,Alterado,Geral,Não
2594c322e8cb91b67addec5607ad514e7f61416d,2025-04-22,2025-W16,Tuesday,Alterado o arquivo Readme.md,Alterado,Geral,Não
402e11cc346ec2d6f87d66aede5a01d91cc88d27,2025-04-22,2025-W16,Tuesday,Alterado o arquivo Readme.md,Alterado,Geral,Não
266fb7362b153b816b85dde5940d94eed7c3101a,2025-04-22,2025-W16,Tuesday,Alterado o arquivo Readme.md,Alterado,Geral,Não
3277358124fd2e285ddc79821e15ddc6fc0dc818,2025-04-22,2025-W16,Tuesday,"Alterado os nomes das pastas 06, 07, 08 e 09.md",Alterado,Geral,Não
4c58cec9465490bea939340abfe5f8de3eafe58e,2025-04-21,2025-W16,Monday,Alterado o arquivo Readme.md,Alterado,Geral,Não
1795c902fed7ea3289eb205adeb60f2f3edd2c0d,2025-04-21,2025-W16,Monday,Alterado o arquivo Readme.md,Alterado,Geral,Não
c5beb71c45286f41715e47372da6c9cb27405f1d,2025-04-21,2025-W16,Monday,Alterado o arquivo Readme.md,Alterado,Geral,Não
05594a25cac3d12200e1626e3a4f43d8f2e27baa,2025-04-21,2025-W16,Monday,Alterado o arquivo Readme.md,Alterado,Geral,Não
e82a2ddaddf34204abca18e204484254c8619c5b,2025-04-21,2025-W16,Monday,Alterado o arquivo Readme.md,Alterado,Geral,Não
566a9b703684838be387368bdd8ec00136a3644a,2025-04-21,2025-W16,Monday,Alterado o arquivo Readme.md,Alterado,Geral,Não
254bae1340af7a96396f5720f288cbfdb8f01bf2,2025-04-21,2025-W16,Monday,Alterado o arquivo Readme.md,Alterado,Geral,Não
45dfa91fb657549317c8f3a62a875ca437a818af,2025-04-21,2025-W16,Monday,Alterado o arquivo Readme.md,Alterado,Geral,Não
19174dce20316616abc99e1e362e6428fe1d09ad,2025-04-21,2025-W16,Monday,Alterado o arquivo Readme.md,Alterado,Geral,Não
63ad13d7d4ad8145b99b34cd8d7067e1bd987fe2,2025-04-19,2025-W15,Saturday,Alterado o arquivo Readme.md,Alterado,Geral,Não
561bdffc01e84273ae6bd61de195374f1b2f6755,2025-04-19,2025-W15,Saturday,Adicionado a pasta 08 - Python - Basico 04,Adicionado,Automation,Não
14d64f5e02f4eadbf14a749b9cd97e716c5b47c1,2025-04-19,2025-W15,Saturday,Alterado 07 - Python - Basico 02 e 08 - Python - Basico 03,Alterado,Automation,Não
8ff1ce43571ee302d16f1dfa089bacceb726ea44,2025-04-19,2025-W15,Saturday,Alterado o arquivo Readme.md,Alterado,Geral,Não
0c56ea8a6db71c857b9ed1fa2486dd0fb0f4957a,2025-04-19,2025-W15,Saturday,Alterado o arquivo Readme.md,Alterado,Geral,Não
baa1fd21535e59c29771f219f4e5d6721ad5e1fb,2025-04-19,2025-W15,Saturday,Alterado o arquivo Readme.md,Alterado,Geral,Não
169ce19eebbf3c8718e84253536ac9805b677431,2025-04-19,2025-W15,Saturday,Alterado o arquivo Readme.md,Alterado,Geral,Não
dde7e44c604defb4b828c81d20177735f5de0eb8,2025-04-19,2025-W15,Saturday,Alterado o arquivo Readme.md,Alterado,Geral,Não
f274c877e3a86ace48b3c19ec78f764157a09958,2025-04-18,2025-W15,Friday,Alterado o arquivo Readme.md,Alterado,Geral,Não
f9f836e2f2656e8ecdb05e07d43b274c1418503b,2025-04-18,2025-W15,Friday,Alterado o arquivo Readme.md,Alterado,Geral,Não
fc176d48aac17e23a7847d0a1665a35e3e8da93c,2025-04-18,2025-W15,Friday,Alterado o arquivo Readme.md,Alterado,Geral,Não
c9c2825cd06445a350b3a7bf24275f6939c98b66,2025-04-18,2025-W15,Friday,Alterado o arquivo Readme.md,Alterado,Geral,Não
f5c537566b7867af858fbfebafb6419246a30c55,2025-04-18,2025-W15,Friday,Alterado o arquivo Readme.md,Alterado,Geral,Não
2203f455c52254bc057bd94fec620ac0effe2822,2025-04-18,2025-W15,Friday,Alterado o arquivo Readme.md,Alterado,Geral,Não
5762416f48435d1f4d5eca93f7b8e6d0058800e6,2025-04-18,2025-W15,Friday,Alterado o arquivo Readme.md,Alterado,Geral,Não
3a11494917575f214264869cbd9a057166628749,2025-04-18,2025-W15,Friday,Alterado o arquivo Readme.md,Alterado,Geral,Não
db4ab30ceeb14cbb24825cba962dd0225bdebe3f,2025-04-17,2025-W15,Thursday,Alterado o arquivo Readme.md,Alterado,Geral,Não
81ae729cab5a5af3ee9457a1fea11bd55be58630,2025-04-17,2025-W15,Thursday,Alterado o arquivo Readme.md,Alterado,Geral,Não
f00d40f20cba1d231334a89c838e730e0e81e6cf,2025-04-17,2025-W15,Thursday,Alterado o arquivo Readme.md,Alterado,Geral,Não
830efcdf69547a36d47df3e8ab5c17ea6f88a5b4,2025-04-17,2025-W15,Thursday,Alterado o arquivo Readme.md,Alterado,Geral,Não
01b6a830ae219dc967976f1f9c8570f4280469d8,2025-04-17,2025-W15,Thursday,Alterado o arquivo Readme.md,Alterado,Geral,Não
084f2173fe9d6e05b89135509874c64fda81e542,2025-04-17,2025-W15,Thursday,Adicionado a pasta 07 - Python - Basico 02.md,Adicionado,Automation,Não
9bf801fcef625eba81d4550f3ae09f4f7ae8e98a,2025-04-16,2025-W15,Wednesday,Aletrado o arquivo README.md,Alterado,Geral,Não
504888890d774ed00e9471ac837012fd468c6e8f,2025-04-16,2025-W15,Wednesday,Aletrado o arquivo README.md,Alterado,Geral,Não
a969d17dc0d42bbb098af0b0272dba94e313516f,2025-04-16,2025-W15,Wednesday,Aletrado o arquivo README.md,Alterado,Geral,Não
5c2cadc98446f2c4ba0d10576a35fd6afeccf3f8,2025-04-16,2025-W15,Wednesday,Aletrado o arquivo README.md,Alterado,Geral,Não
4f856bb600592077bfe1797dbae08b049d867bdc,2025-04-16,2025-W15,Wednesday,Aletrado o arquivo README.md,Alterado,Geral,Não
11b281b557bdf2851dc2f4dc2cb29df491d2ff94,2025-04-16,2025-W15,Wednesday,Aletrado o arquivo README.md,Alterado,Geral,Não
4c3e99c15b0198060344726287a156f436cb7617,2025-04-14,2025-W15,Monday,Adicionado a pasta 06 - Python Basico,Adicionado,Automation,Não
4ff6831b685ec591e1cbd9d8f99f563bd7a4e032,2025-04-14,2025-W15,Monday,Adicionado a pasta 06 - Python Basico,Adicionado,Automation,Não
f94982555c9472427fcd0695d992fc6f070ca4da,2025-04-14,2025-W15,Monday,Adicionado a pasta 06 - Python Basico,Adicionado,Automation,Não
233c79c296eb82e03c5421fecb40424d72544e32,2025-04-14,2025-W15,Monday,Adicionado a pasta 06 - Python Basico,Adicionado,Automation,Não
86f66aa88f550c9acf0087b6adcff30eaca8897c,2025-04-14,2025-W15,Monday,Adicionado a pasta 06 - Python Basico,Adicionado,Automation,Não
a669d36b963a63269601e6db0c137df55bb4f7ed,2025-04-14,2025-W15,Monday,Adicionado a pasta 06 - Python Basico,Adicionado,Automation,Não
5856840280f6663e74b8b499273c212176660899,2025-04-14,2025-W15,Monday,Adicionado a pasta 06 - Python Basico,Adicionado,Automation,Não
e184ad1d726c8ad83270df3e27520836e2b76b33,2025-04-13,2025-W14,Sunday,Adicionado a pasta 06 - Python Basico,Adicionado,Automation,Não
e5c723bb9240e79ff95a7c2f73eceba5cafb21a6,2025-04-13,2025-W14,Sunday,Adicionado a pasta 06 - Python Basico,Adicionado,Automation,Não
017e41d5e2ceb2fa848e385cbc24de6622110d1c,2025-04-13,2025-W14,Sunday,Adicionado a pasta 06 - Python Basico,Adicionado,Automation,Não
4fb6a50d5b90f358423359cb781e9b4239937938,2025-04-13,2025-W14,Sunday,Adicionado a pasta 06 - Python Basico,Adicionado,Automation,Não
0b59708892ab3d7a07a064510090f6ac41619e09,2025-04-13,2025-W14,Sunday,Adicionado a pasta 06 - Python Basico,Adicionado,Automation,Não
5750aaf154c30f3efd549b3a7fa5c40391edf8bd,2025-04-13,2025-W14,Sunday,Adicionado a pasta 06 - Python Basico,Adicionado,Automation,Não
f4d472e864b39fc30ef5aa0295f32f395c3ef740,2025-04-13,2025-W14,Sunday,Adicionado a pasta 06 - Python Basico,Adicionado,Automation,Não
b4dbddd09e80067cb5c76ebbf20ea9c91fce9cdd,2025-04-13,2025-W14,Sunday,Adicionado a pasta 06 - Python Basico,Adicionado,Automation,Não
cd1a5bda12f92f46863f84fc86f6898f1ce1b12a,2025-04-13,2025-W14,Sunday,Adicionado a pasta 06 - Python Basico,Adicionado,Automation,Não
21f19f4fb652c1102360a5fc9be3dac292dbf218,2025-04-13,2025-W14,Sunday,Adicionado a pasta 06 - Python Basico,Adicionado,Automation,Não
26b21bad158f7c23f8eaf41db08f0ae4ad4d1eef,2025-04-12,2025-W14,Saturday,Alterado o readme.md,Alterado,Geral,Não
f19c875d8e371d436281dd6e1142e9ca6585fd63,2025-04-12,2025-W14,Saturday,Alterado o readme.md,Alterado,Geral,Não
2242856a9ebad68f82f353ecb4f945682a88315d,2025-04-12,2025-W14,Saturday,Alterado o readme.md,Alterado,Geral,Não
03be030b1cd56a67d3ef13158a91aac3688ece4f,2025-04-12,2025-W14,Saturday,Alterado o readme.md,Alterado,Geral,Não
32c8980c9dbf925606b8ea0453a1d661aec9741a,2025-04-12,2025-W14,Saturday,Alterado o readme.md,Alterado,Geral,Não
64473f11c61e577197a30963135ebd7bb86576f9,2025-04-12,2025-W14,Saturday,Alterado o readme.md,Alterado,Geral,Não
cae06f63bd3782a8a19d4a790047dc4601d03508,2025-04-12,2025-W14,Saturday,Alterado o readme.md,Alterado,Geral,Não
29b1fb76aa8b94f1478729a47873f933f5faaee5,2025-04-12,2025-W14,Saturday,Alterado o readme.md,Alterado,Geral,Não
7a13d22b0355fece0d1523bd21f319eb6a173836,2025-04-12,2025-W14,Saturday,Alterado o readme.md,Alterado,Geral,Não
3bb3fb5c5c8b1796de66d76ed32b23f7d4e071cb,2025-04-11,2025-W14,Friday,Alterado o readme.md,Alterado,Geral,Não
31140a9c465da17088acbba162ffe00a4eecd716,2025-04-11,2025-W14,Friday,Alterado o readme.md,Alterado,Geral,Não
9ec5f659f44a2129491f3934ff1d395d58bd8b20,2025-04-11,2025-W14,Friday,Alterado o readme.md,Alterado,Geral,Não
186e69c0a68319a1ed1d7feca3191bf8b649bf36,2025-04-11,2025-W14,Friday,Alterado o readme.md,Alterado,Geral,Não
1447299ddd91520a27186aa714738aec3b170169,2025-04-11,2025-W14,Friday,Alterado o readme.md,Alterado,Geral,Não
c614d004cb300c014ab557fc2540f62e309cef1b,2025-04-11,2025-W14,Friday,Alterado o readme.md,Alterado,Geral,Não
5afa5d0ff9226d9896bb5a8d05ba8fb3debdfefc,2025-04-11,2025-W14,Friday,Alterado o readme.md,Alterado,Geral,Não
4ac2eb50204fc148aae4964dec33d455a53916bc,2025-04-11,2025-W14,Friday,Alterado o readme.md,Alterado,Geral,Não
27fc84c507fc92a2114f359f6e615cfd4ee3fcb8,2025-04-10,2025-W14,Thursday,Alterado o readme.md,Alterado,Geral,Não
526a7c4f5af48c1a3c2a49c9883c3453a112345a,2025-04-10,2025-W14,Thursday,Alterado o readme.md,Alterado,Geral,Não
da6739503766afc6212c881ce06cb59baf51e6f2,2025-04-10,2025-W14,Thursday,Alterado o readme.md,Alterado,Geral,Não
03e809fcab3bb459e35846b3efeb173997628773,2025-04-10,2025-W14,Thursday,Alterado o readme.md,Alterado,Geral,Não
fa17c47c58561658a3dd2dd1330fe9927ce29b95,2025-04-10,2025-W14,Thursday,Alterado o readme.md,Alterado,Geral,Não
d8d6119d1c0b71777c8f428d4354f8e0cb5018b6,2025-04-10,2025-W14,Thursday,Alterado o readme.md,Alterado,Geral,Não
56e38e358e4bc467ebfca95be244b8d450f8810a,2025-04-10,2025-W14,Thursday,Alterado o readme.md,Alterado,Geral,Não
aa74d790f0d321026c01c33074c0cb926f673730,2025-04-10,2025-W14,Thursday,Alterado o readme.md,Alterado,Geral,Não
1bc1df68f465620bb3bd159565b44058bf297451,2025-04-10,2025-W14,Thursday,Alterado o readme.md,Alterado,Geral,Não
85ff233feca684d0ff73d53f088a665ae397c7ac,2025-04-10,2025-W14,Thursday,Alterado o readme.md,Alterado,Geral,Não
15d183c433a1264e893de8a1f1fe85fa355909a0,2025-04-10,2025-W14,Thursday,Alterado o readme.md,Alterado,Geral,Não
d5c678021c4fe69f365b7fdec478114949635ae0,2025-04-10,2025-W14,Thursday,Alterado o readme.md,Alterado,Geral,Não
fb1ab1ec0f372dd6cd13a94028e63a948c35622b,2025-04-10,2025-W14,Thursday,Alterado o readme.md,Alterado,Geral,Não
4e9d218fb7dfe85f9404fc7fa4d7a02c6be6667a,2025-04-09,2025-W14,Wednesday,Alterado o readme.md,Alterado,Geral,Não
4d93185d3ccb6bebb80c99309e1f1fe374203c85,2025-04-09,2025-W14,Wednesday,Alterado o readme.md,Alterado,Geral,Não
7d605291168c7e3cc2608f0f5f253cc466db13fe,2025-04-09,2025-W14,Wednesday,Alterado o readme.md,Alterado,Geral,Não
9f969fff9b404534c80104ba7d3318a6cae330b3,2025-04-09,2025-W14,Wednesday,Alterado o readme.md,Alterado,Geral,Não
fe95462e0690decd1913e1d7464c34aedfc2c919,2025-04-09,2025-W14,Wednesday,Alterado o readme.md,Alterado,Geral,Não
94aa5f41768daba98eff0502c11e5f4ac796b7a4,2025-04-09,2025-W14,Wednesday,Alterado o readme.md,Alterado,Geral,Não
fc2e70b8d8cdc2aff23c7d2b09aa119b7ec03e86,2025-04-09,2025-W14,Wednesday,Alterado o readme.md,Alterado,Geral,Não
ed82cab2061e2b5b8a69985a91af937d75783d48,2025-04-09,2025-W14,Wednesday,Alterado o readme.md,Alterado,Geral,Não
548eed49f5670923e98052bc8e650cb2af48aae3,2025-04-09,2025-W14,Wednesday,Alterado o readme.md,Alterado,Geral,Não
de9e2b7ae1481a64a775708de25231995d2a0cbb,2025-04-09,2025-W14,Wednesday,Alterado o readme.md,Alterado,Geral,Não
f3380aa004a49e5adf868e3a8d718dd3ac27b0e1,2025-04-09,2025-W14,Wednesday,Alterado o readme.md,Alterado,Geral,Não
111eea4243b9d9ce4e7a8b6ce82382e1a9aa64d3,2025-04-09,2025-W14,Wednesday,adicionado a pasta 05- Python - Ambientes virtuais,Adicionado,Automation,Não
cc6e8ddaafd3ff5b8e484c9eb6f6f9fcfbef8083,2025-03-30,2025-W12,Sunday,Alterado o arquivo Readme.md,Alterado,Geral,Não
d7acc58094f9ac022b42fabc97be44a2f34af15d,2025-03-30,2025-W12,Sunday,Alterado o arquivo Readme.md,Alterado,Geral,Não
90c6ad6de1859d48726809ea7cc3dc99e32b5adc,2025-03-30,2025-W12,Sunday,Alterado o arquivo Readme.md,Alterado,Geral,Não
67ad2adbcb60b198d7b15b245bca6baa26575e2a,2025-03-30,2025-W12,Sunday,Alterado o arquivo Readme.md,Alterado,Geral,Não
6dd314797749c65a6c6564e25f8dffe1b70560c6,2025-03-30,2025-W12,Sunday,Alterado o arquivo Readme.md,Alterado,Geral,Não
2be20265753ab70a4f4493eb9d08ff8aaeccb52b,2025-03-30,2025-W12,Sunday,Alterado o arquivo Readme.md,Alterado,Geral,Não
f1ae48a152567963b7d874b52bdea35b35a78626,2025-03-30,2025-W12,Sunday,Alterado o arquivo Readme.md,Alterado,Geral,Não
5ba15fb7dec4d6ae675e01ebcd6812710e734ec8,2025-03-29,2025-W12,Saturday,Alterado o arquivo Readme.md,Alterado,Geral,Não
5561aa90f7f4c4c46b0b519bafb766122ad57366,2025-03-29,2025-W12,Saturday,Alterado o arquivo Readme.md,Alterado,Geral,Não
60be5108e73bfe1475107f463c5cd3932e998204,2025-03-28,2025-W12,Friday,Alterado o arquivo Readme.md,Alterado,Geral,Não
06c9204f16abb3eeda93649d0780beef9deb9dac,2025-03-28,2025-W12,Friday,Alterado o arquivo Readme.md,Alterado,Geral,Não
d232a38189652c864404b7ab3e269707b975f150,2025-03-28,2025-W12,Friday,Alterado o arquivo Readme.md,Alterado,Geral,Não
5bb74ee4a58ac175103a6be37672c30efabb77ce,2025-03-28,2025-W12,Friday,Alterado o arquivo Readme.md,Alterado,Geral,Não
cb5b618edfcf9ac3b06c102e0346f6d5c5cd915b,2025-03-28,2025-W12,Friday,Alterado o arquivo Readme.md,Alterado,Geral,Não
e3f6a5e9b6f0818885d789d45c11a401eaa5a377,2025-03-28,2025-W12,Friday,Alterado o arquivo Readme.md,Alterado,Geral,Não
afe74ad41f71a441cdf39b80f02ca73b7208c73d,2025-03-28,2025-W12,Friday,Alterado o arquivo Readme.md,Alterado,Geral,Não
a49213180ff0eabd9f94f957754c2ba7e52a03ed,2025-03-28,2025-W12,Friday,Alterado o arquivo Readme.md,Alterado,Geral,Não
0becf4ef515d7dee59e889253f60d33ab57889cc,2025-03-28,2025-W12,Friday,Alterado o arquivo Readme.md,Alterado,Geral,Não
a328ef632643bd4f11e9798856b454b30cb648ae,2025-03-28,2025-W12,Friday,Alterado o arquivo Readme.md,Alterado,Geral,Não
7210b22c1270da8bd48c61c3d0daae361ad50108,2025-03-28,2025-W12,Friday,Alterado o arquivo Readme.md,Alterado,Geral,Não
1e89281292c2933a20987846ce0f4f6be4c9ae05,2025-03-28,2025-W12,Friday,Alterado o arquivo Readme.md,Alterado,Geral,Não
fa870e3bb2d623a1bcf49b096112d361c29a00b6,2025-03-28,2025-W12,Friday,Alterado o arquivo Readme.md,Alterado,Geral,Não
20079002198962cf8a9ccd9ee0b23b59463a7e6c,2025-03-28,2025-W12,Friday,Adicionado a pasta 04 - IDE -Vscode,Adicionado,Geral,Não
31c242849b047d03352cf1aab92b6208035acbe3,2025-03-28,2025-W12,Friday,Alterado o arquivo Readme.md,Alterado,Geral,Não
e26327f9f6eb8c59a1b4bdce7811dc361b172ba2,2025-03-28,2025-W12,Friday,Alterado o arquivo Readme.md,Alterado,Geral,Não
3eb35ea0cf33c807c7354a011bcbd45028ccf116,2025-03-27,2025-W12,Thursday,Alterado o nome da pasta 03 - IDEs para 03 - IDE - Notpad++.md,Alterado,Geral,Não
f79baf05291a4b2ff156ff1c3a413a0e279d0a4f,2025-03-27,2025-W12,Thursday,Alterado o arquivo Readme.md,Alterado,Geral,Não
52bac8172d5480dcb290af18a5036f7aceb50b44,2025-03-27,2025-W12,Thursday,Alterado o arquivo Readme.md,Alterado,Geral,Não
fd2848386338fae774bf90f4732516ad47cbcef7,2025-03-27,2025-W12,Thursday,Alterado o arquivo Readme.md,Alterado,Geral,Não
e5c2649cd6c2fd46417582507e8fc502c41d4894,2025-03-26,2025-W12,Wednesday,Alterado o arquivo Readme.md,Alterado,Geral,Não
4d9dccbbb56ccab7a51a101b31deeeed0d71501c,2025-03-26,2025-W12,Wednesday,Alterado o arquivo Readme.md,Alterado,Geral,Não
048fc844c72b42fb230a39daf72c40c8870182f4,2025-03-26,2025-W12,Wednesday,Alterado o arquivo Readme.md,Alterado,Geral,Não
10e5be3da07103f0d136977840a0352216841966,2025-03-26,2025-W12,Wednesday,Alterado o arquivo Readme.md,Alterado,Geral,Não
f68dea43f64e1a99d467c9d74f085304a4e9fb35,2025-03-26,2025-W12,Wednesday,Alterado o arquivo Readme.md,Alterado,Geral,Não
278b5d909fb2bb256a5cf72ff6a2e743c577f7dc,2025-03-26,2025-W12,Wednesday,Alterado o arquivo Readme.md,Alterado,Geral,Não
cbf1d3707c9282e953fce95f3848772a53410a7c,2025-03-26,2025-W12,Wednesday,Alterado o arquivo Readme.md,Alterado,Geral,Não
61dafbfc8a79424f0199c0c1da7e99666585efe4,2025-03-26,2025-W12,Wednesday,Alterado o arquivo Readme.md,Alterado,Geral,Não
72f92274f7a08cb099a24466ba5a69c0c578178a,2025-03-26,2025-W12,Wednesday,Alterado o arquivo Readme.md,Alterado,Geral,Não
2d8f35ae8f37ced2662c0e35d2845042082ca66b,2025-03-26,2025-W12,Wednesday,Alterado o arquivo Readme.md,Alterado,Geral,Não
f103814beb714469ffcd5fd989fa223958ec95af,2025-03-26,2025-W12,Wednesday,Alterado o arquivo Readme.md,Alterado,Geral,Não
96120e3780567f164d11724b09e58ca6d8743e50,2025-03-26,2025-W12,Wednesday,Alterado o arquivo Readme.md,Alterado,Geral,Não
49c0c22d78b6940dc45b7e728cbe356555383f43,2025-03-26,2025-W12,Wednesday,Alterado o arquivo Readme.md,Alterado,Geral,Não
9834857d78f1a4997f5495326811c045dd797067,2025-03-26,2025-W12,Wednesday,Alterado o arquivo Readme.md,Alterado,Geral,Não
3b56064f656303f20bd514eeffdc8d970cb831ec,2025-03-26,2025-W12,Wednesday,Alterado o arquivo Readme.md,Alterado,Geral,Não
8ede7e269068aa671bd44ab1bd2b37d91f071204,2025-03-26,2025-W12,Wednesday,Alterado o arquivo Readme.md,Alterado,Geral,Não
44487d012cf1e126e4b856d4e17f9f72fcd250c3,2025-03-26,2025-W12,Wednesday,Alterado o arquivo Readme.md,Alterado,Geral,Não
8a680cf2101160da2cf0f8f3f732db5a1bbf9738,2025-03-26,2025-W12,Wednesday,Alterado o arquivo Readme.md,Alterado,Geral,Não
f8691254b57194da5b16c60f0d51b796c8c7c907,2025-03-26,2025-W12,Wednesday,Alterado o arquivo Readme.md,Alterado,Geral,Não
00652fdf18a6085f16c9e4ac753827399d10d59f,2025-03-26,2025-W12,Wednesday,Alterado o arquivo Readme.md,Alterado,Geral,Não
42249068f4838755e55686e55f78dc47bdb9befd,2025-03-26,2025-W12,Wednesday,Alterado o arquivo Readme.md,Alterado,Geral,Não
396d288dbec5d049adcbb273d144f5609890900a,2025-03-26,2025-W12,Wednesday,Adicionado a pasta IDEs e Alterado o arquivo Readme.md,Adicionado,Geral,Não
80bdb5d8739e9f8c4f625c11860da1646005a503,2025-03-26,2025-W12,Wednesday,Adicionado a pasta IDEs e Alterado o arquivo Readme.md,Adicionado,Geral,Não
8064897513c9556bd8d6e87b53dc56d36f3ac1ee,2025-03-25,2025-W12,Tuesday,Alterado o arquivo Readme.md,Alterado,Geral,Não
c81c7f8dfc56d80fc261e468423f80140ff7250e,2025-03-25,2025-W12,Tuesday,Alterado o arquivo Readme.md,Alterado,Geral,Não
35e1badd2ffb4636158d9a39ce090d678f5bcc35,2025-03-25,2025-W12,Tuesday,Alterado o arquivo Readme.md,Alterado,Geral,Não
8983eebb9cbb112b4d6b331bb2e96fa46db358c3,2025-03-25,2025-W12,Tuesday,Alterado o arquivo Readme.md,Alterado,Geral,Não
e549ceabc50104c04f121898bae2704118c52b02,2025-03-25,2025-W12,Tuesday,Alterado o arquivo Readme.md,Alterado,Geral,Não
08120fcd003dafcb7f7bdb1076c2af65a4fcc650,2025-03-25,2025-W12,Tuesday,Alterado o arquivo Readme.md,Alterado,Geral,Não
b0b3025ec61e7601b02925f6a1081911f73461fd,2025-03-25,2025-W12,Tuesday,Alterado o arquivo Readme.md,Alterado,Geral,Não
17c8c6bffca2e55ac90f019e6b9b35b08ee99bb1,2025-03-25,2025-W12,Tuesday,Alterado o arquivo Readme.md,Alterado,Geral,Não
50fa868fc61bb4d9d0b439c0f7f013a6653032f6,2025-03-25,2025-W12,Tuesday,Alterado o arquivo Readme.md,Alterado,Geral,Não
45bb1dc7428a9fae9b08a890cbeda7b2af6c769d,2025-03-25,2025-W12,Tuesday,Alterado o arquivo Readme.md,Alterado,Geral,Não
d9eca401df476b42fffd15b1785918333e54c42e,2025-03-25,2025-W12,Tuesday,Acertado estrutura de pastas.,Acertado,Geral,Não
b98e7a53b622618a6117d3d350bea5ce0525c7c9,2025-03-24,2025-W12,Monday,Acertado estrutura de pastas.,Acertado,Geral,Não
e257b10e339637921df2706c7dac174a8ef606ab,2025-03-24,2025-W12,Monday,Acertado estrutura de pastas.,Acertado,Geral,Não
cdf7904c3fdc9fc40feb4fe645043ee7f98b1d8f,2025-03-24,2025-W12,Monday,Acertado estrutura de pastas.,Acertado,Geral,Não
ba3430916dfa8f0181dfdf5a533e1ea432b88d95,2025-03-24,2025-W12,Monday,Acertado estrutura de pastas.,Acertado,Geral,Não
a252c20826d96d1882670f26d0ff963997594bb4,2025-03-24,2025-W12,Monday,Acertado estrutura de pastas.,Acertado,Geral,Não
c9b1c544db8b6737c19ddef099499c1932f13c64,2025-03-24,2025-W12,Monday,Acertado estrutura de pastas.,Acertado,Geral,Não
506f591e508baecd6888b85e601f5fa0802aff19,2025-03-24,2025-W12,Monday,Acertado estrutura de pastas.,Acertado,Geral,Não
1c1ec44eb087be2d23e7c5cd50d4258e36eafcf3,2025-03-24,2025-W12,Monday,Acertado estrutura de pastas.,Acertado,Geral,Não
3a18ee163c777049eb485b9aef29f21d9e5e6e17,2025-03-24,2025-W12,Monday,Alterado o Readme.md,Alterado,Geral,Não
d6008f93e3392fc2c196ad776eef753fc2a12288,2025-03-24,2025-W12,Monday,Alterado o Readme.md,Alterado,Geral,Não
de95f683b326027c4a6ba59befc253c47738316f,2025-03-24,2025-W12,Monday,Alterado o Readme.md da sessão Python,Alterado,Automation,Não
be6f14762e2dc9640488afdfd7c86716ba2f74d1,2025-03-24,2025-W12,Monday,Alterado o Readme.md da sessão Python,Alterado,Automation,Não
bca4baae9014e9a741e11cca6c8963e1ac649020,2025-03-24,2025-W12,Monday,Alterado o Readme.md,Alterado,Geral,Não
eee0723f31919fd8b5d4773a2e7732e53ab70907,2025-03-24,2025-W12,Monday,Alterado o Readme.md,Alterado,Geral,Não
2e4de5b3c9b27b7f6586c497464c3d22003551db,2025-03-24,2025-W12,Monday,Alterado o Readme.md,Alterado,Geral,Não
0dacaa86430f138e1aa76addbcfb8268b2d017ef,2025-03-24,2025-W12,Monday,Alterado o Readme.md,Alterado,Geral,Não
40cbebd03c216ef4553019af58919d54a0f0b38a,2025-03-24,2025-W12,Monday,Alterado o Readme.md,Alterado,Geral,Não
7822a30e194168d098dc54d0c56cabac23e77e86,2025-03-24,2025-W12,Monday,Alterado o Readme.md,Alterado,Geral,Não
cce4ea238e1fdc767b4dbab04032350b4268e388,2025-03-24,2025-W12,Monday,Alterado o Readme.md,Alterado,Geral,Não
6112d81f0caaf1005a0d813fd593ffdf626c314a,2025-03-24,2025-W12,Monday,Alterado o Readme.md,Alterado,Geral,Não
fe3ce800b9a12ea9a7f5630ea385563bf1e01d15,2025-03-24,2025-W12,Monday,Alterado o Readme.md,Alterado,Geral,Não
4e01255e88274b2e087da54ce6ced8508b06a0b4,2025-03-24,2025-W12,Monday,Alterado o Readme.md,Alterado,Geral,Não
98a5525aec157877238744084cd7836e3eecf4bc,2025-03-22,2025-W11,Saturday,Alterado o Readme.md,Alterado,Geral,Não
a1b69b9941d9a621742b7a8d8c8e766ebfd131c3,2025-03-22,2025-W11,Saturday,Alterado o Readme.md,Alterado,Geral,Não
5ea506ba2083292c69b799d16c0adafb13b50371,2025-03-21,2025-W11,Friday,Alterado o Readme.md,Alterado,Geral,Não
3ff68cd8bcc47aa8fbb2c0baae86ce2cab5ea7a0,2025-03-21,2025-W11,Friday,Alterado o Readme.md,Alterado,Geral,Não
5cef72de77e95801d5b544f0e69e521ca8797ef7,2025-03-21,2025-W11,Friday,Alterado o Readme.md,Alterado,Geral,Não
7b4bbc3c127f49ba405247048c4ebefc698ab649,2025-03-21,2025-W11,Friday,Alterado o Readme.md,Alterado,Geral,Não
fe3eed5c938886b5b60e60de706142d4b1d6831b,2025-03-21,2025-W11,Friday,Alterado o Readme.md,Alterado,Geral,Não
2db5e71d5facd5c51cb1bfafa807bbef7d47ec8f,2025-03-21,2025-W11,Friday,Alterado o Readme.md,Alterado,Geral,Não
d48032be2e2efd2e37b71de7090a31daa559140e,2025-03-21,2025-W11,Friday,Alterado o Readme.md,Alterado,Geral,Não
2f54a565900c4f0441d4192494a7ea40a8f9b29a,2025-03-20,2025-W11,Thursday,Alterado o Readme.md,Alterado,Geral,Não
b2ae797dbb774596fa0ab2bbd41038e4dd7e71b4,2025-03-20,2025-W11,Thursday,Alterado o Readme.md,Alterado,Geral,Não
d1c910efc31281de02ae63ed07071222f4671252,2025-03-20,2025-W11,Thursday,Alterado o Readme.md,Alterado,Geral,Não
8c0e144c6b0f743ae013aee4c4bc5c8d26c8b813,2025-03-20,2025-W11,Thursday,Alterado o Readme.md,Alterado,Geral,Não
5928f07466fa882b3f6f2ff767fc8ec892fdb29f,2025-03-20,2025-W11,Thursday,Alterado o Readme.md,Alterado,Geral,Não
34e469e2f8f6e464247b511d87642f935cd51d58,2025-03-20,2025-W11,Thursday,Alterado o Readme.md,Alterado,Geral,Não
6a01dce59c3085666af0d491d841ebe0e3ba0a73,2025-03-20,2025-W11,Thursday,Alterado o Readme.md,Alterado,Geral,Não
307bc763a3a486f2f41f57be7a0624288b4dd053,2025-03-20,2025-W11,Thursday,Alterado o Readme.md,Alterado,Geral,Não
8927ebc819bf39f31df3a95c162b18d7d4c743dd,2025-03-20,2025-W11,Thursday,Alterado o Readme.md,Alterado,Geral,Não
8f1c7bbedba477b8436462727a5c3e6ef454412a,2025-03-20,2025-W11,Thursday,Alterado o Readme.md,Alterado,Geral,Não
3205147afc858d4353033d34d6a352be8527677e,2025-03-20,2025-W11,Thursday,Alterado o Readme.md,Alterado,Geral,Não
735ae30f683637a8f9ec9503fbb4e296bde60778,2025-03-20,2025-W11,Thursday,Alterado o Readme.md,Alterado,Geral,Não
b6ce789c1edcc18aa3858b3f3f8ff6e81bc6aa2a,2025-03-20,2025-W11,Thursday,Alterado o Readme.md,Alterado,Geral,Não
8b63d37316e0f075a6d982d0d0e6a395b21e1b20,2025-03-20,2025-W11,Thursday,Alterado o Readme.md,Alterado,Geral,Não
66304328cc1ce2f1085d9cfd0d667375cab8338b,2025-03-20,2025-W11,Thursday,Alterado o Readme.md,Alterado,Geral,Não
0936b1dbeee01107575bbc35d4b9162a939cdb1c,2025-03-20,2025-W11,Thursday,Alterado o Readme.md,Alterado,Geral,Não
b600d104f39ff482bdf3e2541687d4de89b58919,2025-03-20,2025-W11,Thursday,Alterado o Readme.md,Alterado,Geral,Não
cbdb7ea7972ae3852f07f088ee2819998faeff28,2025-03-20,2025-W11,Thursday,Alterado o Readme.md,Alterado,Geral,Não
7e762d242b4bb099a8a19ca28fa96199b64b64a9,2025-03-20,2025-W11,Thursday,Alterado o Readme.md,Alterado,Geral,Não
661d451dc7b2fef30c3679319aa0fdccc25a891c,2025-03-20,2025-W11,Thursday,Alterado o Readme.md,Alterado,Geral,Não
2da1cae851aab36d665ad6ae08b7a0d404cb3cac,2025-03-20,2025-W11,Thursday,Alterado o Readme.md,Alterado,Geral,Não
da85d5c65e5b7b16da3ef0aef4d0987c4587d486,2025-03-20,2025-W11,Thursday,Alterado o Readme.md,Alterado,Geral,Não
e911a13a29638fab0fa73c8ede68bfe87b6a4a76,2025-03-20,2025-W11,Thursday,Alterado o Readme.md,Alterado,Geral,Não
f50d219572ad71e7d52c621ff0e23f321f6025b5,2025-03-20,2025-W11,Thursday,Alterado o Readme.md,Alterado,Geral,Não
cec4cd1abf5e326e7fc26fa8ec4f17210a7c735f,2025-03-20,2025-W11,Thursday,Alterado o Readme.md,Alterado,Geral,Não
c9f15cf4f87329a9e26f2c033876920906628073,2025-03-20,2025-W11,Thursday,Alterado o Readme.md,Alterado,Geral,Não
4b4ac81f15da78bee6e06e8b91900ab87db0a636,2025-03-20,2025-W11,Thursday,Alterado o Readme.md,Alterado,Geral,Não
90f826d7c30ca8bea9b697e0e38eee429cb3ca2f,2025-03-20,2025-W11,Thursday,Alterado o Readme.md,Alterado,Geral,Não
3e874a00ddc243e643ce7c82900951bab52f5e04,2025-03-16,2025-W10,Sunday,Alterado o Readme.md,Alterado,Geral,Não
4083084ad902e3b2e259403287226e2eff233945,2025-03-16,2025-W10,Sunday,Alterado o Readme.md,Alterado,Geral,Não
c5fe7e772a415809cfc5a7c5102c3c55cf7e5196,2025-03-16,2025-W10,Sunday,Alterado o Readme.md,Alterado,Geral,Não
772b87bc67df3bf48d5cedb1d60b193ba15c5da6,2025-03-16,2025-W10,Sunday,Alterado o Readme.md,Alterado,Geral,Não
f6fd693aecf50825dbb9751c5a1fb8e6f7bb2c51,2025-03-15,2025-W10,Saturday,Alterado o Readme.md,Alterado,Geral,Não
88d7f72ec1a9c026ea56b8ebef5742f476baa4c5,2025-03-15,2025-W10,Saturday,Alterado o Readme.md,Alterado,Geral,Não
125c2ba457626c35087dae034c73e1bf77de6144,2025-03-15,2025-W10,Saturday,Alterado o Readme.md,Alterado,Geral,Não
35a5b047182a186457b3473aec91628402584bbd,2025-03-15,2025-W10,Saturday,Alterado o Readme.md,Alterado,Geral,Não
d7727dff1ccf712bf3627a19d25a438d5894c932,2025-03-15,2025-W10,Saturday,Alterado o Readme.md,Alterado,Geral,Não
5fa773a671ceb8e9eebc34cbcc4a8fed8f7ae7cb,2025-03-15,2025-W10,Saturday,Alterado o Readme.md,Alterado,Geral,Não
4c7158113fb60d3d44e7d0d97832d1e69d105f4d,2025-03-15,2025-W10,Saturday,Alterado o Readme.md,Alterado,Geral,Não
c03e4ebdf33d349e4c339c3651b92a68ee65ff5d,2025-03-15,2025-W10,Saturday,Alterado o Readme.md,Alterado,Geral,Não
29966db068204a7964321702369b83d39273f980,2025-03-15,2025-W10,Saturday,Alterado o Readme.md,Alterado,Geral,Não
c616c329efe27db1f35c73a3b7f1fb571f91e407,2025-03-15,2025-W10,Saturday,Alterado o Readme.md,Alterado,Geral,Não
bd4404b93a39b90af69f246c102863896bd874d2,2025-03-15,2025-W10,Saturday,Alterado o Readme.md,Alterado,Geral,Não
036c8b069b0cbdd6cd43c722f9a2268c7ca6872d,2025-03-15,2025-W10,Saturday,Alterado o Readme.md,Alterado,Geral,Não
0205c518aa6e489b64d701acee0dfd6071e784d3,2025-03-15,2025-W10,Saturday,Alterado o Readme.md,Alterado,Geral,Não
0d094b45472a392e5840c9a5a4b691077e4cc621,2025-03-15,2025-W10,Saturday,Alterado o Readme.md,Alterado,Geral,Não
381db85cdf49f58097fa7b2867709cd7f985bdea,2025-03-15,2025-W10,Saturday,Alterado o Readme.md,Alterado,Geral,Não
d12aeeb8fac1fedd7c88c01a6afcd56d1c466034,2025-03-15,2025-W10,Saturday,Alterado o Readme.md,Alterado,Geral,Não
b4e04b9edfa74df032f9b52a35bdbcbafda6ffbc,2025-03-15,2025-W10,Saturday,Alterado o Readme.md,Alterado,Geral,Não
0d05c31d0196b97072febd8834a9e4dda5f8a048,2025-03-15,2025-W10,Saturday,Alterado o Readme.md,Alterado,Geral,Não
afa308f5dab0beb41641a6ea4743558a9b2a8eaa,2025-03-15,2025-W10,Saturday,Alterado o Readme.md,Alterado,Geral,Não
a84c67d3a722378c008c76279f57ec131c0c4c27,2025-03-15,2025-W10,Saturday,Removido imagens,Removido,Geral,Não
6317228be782e74e7c19fe43943962fb126fae6b,2025-03-15,2025-W10,Saturday,Adicionado a pasta 03 - SSH Configuracoes e Hardenering,Adicionado,Geral,Não
855ed83a8b02f1843921a83eb1e7befaf1905c9c,2025-03-15,2025-W10,Saturday,Alterado o Readme.md,Alterado,Geral,Não
b37e0d2553462c87975943fb4e345b9735876857,2025-03-15,2025-W10,Saturday,Alterado o Readme.md,Alterado,Geral,Não
67afc76ac58800ad3cc1b30f72ca010d9b1b668a,2025-03-15,2025-W10,Saturday,Alterado o Readme.md,Alterado,Geral,Não
085c43fe73c5a61008bfc459a80154d48acd0f79,2025-03-15,2025-W10,Saturday,Alterado o Readme.md,Alterado,Geral,Não
d2035616d2b544296a5a6f3d58d367e2ef708f3c,2025-03-15,2025-W10,Saturday,Alterado o Readme.md,Alterado,Geral,Não
a0f31a23e195913e740b267cc6875723f064d4f9,2025-03-15,2025-W10,Saturday,Alterado o Readme.md,Alterado,Geral,Não
a7f4f208a316c547960a8f48751e4187c7ad2bb9,2025-03-14,2025-W10,Friday,Alterado o Readme.md,Alterado,Geral,Não
d72b086fd8ae62db963a2011499d682a7ee4cdfe,2025-03-14,2025-W10,Friday,Alterado o Readme.md,Alterado,Geral,Não
ada69b52756b6eeebda7ba5d61920d0d82a9b32c,2025-03-10,2025-W10,Monday,Alterado o Readme.md,Alterado,Geral,Não
742e48ce486b8e83ec4c9e3e6c397fb26a47b84a,2025-03-10,2025-W10,Monday,Alterado o Readme.md,Alterado,Geral,Não
bb2118507f08eeef4b81a1b78471cc03e91a7097,2025-03-10,2025-W10,Monday,Alterado o Readme.md,Alterado,Geral,Não
ecea227e51e0585c9d02a241cdae5405edbd2b57,2025-03-10,2025-W10,Monday,Alterado o Readme.md,Alterado,Geral,Não
dbaa19a1dd33394fb13389c0137d947e77b0824c,2025-03-10,2025-W10,Monday,Alterado o Readme.md,Alterado,Geral,Não
f3fb210b3facf93dfce99edaeff13d1879affd6c,2025-03-10,2025-W10,Monday,Alterado o Readme.md,Alterado,Geral,Não
c3da8ef1696d4f61f7154aaadaef7928f1471f2d,2025-03-10,2025-W10,Monday,Alterado o Readme.md,Alterado,Geral,Não
dbfd6c7bc3af1726c0b383e85abee413cdb7a0e5,2025-03-06,2025-W09,Thursday,Alterado o Readme.md,Alterado,Geral,Não
7aca63416fda1c1fc2e94711aef21542f59b244e,2025-03-06,2025-W09,Thursday,Alterado o Readme.md,Alterado,Geral,Não
dcef61d8ffe693a6e6d11100ff0d7a0dfaef897e,2025-03-06,2025-W09,Thursday,Alterado o Readme.md,Alterado,Geral,Não
003117e3ed3b672de1e321fd2d73355a5ec6f321,2025-03-06,2025-W09,Thursday,Alterado o Readme.md,Alterado,Geral,Não
78f5ffae49988b9c8a9fcfb0f4ce11bf74ba6ff5,2025-03-06,2025-W09,Thursday,Alterado o Readme.md,Alterado,Geral,Não
e363f854e6ba2451f12c9ecfe6ec008f6eb85557,2025-03-06,2025-W09,Thursday,Alterado o Readme.md,Alterado,Geral,Não
3f8846cc4ce49412ba31ea6d3f385c6104cf5b38,2025-03-06,2025-W09,Thursday,Alterado o Readme.md,Alterado,Geral,Não
4b14bf539bc493d7ae7035c7518e50b4aa3ec39f,2025-03-06,2025-W09,Thursday,Alterado o Readme.md,Alterado,Geral,Não
c63ab94e3c1a8de27f55a82ea1b0a743734b03d4,2025-03-06,2025-W09,Thursday,Alterado o Readme.md,Alterado,Geral,Não
eac74bd184e7a8b818adc0a1cf61c7247b88c5c0,2025-03-06,2025-W09,Thursday,Alterado o Readme.md,Alterado,Geral,Não
aff9fbf7dd5d47482b0848dd8d37396142a453d0,2025-03-06,2025-W09,Thursday,Alterado o Readme.md,Alterado,Geral,Não
28f4760f614cb518652f1ebc663364416dfea173,2025-03-06,2025-W09,Thursday,Alterado o Readme.md,Alterado,Geral,Não
9d9c24cdf0cb903bd987018521f03d3223933cc5,2025-03-06,2025-W09,Thursday,Alterado o Readme.md,Alterado,Geral,Não
dfa9738e084bdecf35bcfbdda2fd8edb61ec5cd3,2025-03-06,2025-W09,Thursday,Alterado o Readme.md,Alterado,Geral,Não
04537ca76b956a31622705dd2ecad1a42c708f99,2025-03-06,2025-W09,Thursday,Alterado o Readme.md,Alterado,Geral,Não
cc2e2679b0660811c80c51dfb03d9cda19677dda,2025-03-06,2025-W09,Thursday,Alterado o Readme.md,Alterado,Geral,Não
b69d254e15772c6b8547a351ef83b0e7e5a2052b,2025-03-06,2025-W09,Thursday,Alterado o Readme.md,Alterado,Geral,Não
33b0f581c772a4615cdc3f92611b90d320e3a31e,2025-03-05,2025-W09,Wednesday,Alterado o Readme.md,Alterado,Geral,Não
890c064ab55e2f8727b0dd4c54e11a0954078d69,2025-03-05,2025-W09,Wednesday,Alterado o Readme.md,Alterado,Geral,Não
d2bca72580b4d1811d21c25ea1de15bb28371a29,2025-03-05,2025-W09,Wednesday,Alterado o Readme.md,Alterado,Geral,Não
b4cc55d53654b7a186faefe6ecdbf533de593e54,2025-03-05,2025-W09,Wednesday,Alterado o Readme.md,Alterado,Geral,Não
cd82733595f3ca7ef41ccbd8026bfe2b2242274a,2025-03-05,2025-W09,Wednesday,Alterado o Readme.md,Alterado,Geral,Não
1c300e34f76c84f3e9f56bcf3bcb07328f1e71c0,2025-03-05,2025-W09,Wednesday,Alterado o Readme.md,Alterado,Geral,Não
d7acf73eb7ae9225577331ccef957f84a3f610c1,2025-03-05,2025-W09,Wednesday,Alterado o Readme.md,Alterado,Geral,Não
386442b7ef04b41490c840a544642fe983d9b35b,2025-03-05,2025-W09,Wednesday,Acertado pastas de servicos. Adicionado pasta telnet e pasta ssh,Acertado,Geral,Não
962f5901c995ede6ca8cd1a53a71cb6297d31336,2025-03-04,2025-W09,Tuesday,Alterado o reademe.md,Alterado,Geral,Não
6518a6ffe87a75a9d32945d58e43e8feb5c60d8d,2025-03-04,2025-W09,Tuesday,Alterado o reademe.md,Alterado,Geral,Não
f67f7b817f490991c0a505a93a1a6c1225aa3397,2025-03-04,2025-W09,Tuesday,Alterado o reademe.md,Alterado,Geral,Não
dc791015b607d33b3858e2050e0e2492287a966a,2025-03-04,2025-W09,Tuesday,Alterado o reademe.md,Alterado,Geral,Não
e81214de0e10c909cc8ac46e354997db7d5a0444,2025-03-04,2025-W09,Tuesday,Alterado o reademe.md,Alterado,Geral,Não
77496f6cd189c33e4b6bf5a747f5e2ed6ce5d2a9,2025-03-04,2025-W09,Tuesday,Alterado o reademe.md,Alterado,Geral,Não
80fd9e8b011db07c161dbe5e2dc3efd7bf6d7c7f,2025-03-04,2025-W09,Tuesday,Alterado o reademe.md,Alterado,Geral,Não
02c17c36a25679c57f11544025bfe48089deb838,2025-03-04,2025-W09,Tuesday,Alterado o reademe.md,Alterado,Geral,Não
b36dee07441219cd66e937fe68e5cb17a563f4b5,2025-03-04,2025-W09,Tuesday,Alterado o reademe.md,Alterado,Geral,Não
90fb738cfec47b5130ca2ff7ffe5b4dc81379d61,2025-03-04,2025-W09,Tuesday,Alterado o reademe.md,Alterado,Geral,Não
a9748c79da06391433060142184711335b45e901,2025-03-04,2025-W09,Tuesday,Alterado o reademe.md,Alterado,Geral,Não
cf91fa7ae2f19dd1fad987fa81b769eecb137bbd,2025-03-04,2025-W09,Tuesday,Alterado o reademe.md,Alterado,Geral,Não
5b5c7e01331fb471737cf78c77094613594fb234,2025-03-04,2025-W09,Tuesday,Alterado o reademe.md,Alterado,Geral,Não
ce59db4a8ce68284dbaf0a63778ebcd1436d2395,2025-03-03,2025-W09,Monday,Alterado o nome da pasta de 02 - Protocolos para 02 - Servicos,Alterado,Geral,Não
d3c5b6f7631cb0b5eedd5c954994126bd4905d8e,2025-03-03,2025-W09,Monday,Alterado o reademe.md,Alterado,Geral,Não
471447e873a6e7753b1b9926e9f05b97fd0b87f6,2025-03-03,2025-W09,Monday,Alterado o reademe.md,Alterado,Geral,Não
c69748ccce5c38510320e4bf7ea3070efb7ec117,2025-03-03,2025-W09,Monday,Alterado o reademe.md,Alterado,Geral,Não
9684bcc4e51c5b8317075124b25c9de3e787935e,2025-03-03,2025-W09,Monday,Alterado o reademe.md,Alterado,Geral,Não
692e9d0a9022f8d044c0cc8f43b2b336ed2c3bb9,2025-03-03,2025-W09,Monday,Alterado o reademe.md,Alterado,Geral,Não
6b2135a5d524e1b09354b6982cdbe9fb531e4153,2025-03-03,2025-W09,Monday,Alterado o reademe.md,Alterado,Geral,Não
fabc42db491aa9829548e9e1fc4976b6c2e3cc27,2025-03-03,2025-W09,Monday,Adicionado as pastas 01 - Introducao e revisao e 02 - Python dentro de automacao,Adicionado,Automation,Não
c5529d78b524bb587527ca9aca4736b75ee03fce,2025-01-30,2025-W04,Thursday,Alterado o reademe.md,Alterado,Geral,Não
914d95544b86b65fb19c138cf3815a2c8682de7b,2025-01-30,2025-W04,Thursday,Alterado o reademe.md,Alterado,Geral,Não
4c45660567f4724d93db76046dd3f80fad81520c,2025-01-30,2025-W04,Thursday,Alterado o reademe.md,Alterado,Geral,Não
cae2f29ed9f7a54d4d0bba8db3c9dc532ed26fda,2025-01-30,2025-W04,Thursday,Alterado o reademe.md,Alterado,Geral,Não
12c5fd94ae9bf3dbc1da5dc801eb3fa49adb72a9,2025-01-30,2025-W04,Thursday,Alterado o reademe.md,Alterado,Geral,Não
19dc9d39042b2f161b4310afa6d482c7f38e4875,2025-01-30,2025-W04,Thursday,Alterado o reademe.md,Alterado,Geral,Não
b6e2c6bad2e10cddc665dd5a53d30303ee435e8a,2025-01-30,2025-W04,Thursday,Alterado o reademe.md,Alterado,Geral,Não
1f8f8e0f63e186b3470a48233dc6ba8f73e0b125,2025-01-30,2025-W04,Thursday,Alterado o reademe.md,Alterado,Geral,Não
baadb992b12045629f1f2980e944ae07b3627328,2025-01-30,2025-W04,Thursday,Alterado o reademe.md,Alterado,Geral,Não
11890f7c780db19db3d7a2cb4851ce882818fdb4,2025-01-30,2025-W04,Thursday,Alterado o reademe.md,Alterado,Geral,Não
94ecbcee9e6046baca45893b7e21a63f9c7359f1,2025-01-30,2025-W04,Thursday,Alterado o reademe.md,Alterado,Geral,Não
e352a564fbd7de79480cef7886591d77ba1e04a0,2025-01-30,2025-W04,Thursday,Alterado o reademe.md,Alterado,Geral,Não
1e324c107a95fee067eee60b19ae8a6e971a27d0,2025-01-30,2025-W04,Thursday,Alterado o reademe.md,Alterado,Geral,Não
7af4e930b04672da45bdeba38878f96b48a9246e,2025-01-30,2025-W04,Thursday,Alterado o reademe.md,Alterado,Geral,Não
cdb3b0ab44aa736f08c32806cb70ae1bb9ffb193,2025-01-29,2025-W04,Wednesday,Alterado o reademe.md,Alterado,Geral,Não
495ca4392a69eca86c6995941b35c690a576e200,2025-01-29,2025-W04,Wednesday,Alterado o reademe.md,Alterado,Geral,Não
3838729bc890028fee4c788da3e8411abc8968b7,2025-01-29,2025-W04,Wednesday,Alterado o reademe.md,Alterado,Geral,Não
67c11a360071cb4f4fb6d4c958219898803dccc9,2025-01-29,2025-W04,Wednesday,Alterado o reademe.md,Alterado,Geral,Não
1afbdef6a79fc43a401581720d701775f0ee55b9,2025-01-29,2025-W04,Wednesday,Alterado o reademe.md,Alterado,Geral,Não
a01c93bfc9ef4397e075e37e58951a00a369f409,2025-01-29,2025-W04,Wednesday,Alterado o reademe.md,Alterado,Geral,Não
2704b4b68d1fc63e7c13536455e7622d7581fecb,2025-01-29,2025-W04,Wednesday,Alterado o reademe.md,Alterado,Geral,Não
0375b88f0a2de414016f026e05d91141c6d6a1e1,2025-01-28,2025-W04,Tuesday,Acertado pastas do multicast,Acertado,Infrastructure,Não
11d867c121736882f72e45bc53427ff0fce9f7cb,2025-01-28,2025-W04,Tuesday,Adicionado a pasta 02 - IGMP,Adicionado,Infrastructure,Não
15c25c027547c934a82bbbc854bc4061a4aacc55,2025-01-26,2025-W03,Sunday,Alterado o readme.md,Alterado,Geral,Não
2ed414ad3f37e1a450481ef2c1364ad4175ed86e,2025-01-26,2025-W03,Sunday,Alterado o readme.md,Alterado,Geral,Não
e99399ac7331306a0f1ace96a414e84b86249e32,2025-01-26,2025-W03,Sunday,Alterado o readme.md,Alterado,Geral,Não
4861a7d06e07a8405ea7e80aa15ea084ea572afa,2025-01-25,2025-W03,Saturday,Alterado o Readme.md,Alterado,Geral,Não
d39b10aed64e2f09dd8034c1cef065ad241bf565,2025-01-25,2025-W03,Saturday,Alterado o Readme.md,Alterado,Geral,Não
f1b6cf30a3c8f45f4e13a68dae408bfb0936f47b,2025-01-25,2025-W03,Saturday,Alterado o Readme.md,Alterado,Geral,Não
10eefb9c28a25135c823669a5d00487dd3f818b4,2025-01-25,2025-W03,Saturday,Alterado o Readme.md,Alterado,Geral,Não
34ab6ccb0cf682c939547789d031f9f84180a8ea,2025-01-25,2025-W03,Saturday,Alterado o readme.md,Alterado,Geral,Não
e450bbdb2ea5d813a8aa05f427184d9290978016,2025-01-24,2025-W03,Friday,Alterado o readme.md,Alterado,Geral,Não
67432853dd69b4e0b7048770b82cbc3d0e1ce9d9,2025-01-24,2025-W03,Friday,Alterado o readme.md,Alterado,Geral,Não
69754ab12e480c181bb56c821b6344e90d476219,2025-01-24,2025-W03,Friday,Alterado o readme.md,Alterado,Geral,Não
f794066d51d3347230aea94e57b245d71fb12190,2025-01-24,2025-W03,Friday,Alterado o readme.md,Alterado,Geral,Não
32b0aff07a2df873b26067aacb0d38a49f2c668f,2025-01-24,2025-W03,Friday,Alterado o readme.md,Alterado,Geral,Não
9cf7065b0cb25da86daaabb3c92b44efa5c1ddee,2025-01-24,2025-W03,Friday,Alterado o readme.md,Alterado,Geral,Não
1ba3e13f6173ade345b0f384474d1162f4a7ff21,2025-01-22,2025-W03,Wednesday,Alterado o readme.md,Alterado,Geral,Não
e50f6308ee812c75203a23e14dd136f48f21b932,2025-01-22,2025-W03,Wednesday,Alterado o readme.md,Alterado,Geral,Não
432f39aa1ac0d7620028f414982399f6e7b652b5,2025-01-22,2025-W03,Wednesday,Alterado o readme.md,Alterado,Geral,Não
e691d955c4a982747c6b01808f6a3c18eef34a25,2025-01-22,2025-W03,Wednesday,Alterado o readme.md,Alterado,Geral,Não
113b04c90df675288859627905b465c5b77c6ac4,2025-01-17,2025-W02,Friday,Alterado o readme.md,Alterado,Geral,Não
0be8a5a5f1d4d7dc1bf073bd5340bb5d36bb6863,2025-01-17,2025-W02,Friday,Alterado o readme.md,Alterado,Geral,Não
8e4a3fb7bab7e3e46ee6a6cf2b4eafc9cbca95c9,2025-01-17,2025-W02,Friday,Alterado o readme.md,Alterado,Geral,Não
ad7e838afcb89ed8ba2b557e3ddf98915792bb54,2025-01-17,2025-W02,Friday,Alterado o readme.md,Alterado,Geral,Não
a52659738185c1f5b6fe6376926a5272bf809105,2025-01-15,2025-W02,Wednesday,Alterado o readme.md,Alterado,Geral,Não
1948489a7c20fb9b05c2bd17f7bbd7fa47b826c1,2025-01-15,2025-W02,Wednesday,Alterado o readme.md,Alterado,Geral,Não
159fdc085b3da0d9f08752571fbd4417e2c2ee9f,2025-01-15,2025-W02,Wednesday,Alterado o readme.md,Alterado,Geral,Não
e23277fd4d2dec4d3e4b46e1bc799b3697cd5f82,2025-01-15,2025-W02,Wednesday,Alterado o readme.md,Alterado,Geral,Não
4a94b20fcbf4fc6b392d5120cd01b0da2accfb25,2025-01-14,2025-W02,Tuesday,Alterado o readme.md,Alterado,Geral,Não
749506c801833763e559fd9d822eb74f024893af,2025-01-14,2025-W02,Tuesday,Alterado o readme.md,Alterado,Geral,Não
5ce2ef4365edf49f3d7a21e5f9b4ebf2b6b2b69b,2025-01-14,2025-W02,Tuesday,Alterado o readme.md,Alterado,Geral,Não
65efb783cb9f1544a95919aaf9d7e6a653a91b6f,2025-01-14,2025-W02,Tuesday,Alterado o readme.md,Alterado,Geral,Não
6bb278258c28881c469454313ac5258a67cd62a6,2025-01-14,2025-W02,Tuesday,Alterado o readme.md,Alterado,Geral,Não
ec109606c6d1dab0aa91d24be8d8fb0f33882cf8,2025-01-14,2025-W02,Tuesday,Alterado o readme.md,Alterado,Geral,Não
d36514c19eabd6fb345b064ee3174affcf483a80,2025-01-14,2025-W02,Tuesday,Alterado o readme.md,Alterado,Geral,Não
00cb2bb85649ebb4dad545db731a4b8541d41d1d,2025-01-14,2025-W02,Tuesday,Alterado o readme.md,Alterado,Geral,Não
c8ceaae4702a317592e3f2d78626311dab426750,2025-01-14,2025-W02,Tuesday,Alterado o readme.md,Alterado,Geral,Não
327a194323626445839c8fb264e039a372691475,2025-01-14,2025-W02,Tuesday,Alterado o readme.md,Alterado,Geral,Não
f244d7237a7b9ab81ad9ad9a48ddab75faeaebef,2025-01-14,2025-W02,Tuesday,Adicionado a pasta Multicast dentro de 03 - Infraestructure,Adicionado,Infrastructure,Não
dc03a3e4c98fc4eee55737f04b9dd0ef603b3278,2024-03-28,2024-W13,Thursday,Alterado nomes de pastas que () e removido (),Alterado,Geral,Não
99435244c1c7e6f2ed03797441308cf634df544d,2024-03-17,2024-W11,Sunday,Alterado o arquivo readme.md,Alterado,Geral,Não
6936575fbd7539bdd938acaad5505d12528b2eb0,2024-03-17,2024-W11,Sunday,Alterado o arquivo readme.md,Alterado,Geral,Não
4befc62cc392e0e737a8e9785a4bbd0f6e75953d,2024-03-17,2024-W11,Sunday,Alterado o arquivo readme.md,Alterado,Geral,Não
50cb80eade591d02fdaa952ed8a643f3f2a8ca50,2024-03-17,2024-W11,Sunday,Alterado o arquivo readme.md,Alterado,Geral,Não
7018f464a4c6e62f46e6b297ee7bdd3f677591b4,2024-03-17,2024-W11,Sunday,Alterado o arquivo readme.md,Alterado,Geral,Não
8dd9aa1434fe21d2823d222695bf2a826bfecb33,2024-03-17,2024-W11,Sunday,Alterado o arquivo readme.md,Alterado,Geral,Não
cca96ed27a007d58574eca53542a262c589839ae,2024-03-17,2024-W11,Sunday,Alterado o arquivo readme.md,Alterado,Geral,Não
047b5000d5ab43306a4ec34a14f825d8a77f7e56,2024-03-17,2024-W11,Sunday,Alterado o arquivo readme.md,Alterado,Geral,Não
057f3dbf87514ead63478009de0dba6e7565fbf4,2024-03-17,2024-W11,Sunday,Alterado o arquivo readme.md,Alterado,Geral,Não
2a10f68295de98ea26a3d30e71d512a1f5e150a9,2024-03-17,2024-W11,Sunday,Alterado o arquivo readme.md,Alterado,Geral,Não
331362494b988e91511e912010b84730595deba8,2024-03-17,2024-W11,Sunday,Alterado o arquivo readme.md,Alterado,Geral,Não
67391b2864e90c4319afe2f8c38a3cec0f5e4305,2024-03-17,2024-W11,Sunday,Adicionada a pasta 04 - Fabric Capacity Planning,Adicionado,Geral,Não
eaa9347f534a3331bea3f0f33f53e20b94d3a1a9,2024-03-16,2024-W11,Saturday,Alterado o arquivo readme.md,Alterado,Geral,Não
30e40d9859f4fb53cb560c87223ac47afcb05f3d,2024-03-16,2024-W11,Saturday,Alterado o arquivo readme.md,Alterado,Geral,Não
86074706d88fbce4be2b0473c62dba2a19f4ac69,2024-03-16,2024-W11,Saturday,Alterado o arquivo readme.md,Alterado,Geral,Não
ffe00d9ef8e389c8f06c4949f73598d741d933ef,2024-03-16,2024-W11,Saturday,Alterado o arquivo readme.md,Alterado,Geral,Não
a1e20c197c13a437071cb31e2e0777707e4f978c,2024-03-13,2024-W11,Wednesday,Adicionado a pasta 03 - Camada de Acesso Layer 2 x Layer 3,Adicionado,Geral,Não
36b40e2f4ceb12672c61101e8f563a6ec5b627c3,2024-03-13,2024-W11,Wednesday,Adicionado a pasta 03 - Camada de Acesso Layer 2 x Layer 3,Adicionado,Geral,Não
4913b07a015923bba12f4463d3aca270978756fa,2024-03-13,2024-W11,Wednesday,Adicionado a pasta 03 - Camada de Acesso Layer 2 x Layer 3,Adicionado,Geral,Não
ad88a67cf649041615d2f2ea3510b67c57c79ff0,2024-03-13,2024-W11,Wednesday,Adicionado a pasta 03 - Camada de Acesso Layer 2 x Layer 3,Adicionado,Geral,Não
1a44d29d82a15db73f717b7d0c8c7d3129c85269,2024-03-13,2024-W11,Wednesday,Adicionado a pasta 03 - Camada de Acesso Layer 2 x Layer 3,Adicionado,Geral,Não
1c2590c47d2aa82083aa6eebe9b40f1b681c9aa4,2024-03-13,2024-W11,Wednesday,Adicionado a pasta 03 - Camada de Acesso Layer 2 x Layer 3,Adicionado,Geral,Não
7315c965e03000c51e550634f6823253713ed895,2024-03-13,2024-W11,Wednesday,Adicionado a pasta 03 - Camada de Acesso Layer 2 x Layer 3,Adicionado,Geral,Não
66cf1bfa2cca3382c145c22198c44a1ce222b2ae,2024-03-13,2024-W11,Wednesday,Adicionado a pasta 03 - Camada de Acesso Layer 2 x Layer 3,Adicionado,Geral,Não
f8af5a4a74c9c43129b71565f2a46d9b82358de5,2024-03-13,2024-W11,Wednesday,Adicionado a pasta 03 - Camada de Acesso Layer 2 x Layer 3,Adicionado,Geral,Não
9bc8a3a6748c1affc2b18ff567da6128203f4b11,2024-03-13,2024-W11,Wednesday,Alterado o arquivo readme.md,Alterado,Geral,Não
11d71b45fe433faf0da578bb40e083a30b5fb2e7,2024-03-13,2024-W11,Wednesday,Alterado o arquivo readme.md,Alterado,Geral,Não
9d3ed0fd8a796f8be2416bb8281a95c9b0bf153f,2024-03-13,2024-W11,Wednesday,Alterado o arquivo readme.md,Alterado,Geral,Não
da0894a462999323f6622b7f6ccffefcabc9cd19,2024-03-13,2024-W11,Wednesday,Alterado o arquivo readme.md,Alterado,Geral,Não
0b02f312e578b13b64f04d4d9a569cd29d2814ad,2024-03-13,2024-W11,Wednesday,Adicionado a pasta 02 - Modelo Hierárquico Duas camadas X Três Camadas,Adicionado,Geral,Não
9c27559bea02239298df22fafd7c6267d2183d74,2024-03-13,2024-W11,Wednesday,Adicionado a pasta 02 - Modelo Hierárquico Duas camadas X Três Camadas,Adicionado,Geral,Não
4054d3937743953f056d3f5771af0f78ae99587b,2024-03-13,2024-W11,Wednesday,Alterado o arquivo readme.md,Alterado,Geral,Não
577d73a519c624aebbf7e7586632d5a617e3c5f2,2024-03-13,2024-W11,Wednesday,Alterado o arquivo readme.md,Alterado,Geral,Não
3de2d72805acf0c6efcc8dfe680e0b3c210b58b2,2024-03-12,2024-W11,Tuesday,Alterado o arquivo readme.md,Alterado,Geral,Não
f860b179a32114cf0bbdf2b11028db41a495c8a5,2024-03-12,2024-W11,Tuesday,Alterado o arquivo readme.md,Alterado,Geral,Não
ce20c40020cd0a408beb05e70c903ae02356af2b,2024-03-12,2024-W11,Tuesday,Alterado o arquivo readme.md,Alterado,Geral,Não
62bf6ca1cee4f19d52e9810772580d5289fe5181,2024-03-12,2024-W11,Tuesday,Adicionado a pasta 03 - Modelo Hierarquico em 01 - Architecture,Adicionado,Architecture,Não
08e4fa0fc34eea0d68eba9f58c04d7ad32867675,2024-03-12,2024-W11,Tuesday,Adicionado a pasta 03 - Modelo Hierarquico em 01 - Architecture,Adicionado,Architecture,Não
cf7be299334b8c3d0d46ae68b2f6fb6cd3882291,2024-03-12,2024-W11,Tuesday,Adicionado a pasta 03 - Modelo Hierarquico em 01 - Architecture,Adicionado,Architecture,Não
f4105f561bb28be423a0dc296e8a8342f294c557,2024-03-12,2024-W11,Tuesday,Adicionado a pasta 03 - Modelo Hierarquico em 01 - Architecture,Adicionado,Architecture,Não
5cd633f99c925bd241c4586058c2a3eeab211f6a,2024-03-12,2024-W11,Tuesday,Adicionado a pasta 03 - Modelo Hierarquico em 01 - Architecture,Adicionado,Architecture,Não
7f9a4bd7f00a25ef6c21638f4b5865cc2394a838,2024-03-12,2024-W11,Tuesday,Adicionado a pasta 03 - Modelo Hierarquico em 01 - Architecture,Adicionado,Architecture,Não
d5731d942d3e35fbce7f48538a2c8dd0d2e4ff71,2024-03-12,2024-W11,Tuesday,Adicionado a pasta 03 - Modelo Hierarquico em 01 - Architecture,Adicionado,Architecture,Não
542ca858c80bdb9d7bca2d58dd0f5de63decb583,2024-03-12,2024-W11,Tuesday,Alterado o arquivo readme.md,Alterado,Geral,Não
1c2e4d2e585bd330bc742f32beef08232c568905,2024-03-12,2024-W11,Tuesday,Alterado o arquivo readme.md,Alterado,Geral,Não
04e57ed71dff36729684bd31b42ffbc86369b065,2024-03-12,2024-W11,Tuesday,Alterado o arquivo readme.md,Alterado,Geral,Não
5bab9d3ab7528a0e9a4ce6edb64549bdd0f8406c,2024-03-12,2024-W11,Tuesday,Alterado o arquivo readme.md,Alterado,Geral,Não
6abcf22f4a8ab23e079bc1f5391b2348a0fc6071,2024-03-12,2024-W11,Tuesday,Alterado o arquivo readme.md,Alterado,Geral,Não
b3fa25c1489dec28b51f4a4dbf5aace9699c6a12,2024-03-12,2024-W11,Tuesday,Alterado o arquivo readme.md,Alterado,Geral,Não
68bb48cf0d07a59ab5d0c414bbc32e52ce12e3cb,2024-03-12,2024-W11,Tuesday,Alterado o arquivo readme.md,Alterado,Geral,Não
06f1f787fb00ca3bf6197936f097a65de1580d45,2024-03-12,2024-W11,Tuesday,Alterado o arquivo readme.md,Alterado,Geral,Não
6d9ac5fad93705fd0aa4e18c3189d158315d30b7,2024-03-12,2024-W11,Tuesday,Alterado o arquivo readme.md,Alterado,Geral,Não
5b54c56112e754f9dd0206b7860333926cd3db88,2024-03-12,2024-W11,Tuesday,Alterado o arquivo readme.md,Alterado,Geral,Não
099720c4680c11f134d79a749cc93885f5fba1f5,2024-03-12,2024-W11,Tuesday,Alterado o arquivo readme.md,Alterado,Geral,Não
203d790a7d4bfd5431c0d2fcfc37703f5ca0d50c,2024-03-12,2024-W11,Tuesday,Alterado o arquivo readme.md,Alterado,Geral,Não
10f32e2e013ff3e8a2756759a8879d04d8f6cb20,2024-03-12,2024-W11,Tuesday,Adicionado a pasta 18 - Considerações sobre MTU e MSS e Túneis GRE,Adicionado,Geral,Não
32148f646d9fa4158a267d5f9a69a0379b5d61ba,2024-03-12,2024-W11,Tuesday,Adicionado a pasta 18 - Considerações sobre MTU e MSS e Túneis GRE,Adicionado,Geral,Não
a8fe081b6097f4cd47c0ad15b9121f5bceadc0ba,2024-03-12,2024-W11,Tuesday,Adicionado a pasta 18 - Considerações sobre MTU e MSS e Túneis GRE,Adicionado,Geral,Não
b8a3cfe336b53102e55749f9b7d561b321293176,2024-03-11,2024-W11,Monday,Alterado o nome da pasta 02 - Removido parentesis,Alterado,Geral,Não
7c8d0b6a98e5fa849c7ec7cbeb96939f61da0063,2024-03-09,2024-W10,Saturday,Alterado o arquivo readme.md,Alterado,Geral,Não
ea0acea6e15de6bb4181fb47e60c3ee37ebb7ba2,2024-03-08,2024-W10,Friday,Alterado o arquivo readme.md,Alterado,Geral,Não
bf9be5eaf966c78537b16bd224ca08e688aba8eb,2024-03-08,2024-W10,Friday,Alterado o arquivo readme.md,Alterado,Geral,Não
90089992b31f5ebe168bc13e5bd0d8e9fc64f082,2024-03-08,2024-W10,Friday,Alterado o arquivo readme.md,Alterado,Geral,Não
538b2c8df045f1cab79992bd4a2abeeaff832308,2024-03-08,2024-W10,Friday,Alterado o arquivo readme.md,Alterado,Geral,Não
ee54453ecaf43a07bf3042122f1ed71d8a64ea61,2024-03-08,2024-W10,Friday,Alterado o arquivo readme.md,Alterado,Geral,Não
10bde9378315f031411307eda5378315b3762c2e,2024-03-08,2024-W10,Friday,Alterado o arquivo readme.md,Alterado,Geral,Não
f9804abf638ad340711ffab4d9933efa599fa9b4,2024-03-08,2024-W10,Friday,Alterado o arquivo readme.md,Alterado,Geral,Não
b6b792c14b5c35ea0de693779fd2d09b7c93deda,2024-03-08,2024-W10,Friday,Alterado o arquivo readme.md,Alterado,Geral,Não
5321b9a52ae030607432a072733d015edaedfb68,2024-03-08,2024-W10,Friday,Alterado o arquivo readme.md,Alterado,Geral,Não
9e886e0e62e1193079a953f3cab780780ccf60be,2024-03-08,2024-W10,Friday,Alterado o arquivo readme.md,Alterado,Geral,Não
bbe47768e34fdbf07bdcc4890b3054c43158e86d,2024-03-08,2024-W10,Friday,Alterado o arquivo readme.md,Alterado,Geral,Não
1b50cac8678cde93d95f3b25a0d31f23a0f1a2e0,2024-03-08,2024-W10,Friday,Alterado o arquivo readme.md,Alterado,Geral,Não
2a60d56552217a24a3fc5798304bffb9d1fa56e0,2024-03-08,2024-W10,Friday,Alterado o arquivo readme.md,Alterado,Geral,Não
ef26d81c211ad5445f90c6beb3c0ca2c03f0c262,2024-03-06,2024-W10,Wednesday,Alterado o arquivo readme.md,Alterado,Geral,Não
bf97cc95e66ce29943e93d33f987ab4def39e3f7,2024-03-06,2024-W10,Wednesday,Alterado o arquivo readme.md,Alterado,Geral,Não
73a61d4c892539a3819d5e6d7179c6d133a2ab24,2024-03-06,2024-W10,Wednesday,Alterado o arquivo readme.md,Alterado,Geral,Não
4399668cddfa3fb167961f42d64d22404a471d9e,2024-03-06,2024-W10,Wednesday,Adicionado a pasta 17 - Exemplo Pratico - Tuneis GRE 01,Adicionado,Geral,Sim
6158f8ac505f1ecfbe7635c0bbae0f2440d20b83,2024-03-01,2024-W09,Friday,Alterado o arquivo readme.md,Alterado,Geral,Não
d8ec542e951d71a647a1eb42d7a48298a4dc1e81,2024-03-01,2024-W09,Friday,Alterado o arquivo readme.md,Alterado,Geral,Não
15d582a65848ed1c5e63eb4ce7b886e564899e9b,2024-03-01,2024-W09,Friday,Alterado o arquivo readme.md,Alterado,Geral,Não
82b65e9bf6a11b68374ac828c5bc7f49d7bf9b0f,2024-03-01,2024-W09,Friday,Alterado o arquivo readme.md,Alterado,Geral,Não
ff2e156041f97664fd5dbbf40e65c7c760bc6c74,2024-03-01,2024-W09,Friday,Alterado o arquivo readme.md,Alterado,Geral,Não
dfbf548d863508ad1404a02f463fea00916901c7,2024-03-01,2024-W09,Friday,Alterado o arquivo readme.md,Alterado,Geral,Não
c039105db44e9ef1d7d7d31dd462396bf0874a9a,2024-03-01,2024-W09,Friday,Alterado o arquivo readme.md,Alterado,Geral,Não
fe5471a08e2c1f494e20d73de25808a58db8e054,2024-03-01,2024-W09,Friday,Alterado o arquivo readme.md,Alterado,Geral,Não
a04e6d4440113e8aab081cac63f16c7d81571708,2024-03-01,2024-W09,Friday,Alterado o arquivo readme.md,Alterado,Geral,Não
2f06237feef21f14dee2cf1923c2355149301400,2024-03-01,2024-W09,Friday,Alterado o arquivo readme.md,Alterado,Geral,Não
d5a254de0b485c7c2a3a87d3969c3b63bc70d33a,2024-03-01,2024-W09,Friday,Alterado o arquivo readme.md,Alterado,Geral,Não
e83deb12e526ed4d09ac4c9d837a01bcf1d46648,2024-03-01,2024-W09,Friday,Alterado o arquivo readme.md,Alterado,Geral,Não
cd895a37025bcf33f0112a090df9f3ba7c152649,2024-03-01,2024-W09,Friday,Alterado o arquivo readme.md,Alterado,Geral,Não
57202a404247cd9b7bd636232fe7e0698583b117,2024-03-01,2024-W09,Friday,Alterado o arquivo readme.md,Alterado,Geral,Não
cc6abeef1cb7edac94c20c80a7600ddf51221453,2024-03-01,2024-W09,Friday,Alterado o arquivo readme.md,Alterado,Geral,Não
3cac9c728bbe92cbfc6b26fd67b4387864e6a8f6,2024-03-01,2024-W09,Friday,Alterado o arquivo readme.md,Alterado,Geral,Não
1483f89d9a4bfed7ed1bdd3e18bc68f413fdc2b7,2024-03-01,2024-W09,Friday,Alterado o arquivo readme.md,Alterado,Geral,Não
145374b2a29784d168f4a072937e5cde9ae53f76,2024-03-01,2024-W09,Friday,Alterado o arquivo readme.md,Alterado,Geral,Não
7188400b4832b2a3cbbc10ed9caa51176146e16a,2024-03-01,2024-W09,Friday,Alterado o arquivo readme.md,Alterado,Geral,Não
493d51e271f683b0faf90f003cf443075265b9da,2024-03-01,2024-W09,Friday,Alterado o arquivo readme.md,Alterado,Geral,Não
b1016b8ea7a230ff9dc4e27e176c701a8cdeabe4,2024-03-01,2024-W09,Friday,Adicionado a pasta 16 - Tuneis GRE,Adicionado,Geral,Não
4d939db2718d79b3cafcfa0db75feeefd794fb6e,2024-03-01,2024-W09,Friday,Alterado o arquivo readme.md - Atualização status blueprint,Alterado,Geral,Não
091b5ec20bf0da15b6eae07307e629f89aeb852e,2024-02-28,2024-W09,Wednesday,Alterado o arquivo readme.md,Alterado,Geral,Não
af19a95dfc7ff9d44e17c06f109a21dc9562a814,2024-02-28,2024-W09,Wednesday,Alterado o arquivo readme.md,Alterado,Geral,Não
590f6748aefdfba97bef2239b0cd27b71b4dc5eb,2024-02-28,2024-W09,Wednesday,Alterado o arquivo readme.md,Alterado,Geral,Não
9da5477785e0d0ed71590383465f2dae9fa5626b,2024-02-28,2024-W09,Wednesday,Alterado o arquivo readme.md,Alterado,Geral,Não
4cc78e762bbc2a3a6e50161574f7df25243adf7e,2024-02-23,2024-W08,Friday,Alterado o arquivo readme.md,Alterado,Geral,Não
99548d4d2a61896c9341f4c2376400e1a8241bc0,2024-02-23,2024-W08,Friday,Alterado o arquivo readme.md,Alterado,Geral,Não
b8a16c1c071a0e5b6841c56305a9c92b8ec427a0,2024-02-23,2024-W08,Friday,Alterado o arquivo readme.md,Alterado,Geral,Não
51406b6adf7378dae92230e974d7b92b2540959d,2024-02-23,2024-W08,Friday,Alterado o arquivo readme.md,Alterado,Geral,Não
a138d38516e6a03cef0641d4eadb312dce38d389,2024-02-22,2024-W08,Thursday,Alterado o arquivo readme.md,Alterado,Geral,Não
436f6794fbd3153c276cab866037bd674e4d9e0c,2024-02-22,2024-W08,Thursday,Alterado o arquivo readme.md,Alterado,Geral,Não
38b1f280c794debcb561ebeddee62ec95cc2ba89,2024-02-22,2024-W08,Thursday,Alterado o arquivo readme.md,Alterado,Geral,Não
dd170f9f79d61cd5c9254b13b5cfc57fbd344d43,2024-02-22,2024-W08,Thursday,Alterado o arquivo readme.md,Alterado,Geral,Não
500e1f01ffd9f381b39d06fc0fd0a040e152d422,2024-02-22,2024-W08,Thursday,Alterado o arquivo readme.md,Alterado,Geral,Não
ee6e2eb5851d8c0194182d22b78e88b4b910bbe6,2024-02-22,2024-W08,Thursday,Alterado o arquivo readme.md,Alterado,Geral,Não
45134a3b74e662efd1db8e2434bdad7b437dbf6d,2024-02-22,2024-W08,Thursday,Alterado o arquivo readme.md,Alterado,Geral,Não
0f66fe7e0085d7ac1c8670a27e92e394392ef94d,2024-02-22,2024-W08,Thursday,Alterado o arquivo readme.md,Alterado,Geral,Não
ad0a9cfce5bff0f6e069094cf531e0ce22df6e9d,2024-02-22,2024-W08,Thursday,Alterado o arquivo readme.md,Alterado,Geral,Não
d8795a06a356d576cf1c4b3180237ec41c62001c,2024-02-22,2024-W08,Thursday,Alterado o arquivo readme.md,Alterado,Geral,Não
d111e6c916a3ffbd1d06b2832b1ed4de3ad8309c,2024-02-22,2024-W08,Thursday,Alterado o arquivo readme.md,Alterado,Geral,Não
6f0515a87ae7b5c69e648401d4d11055fed3ebe8,2024-02-22,2024-W08,Thursday,Alterado o arquivo readme.md,Alterado,Geral,Não
cf9f29d5b65835cab2b3045450fe0b002401a8da,2024-02-22,2024-W08,Thursday,Adicionado a ṕasta 15  - Exemplo Pratico VRF LITE 04 - IPV6 (02),Adicionado,Infrastructure,Sim
5be1e43207304f5ab335a8deac706cbfe4551c6f,2024-02-22,2024-W08,Thursday,Alterado o arquivo readme.md,Alterado,Geral,Não
20c9ef16490bb3a1c185eef8f2ca4cc048e647df,2024-02-22,2024-W08,Thursday,Alterado o arquivo readme.md,Alterado,Geral,Não
f3d655ab8da16b149235ffe2cb63ccefb3f2eabe,2024-02-22,2024-W08,Thursday,Alterado o arquivo readme.md,Alterado,Geral,Não
30bb8fbd8550dbc9cbad252569ff54fb88e4db92,2024-02-22,2024-W08,Thursday,Alterado o arquivo readme.md,Alterado,Geral,Não
3f8090f84a82e373ca9a6ed1b049cebddfbcd042,2024-02-22,2024-W08,Thursday,Alterado o arquivo readme.md,Alterado,Geral,Não
fd03698316c107ac6ddd1fd9e510ee96131b9b0c,2024-02-22,2024-W08,Thursday,Alterado o arquivo readme.md,Alterado,Geral,Não
a889445869aabfa8fbcd5cdb4e4581c5a540fe5b,2024-02-22,2024-W08,Thursday,Alterado o arquivo readme.md,Alterado,Geral,Não
48a84985f1b64dd13be0e096aea81938d44c20a5,2024-02-22,2024-W08,Thursday,Alterado o arquivo readme.md,Alterado,Geral,Não
e4aeb5e09b871d816c551414f6414370ff6d7ab9,2024-02-20,2024-W08,Tuesday,Alterado o arquivo readme.md,Alterado,Geral,Não
58cf953070a3a4ce8faacb7ab047b0bbdda706c0,2024-02-20,2024-W08,Tuesday,Alterado o arquivo readme.md,Alterado,Geral,Não
33e031ff171525a2bf915c64a38ae11a310ceff2,2024-02-20,2024-W08,Tuesday,Alterado o arquivo readme.md,Alterado,Geral,Não
2cd61fb25d01f4292d01a8b0112beba157842f21,2024-02-20,2024-W08,Tuesday,Alterado o arquivo readme.md,Alterado,Geral,Não
623579a684b3d7b4ce35b19792252bb85e21702f,2024-02-20,2024-W08,Tuesday,Alterado o arquivo readme.md,Alterado,Geral,Não
6688236636391a0d84886f72a7d914f0d67b587f,2024-02-20,2024-W08,Tuesday,Alterado o arquivo readme.md,Alterado,Geral,Não
957b50663b5f930f2a55de4bb41b5a098a4a43c5,2024-02-20,2024-W08,Tuesday,Alterado o arquivo readme.md,Alterado,Geral,Não
9cd051e4a8e81958abcb71bc238c87bf346b4426,2024-02-20,2024-W08,Tuesday,Adicionada a pasta 14 - Exemplo Pratico VRF LITE 04 - IPV6,Adicionado,Infrastructure,Sim
db64fcfba5028fa956f8fc656081ad3643277f0d,2024-02-20,2024-W08,Tuesday,"Reanomeado pastas 11, 12 e 13",Renomeado,Geral,Não
de81163dea49d63b4d4393c4762504172e252709,2024-02-20,2024-W08,Tuesday,Alterado o arquivo readme.md,Alterado,Geral,Não
4da30ea506978e504dd8bc655d8d7f3fa72f1fea,2024-02-20,2024-W08,Tuesday,Alterado o arquivo readme.md,Alterado,Geral,Não
a37f51e2fe3e01114c6e85fde1cfacad25da2e24,2024-02-20,2024-W08,Tuesday,Alterado o arquivo readme.md,Alterado,Geral,Não
f4b70201aff42480ac2ebef0e1c815d4f8696559,2024-02-20,2024-W08,Tuesday,Alterado o arquivo readem.md,Alterado,Geral,Não
a551b3a00c509fbacdf35d9db4236abbb2e26777,2024-02-20,2024-W08,Tuesday,Alterado o arquivo readem.md,Alterado,Geral,Não
75a8299c340f4422a8172183fe4ac28a0af49ad4,2024-02-20,2024-W08,Tuesday,Alterado o arquivo readem.md,Alterado,Geral,Não
69ad5e7b4eb830ca3dc35d914c850a31a86ead18,2024-02-19,2024-W08,Monday,Alterado o arquivo readme.md,Alterado,Geral,Não
0edc239e83ebdec97d7fc05c772b13ed6abc5d7e,2024-02-19,2024-W08,Monday,Alterado o arquivo readme.md,Alterado,Geral,Não
824f61130a87fdb8a44e750f951a26b08a50f975,2024-02-19,2024-W08,Monday,Adicionado a pasta 13 - Exemplo Pratico VRF LITE 03,Adicionado,Infrastructure,Sim
ea3af4edd9599a1ddc9a51da6158ee68f2fb4e7a,2024-02-18,2024-W07,Sunday,Alterado o arquivo readme.md,Alterado,Geral,Não
8934034416ff8b899ac3be61ef9a3ff1cbb93178,2024-02-18,2024-W07,Sunday,Alterado o arquivo readme.md,Alterado,Geral,Não
a13b613cd09a2adaba71185f9a12811e1cf46ffb,2024-02-18,2024-W07,Sunday,Alterado o arquivo readme.md,Alterado,Geral,Não
f5bf3c665c6c2af5ddcaf9f3f50c3f6b1d0ea36f,2024-02-18,2024-W07,Sunday,Alterado o arquivo readme.md,Alterado,Geral,Não
bde960f64f7eb455337f07ed16c369712fadbdf8,2024-02-18,2024-W07,Sunday,Alterado o arquivo readme.md,Alterado,Geral,Não
34013688fbc1bcf620f802146897e2d40c226321,2024-02-18,2024-W07,Sunday,Alterado o arquivo readme.md,Alterado,Geral,Não
f6267ce29788fb757563d99c3eb2423839f43452,2024-02-18,2024-W07,Sunday,Alterado o arquivo readme.md,Alterado,Geral,Não
33768e1f449ef1ff36060ec4103a9e27c71f8bc2,2024-02-18,2024-W07,Sunday,Alterado o arquivo readme.md,Alterado,Geral,Não
a158789949b2c4b9e0fa66c0c33b0e7f2f876ac0,2024-02-18,2024-W07,Sunday,Alterado o arquivo readme.md,Alterado,Geral,Não
303d9bcd8c51adca79848cb4dbc381ea92abec49,2024-02-18,2024-W07,Sunday,Alterado o arquivo readme.md,Alterado,Geral,Não
ae641a7cc889b25f6750dbacdaf0f4c19b199233,2024-02-18,2024-W07,Sunday,Alterado o arquivo readme.md,Alterado,Geral,Não
f36989140bd225b22032013e48685082c8031a22,2024-02-18,2024-W07,Sunday,Alterado o arquivo readme.md,Alterado,Geral,Não
09eec508d175e818e8635324acb7b631934dc425,2024-02-12,2024-W07,Monday,Alterado o arquivo readme.md,Alterado,Geral,Não
afa1f903ff658433f0da943586559fb1c1374ea2,2024-02-12,2024-W07,Monday,Alterado o arquivo readme.md,Alterado,Geral,Não
5302c84ca8480dda1cfa0caf930066a977b6d215,2024-02-12,2024-W07,Monday,Alterado o arquivo readme.md,Alterado,Geral,Não
0cbdb216c560fbc70d3aab1ce78a8462efc82b1a,2024-02-12,2024-W07,Monday,Alterado o arquivo readme.md,Alterado,Geral,Não
dff1c90dda93bb255ab02e7a08a19ec71dfd84e7,2024-02-12,2024-W07,Monday,Alterado o arquivo readme.md,Alterado,Geral,Não
d59d6e1e078cf66acfcf84b1c153551edab45a05,2024-02-12,2024-W07,Monday,Alterado o arquivo readme.md,Alterado,Geral,Não
a1b023ad00f322812804ed6f97fb3e2782c3615a,2024-02-12,2024-W07,Monday,Ajustado títulos dos capítulos de VRF para VRF LITE,Ajustado,Infrastructure,Não
c55e28e6f119c72741e8c53f2a06d3ea3b6f0f3a,2024-02-11,2024-W06,Sunday,Alterado o arquivo readme.md,Alterado,Geral,Não
57aafb885c1ff5eb6bd6a40bf29adcb13638000f,2024-02-11,2024-W06,Sunday,Alterado o arquivo readme.md,Alterado,Geral,Não
ec86735cb86b704696cb9a77fa9ce9f611ef9773,2024-02-11,2024-W06,Sunday,Alterado o arquivo readme.md,Alterado,Geral,Não
4f1113ebd6df3641a40a4c1983e8efe08e61ed90,2024-02-11,2024-W06,Sunday,Alterado o arquivo readme.md,Alterado,Geral,Não
ee5ba27f9f3e3076ac6d97c9b0d9766a68722fb1,2024-02-11,2024-W06,Sunday,Alterado o arquivo readme.md,Alterado,Geral,Não
20111e2e7fa7e40d0c2fc60608e4b88aa8b86a1f,2024-02-11,2024-W06,Sunday,Alterado o arquivo readme.md,Alterado,Geral,Não
27baf6cbf5bf9400675094852573a17fb7961e07,2024-02-11,2024-W06,Sunday,Alterado o arquivo readme.md,Alterado,Geral,Não
80f6ef47cec75a00c803af471ee9da7c9c1a4cbe,2024-02-11,2024-W06,Sunday,Alterado o arquivo readme.md,Alterado,Geral,Não
de99920def0240002a7701fae21bcccbe2c286e0,2024-02-11,2024-W06,Sunday,Adicionado a pasta 12 - Exemplo Pratico VRF 02,Adicionado,Infrastructure,Sim
b67b2e5aa08f33f090a1e1b7f13ebab1f3124a67,2024-02-11,2024-W06,Sunday,Alterado o arquivo readme.md,Alterado,Geral,Não
355484e84501f15ce62c25610ee161e1532aff36,2024-02-11,2024-W06,Sunday,Alterado o arquivo readme.md,Alterado,Geral,Não
491f3d005d1c0a4c47862c4d9a052ec82e868cbf,2024-02-11,2024-W06,Sunday,Alterado o arquivo readme.md,Alterado,Geral,Não
eda360a8085c96b0d9206e68780986a577012067,2024-02-01,2024-W05,Thursday,Alterado o arquivo readme.md,Alterado,Geral,Não
d165ee32afd4e426946428be5fa81e9d235a213a,2024-02-01,2024-W05,Thursday,Alterado o arquivo readme.md,Alterado,Geral,Não
93348a43d122bdf1080c8c7a3df11b0df8301c89,2024-02-01,2024-W05,Thursday,Alterado o arquivo readme.md,Alterado,Geral,Não
9e65e7d262c4e10bdf54b31ef233628da5873287,2024-02-01,2024-W05,Thursday,Aletardo o arquivo readme.md,Alterado,Geral,Não
d0c214177fe0be5092e43ccefa798ff60820b4a4,2024-02-01,2024-W05,Thursday,Aletardo o arquivo readme.md,Alterado,Geral,Não
3154c678763395193fc93b9d2e0de1f4a4ec525f,2024-01-31,2024-W05,Wednesday,Adicionado a pasta 11 - Exemplo prático VRF 01,Adicionado,Infrastructure,Sim
4fb92d5203fac1fb7b0552c17f534cb49c5dd78f,2024-01-31,2024-W05,Wednesday,Adicionado a pasta 11 - Exemplo prático VRF 01,Adicionado,Infrastructure,Sim
6c71bdaf746a9b96d2068318ec694a6c2898df58,2024-01-31,2024-W05,Wednesday,Adicionado a pasta 11 - Exemplo prático VRF 01,Adicionado,Infrastructure,Sim
137a97ba391bafefc621900571b2efe8eca4c8c7,2024-01-31,2024-W05,Wednesday,Adicionado a pasta 11 - Exemplo prático VRF 01,Adicionado,Infrastructure,Sim
d3e6c6458c7628e614ea099f6048d98f517a3541,2024-01-31,2024-W05,Wednesday,Adicionado a pasta 11 - Exemplo prático VRF 01,Adicionado,Infrastructure,Sim
6d1aa55dab7a97a29b61f50ebb3c01ff93035bb5,2024-01-31,2024-W05,Wednesday,Adicionado a pasta 11 - Exemplo prático VRF 01,Adicionado,Infrastructure,Sim
7d89022b172bfc77405fba1c8f2faf91c2a6f1fe,2024-01-31,2024-W05,Wednesday,Adicionado a pasta 11 - Exemplo prático VRF 01,Adicionado,Infrastructure,Sim
61d6b49f0bf555bbdc42668f8bd092f797b0d0ee,2024-01-31,2024-W05,Wednesday,Adicionado a pasta 11 - Exemplo prático VRF 01,Adicionado,Infrastructure,Sim
133b9a734bd4a83fbaee2ff56e3c77d8c61deca2,2024-01-31,2024-W05,Wednesday,Adicionado a pasta 11 - Exemplo prático VRF 01,Adicionado,Infrastructure,Sim
e5d70804be9b22489b7fa2e55b062d7731b33220,2024-01-31,2024-W05,Wednesday,Adicionado a pasta 11 - Exemplo prático VRF 01,Adicionado,Infrastructure,Sim
8870a050d3f4f8e493f415e8876cd7356ff5dcc6,2024-01-31,2024-W05,Wednesday,Adicionado a pasta 11 - Exemplo prático VRF 01,Adicionado,Infrastructure,Sim
2a37533e6c038ce9dd6ecc67fadd35c511c38057,2024-01-31,2024-W05,Wednesday,Adicionado a pasta 11 - Exemplo prático VRF 01,Adicionado,Infrastructure,Sim
095f4b0c5b221c4c6e5cafb18976da3704184fae,2024-01-31,2024-W05,Wednesday,Adicionado a pasta 11 - Exemplo prático VRF 01,Adicionado,Infrastructure,Sim
c2b23a018b2fa201677ff84f250355b7ee847487,2024-01-31,2024-W05,Wednesday,Adicionado a pasta 11 - Exemplo prático VRF 01,Adicionado,Infrastructure,Sim
5cd34dedaf6653ecdf2a386955d310c9fad04f7b,2024-01-31,2024-W05,Wednesday,Adicionado a pasta 11 - Exemplo prático VRF 01,Adicionado,Infrastructure,Sim
dbad943639b262a214c361a328f252ad0bb0a80c,2024-01-31,2024-W05,Wednesday,Adicionado a pasta 11 - Exemplo prático VRF 01,Adicionado,Infrastructure,Sim
36baf11ddb39ffc18854710c7e63d96b84353f8a,2024-01-31,2024-W05,Wednesday,Adicionado a pasta 11 - Exemplo prático VRF 01,Adicionado,Infrastructure,Sim
5e8ec4c326d53df3e1582f620d699ee728944a69,2024-01-31,2024-W05,Wednesday,Adicionado a pasta 11 - Exemplo prático VRF 01,Adicionado,Infrastructure,Sim
f806eda8e59c02e5e30fd2ff326fafd8a791730d,2024-01-31,2024-W05,Wednesday,Adicionado a pasta 11 - Exemplo prático VRF 01,Adicionado,Infrastructure,Sim
d43c21368bd2fc1e8f3d1b930220798e46215ce3,2024-01-31,2024-W05,Wednesday,Adicionado a pasta 11 - Exemplo prático VRF 01,Adicionado,Infrastructure,Sim
789520990e8e68430e120621f7153f1c88709fc6,2024-01-31,2024-W05,Wednesday,Adicionado a pasta 11 - Exemplo prático VRF 01,Adicionado,Infrastructure,Sim
b09180ace25252e8a91e90afed2c0bbc7ca44bf8,2024-01-31,2024-W05,Wednesday,Adicionado a pasta 11 - Exemplo prático VRF 01,Adicionado,Infrastructure,Sim
5eb3c41831808cd546938f32033edd844cf6a916,2024-01-31,2024-W05,Wednesday,Adicionado a pasta 11 - Exemplo prático VRF 01,Adicionado,Infrastructure,Sim
9455e1597df32e655d677e0fa9fd1ded265a2621,2024-01-31,2024-W05,Wednesday,Adicionado a pasta 11 - Exemplo prático VRF 01,Adicionado,Infrastructure,Sim
6ccf429b9d34cdd7448c86d06538851d4432ab14,2024-01-31,2024-W05,Wednesday,Adicionado a pasta 11 - Exemplo prático VRF 01,Adicionado,Infrastructure,Sim
8cf12020ffcd9e79b1f18c0f0ac9c39ef6de6de0,2024-01-31,2024-W05,Wednesday,Adicionado a pasta 11 - Exemplo prático VRF 01,Adicionado,Infrastructure,Sim
ce23debb8325c0b7630cfa5b1739fd7372621ffe,2024-01-31,2024-W05,Wednesday,Adicionado a pasta 11 - Exemplo prático VRF 01,Adicionado,Infrastructure,Sim
6b763ddb394ff3975c3dd1b84a36a2122f847591,2024-01-31,2024-W05,Wednesday,Adicionado a pasta 11 - Exemplo prático VRF 01,Adicionado,Infrastructure,Sim
ab00010990d12fa8dec552630116ad7e195ca169,2024-01-31,2024-W05,Wednesday,Adicionado a pasta 11 - Exemplo prático VRF 01,Adicionado,Infrastructure,Sim
72457b64e1c962e419b214e41dcd8f49bbee9649,2024-01-31,2024-W05,Wednesday,Adicionado a pasta 11 - Exemplo prático VRF 01,Adicionado,Infrastructure,Sim
b8ea4f82e8793fd1e903b7666b3f9299edc5ad98,2024-01-30,2024-W05,Tuesday,Adicionado a pasta 10 - Virtual Routing and Forwarding (VRF LITE),Adicionado,Infrastructure,Não
e55f5516485e16a0d3a9a8ac9b6f5f30c882f9d5,2024-01-30,2024-W05,Tuesday,Adicionado a pasta 10 - Virtual Routing and Forwarding (VRF LITE),Adicionado,Infrastructure,Não
29e4851968ec9c8ccc40ea0879908c83941700fd,2024-01-30,2024-W05,Tuesday,Adicionado a pasta 10 - Virtual Routing and Forwarding (VRF LITE),Adicionado,Infrastructure,Não
6014ef60cf4513e4cb910441173f1163ab564af4,2024-01-30,2024-W05,Tuesday,Adicionado a pasta 10 - Virtual Routing and Forwarding (VRF LITE),Adicionado,Infrastructure,Não
4a440e99a68002f44e5f1b12274638efe5d5288c,2024-01-30,2024-W05,Tuesday,Adicionado a pasta 10 - Virtual Routing and Forwarding (VRF LITE),Adicionado,Infrastructure,Não
535c0c4b6be0c7aa1c4e939b3cbfbc728f4ae624,2024-01-30,2024-W05,Tuesday,Adicionado a pasta 10 - Virtual Routing and Forwarding (VRF LITE),Adicionado,Infrastructure,Não
f02aba0c5402dae40169ed45eafcdb13d2d9db1f,2024-01-30,2024-W05,Tuesday,Adicionado a pasta 10 - Virtual Routing and Forwarding (VRF LITE),Adicionado,Infrastructure,Não
cc0a850409a44d48945c9ea06709a4006a0bb38e,2024-01-30,2024-W05,Tuesday,Adicionado a pasta 10 - Virtual Routing and Forwarding (VRF LITE),Adicionado,Infrastructure,Não
a553706fef936f8d676b838109376faa963405fd,2024-01-30,2024-W05,Tuesday,Adicionado a pasta 10 - Virtual Routing and Forwarding (VRF LITE),Adicionado,Infrastructure,Não
2839ed454932a1b449491eda114e15228325ddb7,2024-01-30,2024-W05,Tuesday,Adicionado a pasta 10 - Virtual Routing and Forwarding (VRF LITE),Adicionado,Infrastructure,Não
171b70debe64e2584f9f05c8d233d3c70a5ea2ca,2024-01-30,2024-W05,Tuesday,Adicionado a pasta 10 - Virtual Routing and Forwarding (VRF LITE),Adicionado,Infrastructure,Não
79d8bda5cf42206da70eede3086123a65ed2dd36,2024-01-30,2024-W05,Tuesday,Adicionado a pasta 10 - Virtual Routing and Forwarding (VRF LITE),Adicionado,Infrastructure,Não
2eceafb19fc67f2573ef72cb8c93f891a4a3b7b5,2024-01-30,2024-W05,Tuesday,Adicionado a pasta 10 - Virtual Routing and Forwarding (VRF LITE),Adicionado,Infrastructure,Não
1bbda0702649f98a794a75013b97b7b24c1f6307,2024-01-30,2024-W05,Tuesday,Adicionado a pasta 10 - Virtual Routing and Forwarding (VRF LITE),Adicionado,Infrastructure,Não
da25cc2e42bec720d20c1dce1f0cb9fbaa8b9ea5,2024-01-30,2024-W05,Tuesday,Adicionado a pasta 10 - Virtual Routing and Forwarding (VRF LITE),Adicionado,Infrastructure,Não
195a52472ec95abbde6c91d569f3b27cf3528853,2024-01-30,2024-W05,Tuesday,Adicionado a pasta 10 - Virtual Routing and Forwarding (VRF LITE),Adicionado,Infrastructure,Não
e28c6e0764fa3993315dc68a3369c170efea9c36,2024-01-30,2024-W05,Tuesday,Adicionado a pasta 10 - Virtual Routing and Forwarding (VRF LITE),Adicionado,Infrastructure,Não
520119bb255a29c28ea7863f37e233572e72befc,2024-01-30,2024-W05,Tuesday,Adicionado a pasta 10 - Virtual Routing and Forwarding (VRF LITE),Adicionado,Infrastructure,Não
77ce449e3482600fecd85c5cc5379fa0de5b5cb5,2024-01-30,2024-W05,Tuesday,Adicionado a pasta 10 - Virtual Routing and Forwarding (VRF LITE),Adicionado,Infrastructure,Não
9490425cdb026d8761e782a3a1dc4d000f7db624,2024-01-30,2024-W05,Tuesday,Adicionado a pasta 10 - Virtual Routing and Forwarding (VRF LITE),Adicionado,Infrastructure,Não
4db2700e5058b7920b43f5f5eb63f9e4e3e5cb56,2024-01-30,2024-W05,Tuesday,Alterado o arquivo readme.md,Alterado,Geral,Não
272ec17ded6b8d1aa8424f28c9da0e0bc1b2505b,2024-01-30,2024-W05,Tuesday,Alterado o arquivo readme.md,Alterado,Geral,Não
4e937ef9f1fb2d56331854b6114a3666dc524b5e,2024-01-30,2024-W05,Tuesday,Alterado o arquivo readme.md,Alterado,Geral,Não
3137edea90aad5613b888bfee2398520fef2f734,2024-01-30,2024-W05,Tuesday,Alterado o arquivo readme.md,Alterado,Geral,Não
a9d146410c6df7d06515ddfcd99eb7bb53aa43b6,2024-01-30,2024-W05,Tuesday,Alterado o arquivo readme.md,Alterado,Geral,Não
a08de529aa607ffc686c35ab5819b62851f50a57,2024-01-30,2024-W05,Tuesday,Alterado o arquivo readme.md,Alterado,Geral,Não
641c8e534cf66e4ee4d50a1c70a3a24e32187e1b,2024-01-30,2024-W05,Tuesday,Alterado o arquivo readme.md,Alterado,Geral,Não
6876f3e3b473709d3597118981f64e168c6efc81,2024-01-30,2024-W05,Tuesday,Alterado o arquivo readme.md,Alterado,Geral,Não
d5d1aea398662751d0026e6df201630a23c406b8,2024-01-30,2024-W05,Tuesday,Alterado o arquivo readme.md,Alterado,Geral,Não
7a10db7703397ea7ce7ac3c7139ceb8ca480773a,2024-01-30,2024-W05,Tuesday,Alterado o arquivo readme.md,Alterado,Geral,Não
5975be5bf7b0b24a5c6f23353f73bf5fcc448501,2024-01-30,2024-W05,Tuesday,Alterado o arquivo readme.md,Alterado,Geral,Não
fdf49d43b228cb2b7672ce4e890f4d135c258ab0,2024-01-29,2024-W05,Monday,Alterado o arquivo readme.md,Alterado,Geral,Não
07f8c227f4a87c7bc71fe2cb218fed427b09ecca,2024-01-29,2024-W05,Monday,Alterado o arquivo readme.md,Alterado,Geral,Não
7f630a07e3d190952d018ddc8f8cb6de7cd1ee60,2024-01-29,2024-W05,Monday,Alterado o arquivo readme.md,Alterado,Geral,Não
710b9d9d761b21a8f0672b22e6f6caa697b95dd2,2024-01-29,2024-W05,Monday,Alterado o arquivo readme.md,Alterado,Geral,Não
e7a7bdbb0b18fe7be7f6f4d826ff43bde7480522,2024-01-29,2024-W05,Monday,Alterado o arquivo readme.md,Alterado,Geral,Não
0b2483f82d313a9ce516cca434079bb7de472c57,2024-01-29,2024-W05,Monday,Alterado o arquivo readme.md,Alterado,Geral,Não
d8e87ddd7d9c71dd82e65fa22bff98c9bf846d29,2024-01-29,2024-W05,Monday,Alterado o arquivo readme.md,Alterado,Geral,Não
ce0b6818b4b8f21c79b84ff471564bc5575fe888,2024-01-28,2024-W04,Sunday,Alterado o arquivo readme.md,Alterado,Geral,Não
e30ea95e592510d2d8630a30d34b97c3c495c3a6,2024-01-28,2024-W04,Sunday,Alterado o arquivo readme.md,Alterado,Geral,Não
177c75063b8727725a771c6cf0fe80b9885564e7,2024-01-28,2024-W04,Sunday,Alterado o arquivo readme.md,Alterado,Geral,Não
5dc816877e857cbdbd2e410cfa8ac6f8290981ce,2024-01-28,2024-W04,Sunday,Alterado o arquivo readme.md,Alterado,Geral,Não
6556426b3015d67802a00c9fc56634b349799919,2024-01-28,2024-W04,Sunday,Adicionado a pasta 09 - Virtual Swiching,Adicionado,Geral,Não
300d6d9fe84801c5addd4e36f766bb0e95736951,2024-01-28,2024-W04,Sunday,Alterado o arquivo readme.md,Alterado,Geral,Não
47c1c9f2425edf624e05b8e47ea9700b71edbe52,2024-01-28,2024-W04,Sunday,Alterado o arquivo readme.md,Alterado,Geral,Não
bd16e6bcd28c7d98154e1bf2c6646f7d1a367363,2024-01-28,2024-W04,Sunday,Alterado o arquivo readme.md,Alterado,Geral,Não
47974c3f8f56bc37b67409f01fc9a5d43ca78949,2024-01-28,2024-W04,Sunday,Alterado o arquivo readme.md,Alterado,Geral,Não
735f755e5787b7b5ca203f69eb8916d3818f6669,2024-01-28,2024-W04,Sunday,Alterado o arquivo readme.md,Alterado,Geral,Não
43798d5c3a7d4cf56130e4e411ea845a8b10225b,2024-01-28,2024-W04,Sunday,Alterado o arquivo readme.md,Alterado,Geral,Não
f912a5741753b93019f86c39a90e122d01b6efa9,2024-01-28,2024-W04,Sunday,Alterado o arquivo readme.md,Alterado,Geral,Não
85c3d8525e44b3b611ad5c3d70377393a3d7da74,2024-01-28,2024-W04,Sunday,Alterado o arquivo readme.md,Alterado,Geral,Não
e572f6458ced74137875b1883edc0d9d481c5e98,2024-01-28,2024-W04,Sunday,Alterado o arquivo readme.md,Alterado,Geral,Não
750cf57b236b61626f88a0dd427a00b4c5763efd,2024-01-28,2024-W04,Sunday,Alterado o arquivo readme.md,Alterado,Geral,Não
88769e65124434bd0284a729698dd35330462fb9,2024-01-28,2024-W04,Sunday,Alterado o arquivo readme.md,Alterado,Geral,Não
6da7300acef9345416d3daca0ded9e3989393e6e,2024-01-28,2024-W04,Sunday,Alterado o arquivo readme.md,Alterado,Geral,Não
9714f3c58effd2aa6086d8408a52a40239226c0a,2024-01-28,2024-W04,Sunday,Alterado o arquivo readme.md,Alterado,Geral,Não
d508b13e1f14d5a4baa1baaec625c4516f01ff7d,2024-01-28,2024-W04,Sunday,Alterado o arquivo readme.md,Alterado,Geral,Não
8de138a414aab30d161d1614099057aa5ce8d307,2024-01-28,2024-W04,Sunday,Alterado o arquivo readme.md,Alterado,Geral,Não
72c1c52258ff3b3362080979871444599e0571fa,2024-01-27,2024-W04,Saturday,Alterado o arquivo readme.md,Alterado,Geral,Não
ae510adc1fbb0368a497f145730beb52b01adce1,2024-01-27,2024-W04,Saturday,Alterado o arquivo readme.md,Alterado,Geral,Não
af70b232f9f259cabf2598c46ea9d4ae5a6f3c84,2024-01-27,2024-W04,Saturday,Alterado o arquivo readme.md,Alterado,Geral,Não
e1c692693c6b2edbeadede7fccf5db48181cfc84,2024-01-27,2024-W04,Saturday,Alterado o arquivo readme.md,Alterado,Geral,Não
e7ef6b78f1cd115b91ad5cc13c4c4b1cde72aa79,2024-01-27,2024-W04,Saturday,Alterado o arquivo readme.md,Alterado,Geral,Não
09fd7883bfd27adf811cc6751adbb35d2fdd9cb1,2024-01-27,2024-W04,Saturday,Alterado o arquivo readme.md,Alterado,Geral,Não
0d2b4e5afa4e051ff700517f0c8af2ba247f2fff,2024-01-27,2024-W04,Saturday,Alterado o arquivo readme.md,Alterado,Geral,Não
a4ca5ffb5ac785052fb399fd6f621409b6075815,2024-01-27,2024-W04,Saturday,Alterado o arquivo readme.md,Alterado,Geral,Não
cf9dcb416267df00031338155f63c2f7289b67f9,2024-01-27,2024-W04,Saturday,Alterado o arquivo readme.md,Alterado,Geral,Não
efc00a5af7211163ace05558a550480c182dbeba,2024-01-27,2024-W04,Saturday,Alterado o arquivo readme.md,Alterado,Geral,Não
865169ca581becf4ab128400b6878e4bc5e2f426,2024-01-27,2024-W04,Saturday,Alterado o arquivo readme.md,Alterado,Geral,Não
4375a8d9e8bcbd1d0ca0f1ff7ba0a896d551ac16,2024-01-27,2024-W04,Saturday,Alterado o arquivo readme.md,Alterado,Geral,Não
cb048a225724a9338a66487ca6ccd7d462f07ff4,2024-01-27,2024-W04,Saturday,Alterado o arquivo readme.md,Alterado,Geral,Não
58fca2097ed9d2a9dcfcc049a8d6966dc1ea6b58,2024-01-27,2024-W04,Saturday,Alterado o arquivo readme.md,Alterado,Geral,Não
92f4b038e1972a145a0728eb9f176b5eee4cb809,2024-01-27,2024-W04,Saturday,Adicionado a pasta 08 - Network Functions Virtualization (NFV),Adicionado,Virtualization,Não
db2c48ec1279989f12a5e92c1a0fe7e1c47f8c6f,2024-01-24,2024-W04,Wednesday,Alterado o arquivo readme.md,Alterado,Geral,Não
20127910684b1d7bf492fc2378093141f00dae1c,2024-01-24,2024-W04,Wednesday,Alterado o arquivo readme.md,Alterado,Geral,Não
bf30abcde31b69f05ab13dcdb4c208c65d1aa960,2024-01-24,2024-W04,Wednesday,Alterado o arquivo readme.md,Alterado,Geral,Não
603c5921ca283a7cd4beb57530928dd7ca92de9e,2024-01-24,2024-W04,Wednesday,Alterado o arquivo readme.md,Alterado,Geral,Não
022e5e35c54db70dbe75e587ae209a98867c55af,2024-01-24,2024-W04,Wednesday,Alterado o arquivo readme.md,Alterado,Geral,Não
a84f9efccd34c51c30191d434848ded543d49440,2024-01-24,2024-W04,Wednesday,Alterado o arquivo readme.md,Alterado,Geral,Não
edbd9171a7f3bb0d53249fd695d5b841fc3c7d58,2024-01-24,2024-W04,Wednesday,Alterado o arquivo readme.md,Alterado,Geral,Não
e3e7b1abf08c2e250f48cf65a0f08057fdd8721e,2024-01-24,2024-W04,Wednesday,Alterado o arquivo readme.md,Alterado,Geral,Não
7a253230cdd4f95df8d68dc6bb5608ac95720497,2024-01-24,2024-W04,Wednesday,Alterado o arquivo readme.md,Alterado,Geral,Não
4084d63e254de8aa21680c694c2fa90786d22f79,2024-01-24,2024-W04,Wednesday,Alterado o arquivo readme.md,Alterado,Geral,Não
f4d8cb9736ffa82be780c74d5c3a96f9ed90be83,2024-01-24,2024-W04,Wednesday,Alterado o arquivo readme.md,Alterado,Geral,Não
965658fac5c95a43c3a74d1b02cd6b39fb3f7c5f,2024-01-23,2024-W04,Tuesday,Alterado o arquivo readme.md,Alterado,Geral,Não
58bdac85a65ae78bacb2407db50f963827114e4c,2024-01-23,2024-W04,Tuesday,Alterado o arquivo readme.md,Alterado,Geral,Não
71d3edb59007a6eafd8f89bb5771ba8c9dea308a,2024-01-23,2024-W04,Tuesday,Alterado o arquivo readme.md,Alterado,Geral,Não
bdaa40c271f92fbf72ed671fefcedf2534df28df,2024-01-23,2024-W04,Tuesday,Alterado o arquivo readme.md,Alterado,Geral,Não
1b8ce8d901c35bf8de7cef85dc0f223d8809cabe,2024-01-23,2024-W04,Tuesday,Alterado o arquivo readme.md,Alterado,Geral,Não
3120cb561daab901bc1d145d28be9d6f0eec7dd0,2024-01-23,2024-W04,Tuesday,Alterado o arquivo readme.md,Alterado,Geral,Não
7cc80d273c278ab960865c264faf329cdde4e2f4,2024-01-23,2024-W04,Tuesday,Alterado o arquivo readme.md,Alterado,Geral,Não
2f7ef87320c3bd186d3cc7d1995568dd4adf268e,2024-01-23,2024-W04,Tuesday,Alterado o arquivo readme.md,Alterado,Geral,Não
476ed572a3dbafeb3f483da8f0014c6d9b7cdf93,2024-01-23,2024-W04,Tuesday,Alterado o arquivo readme.md,Alterado,Geral,Não
87a9e484334b161b3847cf9514f7b3a94b7f15ff,2024-01-23,2024-W04,Tuesday,Alterado o arquivo readme.md,Alterado,Geral,Não
b81ce184406367be069bc48703d29b532b6af0b9,2024-01-23,2024-W04,Tuesday,Alterado o arquivo readme.md,Alterado,Geral,Não
baf1e42b3fb8e10311e1a33eb0787d3374a21c6b,2024-01-22,2024-W04,Monday,Alterado o arquivo readme.md,Alterado,Geral,Não
25ddad263cdcd7b648fbf4597da5a17140097592,2024-01-21,2024-W03,Sunday,Alterado o arquivo readme.md,Alterado,Geral,Não
f2f4df39533e6078d0db765dd1fa89aa54f1987d,2024-01-21,2024-W03,Sunday,Adicioando a pasta 01,Adicionado,Geral,Não
b5a2b0b3ac809ec3170d8a101dfb5893d61d37cc,2024-01-21,2024-W03,Sunday,Adicioando a pasta 05,Adicionado,Geral,Não
e212cf78248af57c6ba67a7ab670f7dd0232bde6,2024-01-20,2024-W03,Saturday,Alterado o arquivo readme.md,Alterado,Geral,Não
639219fd6d18ac6a973149ee808294439a87014f,2024-01-20,2024-W03,Saturday,Alterado o arquivo readme.md,Alterado,Geral,Não
fb4d24d5a21f32b644aa5028d59ab8984696f4d8,2024-01-20,2024-W03,Saturday,Alterado o arquivo readme.md,Alterado,Geral,Não
ba2bde244e6718a27449c713a34b7cc75191c907,2024-01-20,2024-W03,Saturday,Alterado o arquivo readme.md,Alterado,Geral,Não
14e4efe7fc175e478b1f2eefef2f96acf93a11ac,2024-01-20,2024-W03,Saturday,Alterado o arquivo readme.md,Alterado,Geral,Não
4b46f08503fffe6f4627a3345309095291e746b6,2024-01-20,2024-W03,Saturday,Alterado o arquivo readme.md,Alterado,Geral,Não
b0f6e8fa24b7ba29a1abae51a53db9fc33bcd9be,2024-01-20,2024-W03,Saturday,Alterado o arquivo readme.md,Alterado,Geral,Não
858262d598f951e291dba482fa1b7fb79bceb8ac,2024-01-20,2024-W03,Saturday,Alterado o arquivo readme.md,Alterado,Geral,Não
f9e4d42196bd9f1ccd1f1374b0e22f1be73443ce,2024-01-20,2024-W03,Saturday,Alterado o arquivo readme.md,Alterado,Geral,Não
ac99dc1205fd939f3e5f6e821284006cd444a3cf,2024-01-20,2024-W03,Saturday,Alterado o arquivo readme.md,Alterado,Geral,Não
8613badc3fc5a4430e32ba4bf33b661e0a168540,2024-01-20,2024-W03,Saturday,Alterado o arquivo readme.md,Alterado,Geral,Não
436ee8225fb4c606867f4fa349cae8e0130b96ec,2024-01-20,2024-W03,Saturday,Alterado o arquivo readme.md,Alterado,Geral,Não
d5a00b957bce217d17b556800900a15d233dca56,2024-01-20,2024-W03,Saturday,Alterado o arquivo readme.md,Alterado,Geral,Não
5e59bc2b133c9e96fc2985774865d2f7611bb94b,2024-01-20,2024-W03,Saturday,Alterado o arquivo readme.md,Alterado,Geral,Não
aa7db36cdcd84a4a9793e962bb58e7a759118281,2024-01-20,2024-W03,Saturday,Alterado o arquivo readme.md,Alterado,Geral,Não
369b945f5f2e5bbc3f7316944c87ae39f2af46e0,2024-01-20,2024-W03,Saturday,Alterado o arquivo readme.md,Alterado,Geral,Não
b2ae2bb437a4e6510d91b2bcedefae0b81506bab,2024-01-20,2024-W03,Saturday,Alterado o arquivo readme.md,Alterado,Geral,Não
24e56328c7952a0e6ac5a874c1c9ce5232a8f801,2024-01-20,2024-W03,Saturday,Alterado o arquivo readme.md,Alterado,Geral,Não
06ae7d7e41ba74d2cfd5c327dd25c58b4b453ca4,2024-01-20,2024-W03,Saturday,Alterado o arquivo readme.md,Alterado,Geral,Não
15219a139535bc738a0a777bca1322e6dacb6f9d,2024-01-20,2024-W03,Saturday,Alterado o arquivo readme.md,Alterado,Geral,Não
fcc11686863840da325acefa78febfc9d1a40dfd,2024-01-20,2024-W03,Saturday,Alterado o arquivo readme.md,Alterado,Geral,Não
ca621d660c38c37747d3e14c2225e0c478d593b7,2024-01-20,2024-W03,Saturday,Alterado o arquivo readme.md,Alterado,Geral,Não
16ba9a749c1a25989a22f400d246a377a08a82d1,2024-01-20,2024-W03,Saturday,Alterado o arquivo readme.md,Alterado,Geral,Não
b2340410dbf19400992a703dc64c588ca463adea,2024-01-20,2024-W03,Saturday,Adicionado a pasta 07,Adicionado,Geral,Não
46d7666e44416b6189fa1cc07f12b3d2b86845ca,2024-01-20,2024-W03,Saturday,Alterado o arquivo readme.md,Alterado,Geral,Não
16651208fb591964489e468fda797fd61fa9cfc3,2024-01-20,2024-W03,Saturday,Alterado o arquivo readme.md,Alterado,Geral,Não
0e59472e1abf83e8e5e050f09800970554e2409d,2024-01-20,2024-W03,Saturday,Alterado o arquivo readme.md,Alterado,Geral,Não
31a6f47c8dfea0af3633ec743e28e2b9e028a409,2024-01-20,2024-W03,Saturday,Alterado o arquivo readme.md,Alterado,Geral,Não
1af823b8e255bc64a6a0e6660d634f0506addd85,2024-01-20,2024-W03,Saturday,Alterado o arquivo readme.md,Alterado,Geral,Não
52cdf514e7bf01827a3496f51f4523cd4ddbdcae,2024-01-20,2024-W03,Saturday,Alterado o arquivo readme.md,Alterado,Geral,Não
c46e2b7a05f6705e603708b6d1499f1b8bc13531,2024-01-20,2024-W03,Saturday,Alterado o arquivo readme.md,Alterado,Geral,Não
45a344c66988fee350a6c67592fe0e3b6fcdee02,2024-01-20,2024-W03,Saturday,Alterado o arquivo readme.md,Alterado,Geral,Não
43698ba45b5ff96091094272d4b9b5bac31705a9,2024-01-20,2024-W03,Saturday,Alterado o arquivo readme.md,Alterado,Geral,Não
ab92bb751e5355b675ac77f10c5351034f81bbd1,2024-01-20,2024-W03,Saturday,Alterado o arquivo readme.md,Alterado,Geral,Não
aa9f06ace223741fac6291c842ad13ab16d39195,2024-01-19,2024-W03,Friday,Alterado o arquivo readme.md,Alterado,Geral,Não
1ac79f7e5b091812a7ae5baf07485bbda266fc9d,2024-01-19,2024-W03,Friday,Alterado o arquivo readme.md,Alterado,Geral,Não
8e379d16ab9128d0e0ce90f3de23a1f20ad687bc,2024-01-19,2024-W03,Friday,Alterado o arquivo readme.md,Alterado,Geral,Não
ca894568b9e85362b786eb1252962b54aa8971e9,2024-01-19,2024-W03,Friday,Alterado o arquivo readme.md,Alterado,Geral,Não
42c1413c719ffd81976f9cb66b8bc7658e8ed65f,2024-01-19,2024-W03,Friday,Alterado o arquivo readme.md,Alterado,Geral,Não
a1388e6ef943d19333e38363e6642bcbe4edb91f,2024-01-18,2024-W03,Thursday,Alterado o arquivo readme.md,Alterado,Geral,Não
5b41a3aecce534e1ab4e0e89a28b92975a2eda36,2024-01-18,2024-W03,Thursday,Acertado imagens MainFrame,Acertado,Geral,Não
db36567fcdeeb32ae93a8435ff1bfd0292ab65c8,2024-01-18,2024-W03,Thursday,Acertado imagens MainFrame,Acertado,Geral,Não
374c1cc463be17bf3d9860c5f7c18389d3e22a0c,2024-01-18,2024-W03,Thursday,Acertado imagens MainFrame,Acertado,Geral,Não
816da3bac3aaf6881eda5204c986cd8b2461f688,2024-01-18,2024-W03,Thursday,Acertado imagens MainFrame,Acertado,Geral,Não
440b533dee476de159c8306c8d9d4b3540817295,2024-01-18,2024-W03,Thursday,Acertado erros de pastas e imagens,Acertado,Geral,Não
0d0d1225f6331ad44e03210efd229603c6877b73,2024-01-18,2024-W03,Thursday,Acertado erros de pastas e imagens,Acertado,Geral,Não
c4e247dcfc53816e93c388fb357df74ba171c4be,2024-01-18,2024-W03,Thursday,Acertado pastas,Acertado,Geral,Não
9ca2a0a890e39a76a5de48abff76cbc06d061015,2024-01-18,2024-W03,Thursday,Acertado pastas,Acertado,Geral,Não
bc80b3e78c34efe769bf8b4cdc95edbeee1fc4f2,2024-01-18,2024-W03,Thursday,Alterado o arquivo readme.md,Alterado,Geral,Não
a69e0a9762cb5817c791dcc50ccf9791bf111e27,2024-01-18,2024-W03,Thursday,Alterado o arquivo readme.md,Alterado,Geral,Não
be457c05a99ac0a73f9d8e3c448b58ff58f13537,2024-01-18,2024-W03,Thursday,Ajustado indices de pastas e adicionado a pasta 02 - O que são VMS,Ajustado,Geral,Não
6d207620f14e7844d5bd1836add3822391f23d2a,2024-01-18,2024-W03,Thursday,Alterado o arquivo readme.md,Alterado,Geral,Não
e8d472da5f230354db142b477ed903ee56e591e7,2024-01-18,2024-W03,Thursday,Alterado o arquivo readme.md,Alterado,Geral,Não
88b383d54396474367521a862222676ec4d16a2d,2024-01-18,2024-W03,Thursday,Alterado o arquivo readme.md,Alterado,Geral,Não
bf6490f0226b474dc8952be5fed8d7478aa822a6,2024-01-18,2024-W03,Thursday,Alterado o arquivo readme.md,Alterado,Geral,Não
6f5e9e53aa4d4cb78d8e1f5e3486e0477d2afa58,2024-01-18,2024-W03,Thursday,Alterado o arquivo readme.md,Alterado,Geral,Não
738bf5cadd74462328d188b27dad94929c9e4568,2024-01-18,2024-W03,Thursday,Alterado o arquivo readme.md,Alterado,Geral,Não
20963c026bc16e814d3380ab4ddb07bf06140045,2024-01-18,2024-W03,Thursday,Alterado o arquivo readme.md,Alterado,Geral,Não
dcf7e1a287aafc687b3b44471c5a27de7dd99e1c,2024-01-18,2024-W03,Thursday,Alterado o arquivo readme.md,Alterado,Geral,Não
722a6f964185dcc6a9339fd5acf65198b86d1aec,2024-01-18,2024-W03,Thursday,Alterado o arquivo readme.md,Alterado,Geral,Não
897c80cae8b36c0b7adee0c89c723b142f28ebb9,2024-01-18,2024-W03,Thursday,Alterado o arquivo readme.md,Alterado,Geral,Não
81f47b554a14ec73be72f4ff79afaf2d178dada5,2024-01-18,2024-W03,Thursday,Alterado o arquivo readme.md,Alterado,Geral,Não
7a1458ec77708d3c16cab5b47199916df6efac46,2024-01-18,2024-W03,Thursday,Alterado o arquivo readme.md,Alterado,Geral,Não
162b2c9ae76e81e02e42dc903ffaae6db37c7d3c,2024-01-18,2024-W03,Thursday,Adicionado a pasta 04,Adicionado,Geral,Não
8fa99ea80817f508aedc662b91f3f6d9ae187a4d,2024-01-18,2024-W03,Thursday,Adicionado a pasta 04,Adicionado,Geral,Não
449bc445257f0e73af429d7bd671b8de91827fde,2024-01-18,2024-W03,Thursday,Adicionado a pasta 04,Adicionado,Geral,Não
4f3c7ae3a301da6353030031eacaeb080b51a2d5,2024-01-18,2024-W03,Thursday,Adicionado a pasta 04,Adicionado,Geral,Não
37535f8412bf9c7f21f25b7c62da8ed2dc19a34e,2024-01-18,2024-W03,Thursday,Adicionado a pasta 04,Adicionado,Geral,Não
10fee7727f9125f7aaea25101214ff5aac8d666f,2024-01-18,2024-W03,Thursday,Adicionado a pasta 04,Adicionado,Geral,Não
1eeba407918d7cb02bf9eaa2b413a02ae6fea3bb,2024-01-18,2024-W03,Thursday,Adicionado a pasta 04,Adicionado,Geral,Não
c98ad2771d9ec9e3130947162147c76257471ab5,2024-01-18,2024-W03,Thursday,Adicionado a pasta 04,Adicionado,Geral,Não
f4d133d26976a17b4ef5978f794d57c3d7287021,2024-01-18,2024-W03,Thursday,Adicionado a pasta 04,Adicionado,Geral,Não
b8612d44b9bb1e474f38c5b26de7f4bfc24bfde9,2024-01-18,2024-W03,Thursday,Alterado o arquivo readme.md,Alterado,Geral,Não
d50d850cf3d2d3b4e044decd76b2b59facfb2dff,2024-01-18,2024-W03,Thursday,Alterado o arquivo readme.md,Alterado,Geral,Não
321feb0ee263d70be7d55de72830a7b150e14180,2024-01-18,2024-W03,Thursday,Alterado o arquivo readme.md,Alterado,Geral,Não
5176c9fd09f6649aae9b97d8d75ea80148a93924,2024-01-18,2024-W03,Thursday,Alterado o arquivo readme.md,Alterado,Geral,Não
42c86efd68f839a22ddc1ba0ff3cb2da677155bb,2024-01-18,2024-W03,Thursday,Alterado o arquivo readme.md,Alterado,Geral,Não
22da17c50fbffe7d46adb060211cfe77c6c25e4e,2024-01-18,2024-W03,Thursday,Alterado o arquivo readme.md,Alterado,Geral,Não
58b1f794de7953967df73165d6ee0069154b42fb,2024-01-18,2024-W03,Thursday,Alterado o arquivo readme.md,Alterado,Geral,Não
5c2fa1e5bd17adbaaedfa5b5248100eee744dcb2,2024-01-18,2024-W03,Thursday,Alterado o arquivo readme.md,Alterado,Geral,Não
a6496a1e45b8d63570d32d99134303d121d586f6,2024-01-18,2024-W03,Thursday,Alterado o arquivo readme.md,Alterado,Geral,Não
b22da16686658939b020092b091dd0340bf7d0ce,2024-01-18,2024-W03,Thursday,Alterado o arquivo readme.md,Alterado,Geral,Não
e184984976cc6b7d8b4782807cdc8c0ea02f6e90,2024-01-18,2024-W03,Thursday,Alterado o arquivo readme.md,Alterado,Geral,Não
fa9051622dfeaa46c4d8815c37dd2cf56dfa596b,2024-01-18,2024-W03,Thursday,Alterado o arquivo readme.md,Alterado,Geral,Não
3069d82fd31d36dec386d11a42db9d95e90c18a4,2024-01-18,2024-W03,Thursday,Alterado o arquivo readme.md,Alterado,Geral,Não
cbc9e22d88b974f3e06491eefb66aeac09632cde,2024-01-18,2024-W03,Thursday,Alterado o arquivo readme.md,Alterado,Geral,Não
128b71bcff43b3ac2c66d015e89dd2b560804122,2024-01-18,2024-W03,Thursday,Alterado o arquivo readme.md,Alterado,Geral,Não
d06c825d8859353092d7ca96d219981f6bc09932,2024-01-18,2024-W03,Thursday,Alterado o arquivo readme.md,Alterado,Geral,Não
d54befb19428652b0d9b490fb1fedc29e136a6eb,2024-01-18,2024-W03,Thursday,Alterado o arquivo readme.md,Alterado,Geral,Não
3c680e9170a47fe8f860efb69e4ac732786ecf79,2024-01-18,2024-W03,Thursday,Alterado o arquivo readme.md,Alterado,Geral,Não
e781e74c26ea1924a70cc225b8869ed579ec3e9a,2024-01-18,2024-W03,Thursday,Adicionado a pasta 03,Adicionado,Geral,Não
4024b206c2a97d54892e23cc215d0acbcc801d8b,2024-01-17,2024-W03,Wednesday,Alterado o arquivo readme.md,Alterado,Geral,Não
9dbeca27f7a9843554843136fd3783fa4479dbf9,2024-01-17,2024-W03,Wednesday,Alterado o arquivo readme.md,Alterado,Geral,Não
257b9c0d5c625a18b623112d602af819f625a68e,2024-01-17,2024-W03,Wednesday,Alterado o arquivo readme.md,Alterado,Geral,Não
5a0a968f8c41a6bac8db191964746da8bddde74e,2024-01-17,2024-W03,Wednesday,Alterado o arquivo readme.md,Alterado,Geral,Não
7c822f80b8f723086769356b032e4639542f2bc8,2024-01-17,2024-W03,Wednesday,Alterado o arquivo readme.md,Alterado,Geral,Não
61f8f0f6f15ead520c03a7943b1b12d93470e92c,2024-01-17,2024-W03,Wednesday,Alterado o arquivo readme.md,Alterado,Geral,Não
a4dd661bf3453d69707078841116453ead36ddf4,2024-01-17,2024-W03,Wednesday,Alterado o arquivo readme.md,Alterado,Geral,Não
c27e46b89e3bae0f9dec96fcefb4cb2393c3c9af,2024-01-17,2024-W03,Wednesday,Alterado o arquivo readme.md,Alterado,Geral,Não
cf10ffd609d3111384932341faa3b09ee2f97640,2024-01-17,2024-W03,Wednesday,Alterado o arquivo readme.md,Alterado,Geral,Não
84c8563d63218ef2928e313cc0bb3769aea79579,2024-01-17,2024-W03,Wednesday,Alterado o arquivo readme.md,Alterado,Geral,Não
4ac97f3375926915b4a47634ae1df4e9b4e64e9f,2024-01-17,2024-W03,Wednesday,Alterado o arquivo readme.md,Alterado,Geral,Não
c446d974bc6d5baad52541ca5083b56b277e4d1c,2024-01-17,2024-W03,Wednesday,Alterado o arquivo readme.md,Alterado,Geral,Não
3cad22d71b3933416e7dd1c6909454ec2ac8ae35,2024-01-17,2024-W03,Wednesday,alterado  arquivo readme.md,Alterado,Geral,Não
5dae2977def97272fe6572a33b3345312f5abb28,2024-01-17,2024-W03,Wednesday,alterado  arquivo readme.md,Alterado,Geral,Não
acdeff4a77549fddc6e4dd51c4cd655b86158be4,2024-01-17,2024-W03,Wednesday,alterado  arquivo readme.md,Alterado,Geral,Não
4a00104e5cb64e76af9fc4d06e26a3fe4b303aba,2024-01-17,2024-W03,Wednesday,alterado  arquivo readme.md,Alterado,Geral,Não
4e22a4b4eceaf065f5574c33aa28c85c7000e5b1,2024-01-17,2024-W03,Wednesday,alterado  arquivo readme.md,Alterado,Geral,Não
27063365589e74b30c66ba9c64229c10fc5ef1b0,2024-01-17,2024-W03,Wednesday,alterado  arquivo readme.md,Alterado,Geral,Não
831f26ff75341ca3ffb971d1c301ca667024875e,2024-01-17,2024-W03,Wednesday,alterado  arquivo readme.md,Alterado,Geral,Não
cc7732ac53d00ad963778cf9cf7625b02e1a9f69,2024-01-17,2024-W03,Wednesday,alterado  arquivo readme.md,Alterado,Geral,Não
92c2c590dfec84f33ff1b2b87cedc9696f9ec56a,2024-01-17,2024-W03,Wednesday,alterado  arquivo readme.md,Alterado,Geral,Não
d8cbcac26e3e8bdbfca3061e76a6e493956d8163,2024-01-17,2024-W03,Wednesday,alterado  arquivo readme.md,Alterado,Geral,Não
aad3012acceab662c6898fd6e391482dbbc7106a,2024-01-17,2024-W03,Wednesday,alterado  arquivo readme.md,Alterado,Geral,Não
d03550299aa2592f69fbb85a09c436ea608d43c8,2024-01-17,2024-W03,Wednesday,Adicionado as pastas 01 e 02,Adicionado,Geral,Não
7bf1d50ea4b54429488e60239f82090d75925ea9,2024-01-17,2024-W03,Wednesday,Alterado o arquivo readme.md,Alterado,Geral,Não
938eafa63db8f66c894d61922011530891796f6c,2024-01-16,2024-W03,Tuesday,Alterado o arquivo readme.md,Alterado,Geral,Não
d196a277b072c371cabcdfe27351bf84bc8491d8,2024-01-16,2024-W03,Tuesday,Alterado o arquivo readme.md,Alterado,Geral,Não
a52d09cb429a40681ab0054fe5561a1ba223870b,2024-01-16,2024-W03,Tuesday,Alterado o arquivo readme.md,Alterado,Geral,Não
4c90b732d758e293b072f148b7e270332952abcb,2024-01-16,2024-W03,Tuesday,Alterado o arquivo readme.md,Alterado,Geral,Não
4ff9af19043c1c55c53d2fd3f2b5746f0f7c2aef,2024-01-16,2024-W03,Tuesday,Alterado o arquivo readme.md,Alterado,Geral,Não
b4c1cf514682dcb80845353af25a7d5bceca9e09,2024-01-16,2024-W03,Tuesday,Alterado o arquivo readme.md,Alterado,Geral,Não
84a39a81ef680dda27e27340bab91e5b1d714060,2024-01-16,2024-W03,Tuesday,Adicionado a pasta 05,Adicionado,Geral,Não
19e4395f6f3fbdcab0459e2def598604fc4cdda6,2024-01-09,2024-W02,Tuesday,Alterado o arquivo readme.md,Alterado,Geral,Não
af9cb579e5cbf599f7f61f66f23a3b058d6cfc3a,2024-01-09,2024-W02,Tuesday,Alterado o arquivo readme.md,Alterado,Geral,Não
33eea6b31be6ffa4be07cabcba080e3d8c501cb8,2024-01-09,2024-W02,Tuesday,Alterado o arquivo readme.md,Alterado,Geral,Não
35c98ffda4bcafd5130fc85e611ae7142e1e8b6a,2024-01-09,2024-W02,Tuesday,Adicionado a pasta 03 - Hypervisor do Tipo 2,Adicionado,Geral,Não
15a19056a7955554edbae47a2744fa9d221787d7,2024-01-09,2024-W02,Tuesday,Atualizado o blueprint,Atualizado,Geral,Não
9cb55619839c9711e01107ce13104b7c8f18c33f,2024-01-09,2024-W02,Tuesday,Alterado o arquivo readme.md,Alterado,Geral,Não
388619c5faba81f16c3fff46856ba0bcf21507d4,2024-01-09,2024-W02,Tuesday,Alterado o arquivo readme.md,Alterado,Geral,Não
c17c5802300bd4c4bf3bf60316b2e19ed46a7f9b,2024-01-09,2024-W02,Tuesday,Alterado o arquivo readme.md,Alterado,Geral,Não
03863cbb6b7f803409c0d994d44b0764498eb102,2024-01-09,2024-W02,Tuesday,Alterado o arquivo readme.md,Alterado,Geral,Não
263f14c2c245d5dbd96293b8d8e020c41cb0c54d,2024-01-09,2024-W02,Tuesday,Alterado o arquivo readme.md,Alterado,Geral,Não
c7969e7002eac01ded837b2d2ba3533201cba146,2024-01-09,2024-W02,Tuesday,Alterado o arquivo readme.md,Alterado,Geral,Não
1f82bc0c51716da4c38832d2fe44206c4f45352f,2024-01-09,2024-W02,Tuesday,Alterado o arquivo readme.md,Alterado,Geral,Não
8517326c4cff2fa5cd4bb49fed408a3fbb6d09c8,2024-01-09,2024-W02,Tuesday,Alterado o arquivo readme.md,Alterado,Geral,Não
c4058806df54e8f90fe776129a03e0421ba1a3a2,2024-01-09,2024-W02,Tuesday,Adicionado a pasta 02 - Hypervisor Tipo 01,Adicionado,Geral,Não
85762c600231f57274f1a9db33894987a25ed901,2024-01-09,2024-W02,Tuesday,Alterado o arquivo readme.md,Alterado,Geral,Não
2e4e9133cac062c174d508bb641635d3dfb21ead,2024-01-08,2024-W02,Monday,Adicionado a pasta 01 do ítem 02 - Virtualização,Adicionado,Virtualization,Não
f5b86d1ca65046b84fc8e1c69d12943ea6ae7112,2024-01-06,2024-W01,Saturday,Alterad o arquivo readme.md,Alterado,Geral,Não
9514bdac257c2654da86735878866cced4c2248f,2024-01-06,2024-W01,Saturday,Alterad o arquivo readme.md,Alterado,Geral,Não
17c1c519bad39d8d7c940bf500647c2b77bf0edf,2024-01-06,2024-W01,Saturday,Alterad o arquivo readme.md,Alterado,Geral,Não
b27a00c43844c1f35374bf2d55bd7e1d12f98c66,2024-01-06,2024-W01,Saturday,Alterad o arquivo readme.md,Alterado,Geral,Não
a67f1f61e38481997aec4fd92307a3dc0fcd406b,2024-01-06,2024-W01,Saturday,Alterad o arquivo readme.md,Alterado,Geral,Não
5f1cb710d6d681f1923f4be2e7d4d32da84dfcf8,2024-01-06,2024-W01,Saturday,Alterad o arquivo readme.md,Alterado,Geral,Não
3ae9d3498b8237a5518cb16758b3cccfd3bc9209,2024-01-06,2024-W01,Saturday,Alterad o arquivo readme.md,Alterado,Geral,Não
4b80d815177dc149e4519e1b3cfda85007b1d829,2024-01-06,2024-W01,Saturday,Alterad o arquivo readme.md,Alterado,Geral,Não
bc5a118b01cbe1f8b57bf62b8c915b61650ac7aa,2024-01-06,2024-W01,Saturday,Alterad o arquivo readme.md,Alterado,Geral,Não
35f2a02e21e3b6bf936db2261c5817c677471e2f,2024-01-06,2024-W01,Saturday,Adicionado a pasta 08,Adicionado,Geral,Não
826a1f6591852cb3685642616f89c3271688793f,2024-01-05,2024-W01,Friday,Alterado o arquivo readme.md,Alterado,Geral,Não
4bbc0812efe9d2f31de3012d17cbc3280895ec9d,2024-01-05,2024-W01,Friday,Alterado o arquivo readme.md,Alterado,Geral,Não
3e65642126f39bd317cdd7253fe1a325578ef18c,2024-01-05,2024-W01,Friday,Alterado o arquivo readme.md,Alterado,Geral,Não
0cc8e363a45bdf95c7ee93c70b3a615d51afaa41,2024-01-05,2024-W01,Friday,Alterado o arquivo readme.md,Alterado,Geral,Não
2af208a31a54a340c7267dcf36e4ca5540fb93c1,2024-01-05,2024-W01,Friday,Alterado o arquivo readme.md,Alterado,Geral,Não
c3b21da8c04bd3bcdf347466d02e3efffb87237b,2024-01-05,2024-W01,Friday,Alterado o arquivo readme.md,Alterado,Geral,Não
28ed1452e6dd73dc4f936fd9eaaef59197441677,2024-01-05,2024-W01,Friday,Alterado o arquivo readme.md,Alterado,Geral,Não
8166d187e7e67c9d57aa88398fb43e70055809f0,2024-01-05,2024-W01,Friday,Alterado o arquivo readme.md,Alterado,Geral,Não
3a68da8ee77652e4e33192ee027b02178ac1ad05,2024-01-05,2024-W01,Friday,Alterado o arquivo readme.md,Alterado,Geral,Não
e19b628b8c7f35902ec071cb78640d0999150946,2024-01-05,2024-W01,Friday,Alterado o arquivo readme.md,Alterado,Geral,Não
49541224be4396b5461c4e65bbd869d22e8ce950,2024-01-05,2024-W01,Friday,Alterado o arquivo readme.md,Alterado,Geral,Não
68d8c1d631eb49f64a1e7ae69e1de362ac9f95e8,2024-01-05,2024-W01,Friday,Alterado o arquivo readme.md,Alterado,Geral,Não
98c8e5ff218442553ce0d5ea120378a5aa5d167c,2024-01-05,2024-W01,Friday,Alterado o arquivo readme.md,Alterado,Geral,Não
6dd6272a6a4db358090cd7923edb90861bbeb36a,2024-01-05,2024-W01,Friday,Alterado o arquivo readme.md,Alterado,Geral,Não
692045f4bf7eaa54e77494551682c04fe2b861ad,2024-01-05,2024-W01,Friday,Adicionado a pasta 07,Adicionado,Geral,Não
310228e95ff96e5ece738cc44f6ed06a2a25ea03,2024-01-05,2024-W01,Friday,Adicionado a nova pasta 06,Adicionado,Geral,Não
ce4bbf3b876ec375d7fb4dd73b003031a5c7cdb0,2024-01-05,2024-W01,Friday,Adicionado a nova pasta 06,Adicionado,Geral,Não
55d5355d04926ab7bcee751a6d56cb2d5e671492,2024-01-05,2024-W01,Friday,Adicionado a nova pasta 06,Adicionado,Geral,Não
bb977fab98e724f4f2fbe5622dffdfd27b6d20e9,2024-01-05,2024-W01,Friday,Adicionado a nova pasta 06,Adicionado,Geral,Não
0ceec5259fb6e67c6e084ca64bbc3f92b732bf16,2024-01-05,2024-W01,Friday,Adicionado a nova pasta 06,Adicionado,Geral,Não
273a9961b37d12895a168cb6a050a7c56aac2535,2024-01-05,2024-W01,Friday,Adicionado a nova pasta 06,Adicionado,Geral,Não
c47df0ba46319b044dc2a43dfc26520c5e210247,2024-01-05,2024-W01,Friday,Adicionado a nova pasta 06,Adicionado,Geral,Não
85ba55432b94857fb7a76fb92f3663a4a8d1a2bf,2024-01-05,2024-W01,Friday,Apagado a pasta 5,Removido,Geral,Não
143db2f826456081cd8aeb273e738dc32cd4d681,2024-01-05,2024-W01,Friday,Alterado o arquivo readme.md,Alterado,Geral,Não
14bb0c9b001ae94729dee98db0017057eb19b113,2024-01-05,2024-W01,Friday,Alterado o arquivo readme.md,Alterado,Geral,Não
52f1b188bb3abc513d1c4575174ce6a18eef11fc,2024-01-05,2024-W01,Friday,Alterado o arquivo readme.md,Alterado,Geral,Não
0414aa10c2128f1c73342317af5aa3e7b500563a,2024-01-05,2024-W01,Friday,Alterado o arquivo readme.md,Alterado,Geral,Não
6c89dd96399e4fcd5339f5b94101c898e3ef791d,2024-01-05,2024-W01,Friday,Alterado o arquivo readme.md,Alterado,Geral,Não
93c07c569a3486f512db88c1cc79cba50f41240c,2024-01-05,2024-W01,Friday,Alterado o arquivo readme.md,Alterado,Geral,Não
9d27a5195079bbfb4e457811c80d2e4071090c7e,2024-01-05,2024-W01,Friday,Alterado o arquivo readme.md,Alterado,Geral,Não
e47f27167c6aa2f3be5bde193ac77d500131a0b1,2024-01-05,2024-W01,Friday,Alterado o arquivo readme.md,Alterado,Geral,Não
23e67358d2fcb96138f7f5a4557718ba36a23dab,2024-01-05,2024-W01,Friday,Alterado o nome da pasta 05,Alterado,Geral,Não
2b67935b7b2047a332426227bbaf2daca0a55860,2024-01-05,2024-W01,Friday,Adicionado a pasta Blueprint,Adicionado,Geral,Não
7a6efa4c06cbccc67903a92f30ff52be43a1c36a,2024-01-05,2024-W01,Friday,Alterado o nome da pasta 05,Alterado,Geral,Não
6e639eed73fa472a6e9aab99ff00479a98d18fc1,2024-01-05,2024-W01,Friday,Alterado o nome da pasta 05,Alterado,Geral,Não
8f52538e0c628bc9ebac77b8ab7a6a92b1628647,2024-01-05,2024-W01,Friday,Aletardo o arquivo readme.md,Alterado,Geral,Não
84f417100f672b5f616790cb923d25609e809136,2024-01-05,2024-W01,Friday,Aletardo o arquivo readme.md,Alterado,Geral,Não
abc9dac91e1f33f909bbac898b49b7927b4dfee1,2024-01-05,2024-W01,Friday,Aletardo o arquivo readme.md,Alterado,Geral,Não
40b3ca2e7d43ab48f265fc0ec37e6ffc52dc3088,2024-01-05,2024-W01,Friday,Aletardo o arquivo readme.md,Alterado,Geral,Não
28a4b5ba882c164a75f4d951269c2826b424a623,2024-01-05,2024-W01,Friday,Aletardo o arquivo readme.md,Alterado,Geral,Não
78190790db90c1124f756405d7a8588a59681829,2024-01-05,2024-W01,Friday,Aletardo o arquivo readme.md,Alterado,Geral,Não
1a8f2b96e15211b0b28a65f4cf9cdb11ab5d4242,2024-01-05,2024-W01,Friday,Aletardo o arquivo readme.md,Alterado,Geral,Não
2be935efadeb31a4359f3b1fac03745d697d4203,2024-01-05,2024-W01,Friday,Aletardo o arquivo readme.md,Alterado,Geral,Não
099a650079ca3a9370d728854b2601417029040f,2024-01-05,2024-W01,Friday,Aletardo o arquivo readme.md,Alterado,Geral,Não
52c7cccd5d969909f6c59476e5162d9d55c2090d,2024-01-05,2024-W01,Friday,Aletardo o arquivo readme.md,Alterado,Geral,Não
936398f556cf71faa537367176b69a8bdea02baf,2024-01-05,2024-W01,Friday,Aletardo o arquivo readme.md,Alterado,Geral,Não
36e389e2ee96bfa91c128f1c0e30734bcaf3dcf7,2024-01-05,2024-W01,Friday,Aletardo o arquivo readme.md,Alterado,Geral,Não
89d71a42d1ee98a0ca6f40501a8653ed20b84cf2,2024-01-04,2024-W01,Thursday,Aletardo o arquivo readme.md,Alterado,Geral,Não
7bfffa44b525301b7b49dab13e2735149399e662,2024-01-04,2024-W01,Thursday,Aletardo o arquivo readme.md,Alterado,Geral,Não
6080ecee9d5669a2c83865967343df9baeb91fa8,2024-01-04,2024-W01,Thursday,Adicionado a pasta 05,Adicionado,Geral,Não
3ee24b8596d5a7d8abed734c203344b70e3e06ce,2024-01-04,2024-W01,Thursday,Alterado o arquivo readme.md,Alterado,Geral,Não
1b512e868f54778033a58547c6e37b590bcd9f58,2024-01-04,2024-W01,Thursday,Alterado o arquivo readme.md,Alterado,Geral,Não
d4bc30987f8c274f23ec8d0bf23f94c6ea0fe9cb,2024-01-04,2024-W01,Thursday,Alterado o arquivo readme.md,Alterado,Geral,Não
c09c9846d381faf4232c3acfe313cad3427eff4a,2024-01-04,2024-W01,Thursday,Alterado o arquivo readme.md,Alterado,Geral,Não
1a2ca936649353fff647673b11ba7f093fb368f9,2024-01-04,2024-W01,Thursday,Alterado o arquivo readme.md,Alterado,Geral,Não
97853c1aad7c02df080976953778024a8f9e39a0,2024-01-04,2024-W01,Thursday,Adicionado a pasta 04 Switching Distribuido e Centralizado,Adicionado,Geral,Não
4c59080c34795862132842f5f883bd6b4aedb1cc,2024-01-04,2024-W01,Thursday,Alterado o arquivo readme.md,Alterado,Geral,Não
d07878fec63c0f7683915a75c55a3e82ba5121c2,2024-01-04,2024-W01,Thursday,Alterado o arquivo readme.md,Alterado,Geral,Não
1d92bad13c33da9a088f3a6b1d32ca1084671e3d,2024-01-04,2024-W01,Thursday,Alterado o arquivo readme.md,Alterado,Geral,Não
90e38364e399fd1ce811e8901ad4231f6d2601c1,2024-01-04,2024-W01,Thursday,Alterado o arquivo readme.md,Alterado,Geral,Não
ebacf2eeb6110d373daa92d990916cb3d44136e3,2024-01-04,2024-W01,Thursday,Alterado o arquivo readme.md,Alterado,Geral,Não
1001e85ad79bf9947b76cbb8f5324d47411e83cc,2024-01-04,2024-W01,Thursday,Adicionado a pasta 03,Adicionado,Geral,Não
195d1e6becad411b6d73221b5d12d6247fcef2a9,2024-01-03,2024-W01,Wednesday,Alterado o arquivo readme.md,Alterado,Geral,Não
8f796fb8dc2a4a45c6ed2d705485be7311a4a1aa,2024-01-03,2024-W01,Wednesday,Alterado o arquivo readme.md,Alterado,Geral,Não
fc77816674fcce85dce9ee7fb9864651accfa7e8,2024-01-03,2024-W01,Wednesday,Alterado o arquivo readme.md,Alterado,Geral,Não
f999254c3d304f4005df7c47f2309391f4cd10f7,2024-01-03,2024-W01,Wednesday,Alterado o arquivo readme.md,Alterado,Geral,Não
030f640eb6f1cada09e9bb8752192549df042ca8,2024-01-03,2024-W01,Wednesday,Alterado o arquivo readme.md,Alterado,Geral,Não
7268775ef27df6cf9c6bccd8ac44d4394edf0e8c,2024-01-03,2024-W01,Wednesday,Alterado o arquivo readme.md,Alterado,Geral,Não
4a5afc70441584769ef266f9bc2944aba94625b8,2024-01-03,2024-W01,Wednesday,Adicionado a pasta 02,Adicionado,Geral,Não
0d9fa2a5a1c86f5601ed13777462217b18c832bc,2024-01-03,2024-W01,Wednesday,Adicionado a pasta 02,Adicionado,Geral,Não
034033381c4de5d347cde1dc0713e366066b38a5,2024-01-03,2024-W01,Wednesday,Adicionado a pasta 02,Adicionado,Geral,Não
2685ce1f1e6618c6817a5d347c728c772db2b6a2,2024-01-03,2024-W01,Wednesday,Removido pasta de progresso,Removido,Geral,Não
9fb0c6543463c187439b9d64658731b3501fdd01,2024-01-02,2024-W01,Tuesday,Adicionado a pasta BLUEPRINT E PROGRESSO,Adicionado,Geral,Não
eba8825971589ca20a1a59dc6e1d976939e42b37,2024-01-02,2024-W01,Tuesday,Adicionado a pasta 24,Adicionado,Geral,Não
bdd1b4b812161a9f482385b9f526cc77abe67830,2023-12-30,2023-W52,Saturday,Alterado o arquivo readme.md,Alterado,Geral,Não
d9a7067b52fc489e4fdf7964e18ad4b1a5a0f6d6,2023-12-30,2023-W52,Saturday,Alterado o arquivo readme.md,Alterado,Geral,Não
727a35bcfc1c4e5dc24967545abb05bc1cf7c118,2023-12-30,2023-W52,Saturday,Alterado o arquivo readme.md,Alterado,Geral,Não
664d870e02e3088ab62d9f518d77144fafbe25cd,2023-12-30,2023-W52,Saturday,Alterado o arquivo readme.md,Alterado,Geral,Não
3eefb5d7685967e86208dc28665d0aa130b75040,2023-12-30,2023-W52,Saturday,Alterado o arquivo readme.md,Alterado,Geral,Não
41004736724eef841f964bb11e366ce71bc89d36,2023-12-30,2023-W52,Saturday,Alterado o arquivo readme.md,Alterado,Geral,Não
0ce38d283887ed1081553395445933f75c8e2c53,2023-12-30,2023-W52,Saturday,Alterado o arquivo readme.md,Alterado,Geral,Não
a0264722776f7cfd6883060da2b31a5b51d06dc2,2023-12-29,2023-W52,Friday,Alterado o arquivo readme.md,Alterado,Geral,Não
1af92ec76d3aa28abc595fb9d583fcacbc304079,2023-12-29,2023-W52,Friday,Alterado o arquivo readme.md,Alterado,Geral,Não
fa57ca69eb1bd1fbbd80e150a13b712a57b4c07a,2023-12-29,2023-W52,Friday,Alterado o arquivo readme.md,Alterado,Geral,Não
04b12ef2dd93d8aa3bf229dbcc6e9348446035ce,2023-12-29,2023-W52,Friday,Alterado o arquivo readme.md,Alterado,Geral,Não
f2e86f751a8ee1c31df8b4e712a2dc21921b6ddb,2023-12-29,2023-W52,Friday,Alterado o arquivo readme.md,Alterado,Geral,Não
93a755b1db043f6415d89da3881fe105ccbe93ef,2023-12-29,2023-W52,Friday,Alterado o arquivo readme.md,Alterado,Geral,Não
4787d69ed369339bcc08632992ba1debd6d0fdbc,2023-12-29,2023-W52,Friday,Alterado o arquivo readme.md,Alterado,Geral,Não
cc9ebb446583625eac85d7440a77a35168befcfb,2023-12-29,2023-W52,Friday,Alterado o arquivo readme.md,Alterado,Geral,Não
d844ce2194edae63cd5d9c2d41273a8b37742450,2023-12-29,2023-W52,Friday,Alterado o arquivo readme.md,Alterado,Geral,Não
b5806e538ff2a43bbd773c437360bb47d7e25222,2023-12-29,2023-W52,Friday,Alterado o arquivo readme.md,Alterado,Geral,Não
a999455cd67d781039597cd5687dd63db9a9d832,2023-12-29,2023-W52,Friday,Alterado o arquivo readme.md,Alterado,Geral,Não
bf9fe7238bf300a166c87de62006ce4dab941510,2023-12-29,2023-W52,Friday,Adicionado a pasta 23,Adicionado,Geral,Não
540c5c63506aa1dbf45d2810ef1abac68f79356f,2023-12-27,2023-W52,Wednesday,Alterado o arquivo readme.md,Alterado,Geral,Não
572c470f0a9f9e9b9e948176bb739188f3f05502,2023-12-27,2023-W52,Wednesday,Adicionado a pasta 22,Adicionado,Geral,Não
668acf6b7219c20f07d01572f6f5b1ad0c09e659,2023-12-27,2023-W52,Wednesday,Alterado o arquivo readme.md,Alterado,Geral,Não
e35b82029da3e159ae8f8a224b100dd3b0d81bee,2023-12-27,2023-W52,Wednesday,Alterado o arquivo readme.md,Alterado,Geral,Não
b9de773f0233e28b7d18564c29720d45002b5155,2023-12-27,2023-W52,Wednesday,Alterado o arquivo readme.md,Alterado,Geral,Não
f45d6f9290747ca3709822273c2ca4bcd38c9fe6,2023-12-27,2023-W52,Wednesday,Alterado o arquivo readme.md,Alterado,Geral,Não
5f1581015a7fa3e3d6aa94f64e49a624d1dac69a,2023-12-27,2023-W52,Wednesday,Adicionado a pasta 21,Adicionado,Geral,Não
7d2a689a4a187d9c29ca5d60353c4dda61a1eba3,2023-12-27,2023-W52,Wednesday,Alterado o arquivo readme.md,Alterado,Geral,Não
41348b2e0cf8e31a827a4f72a9408c5c8aefe5b9,2023-12-27,2023-W52,Wednesday,Alterado o arquivo readme.md,Alterado,Geral,Não
c5ef2c442023364dc743b890d904fe585b2dc53d,2023-12-27,2023-W52,Wednesday,Alterado o arquivo readme.md,Alterado,Geral,Não
2eafb5a4ad98e3fe0a9582aba8a0f4437d37c351,2023-12-27,2023-W52,Wednesday,Alterado o arquivo readme.md,Alterado,Geral,Não
11ac0d3b4b20191c2bcc2e9aba42b4465785a8cd,2023-12-27,2023-W52,Wednesday,Alterado o arquivo readme.md,Alterado,Geral,Não
b339f0973ea8c6a35304065e016a898da7f07026,2023-12-27,2023-W52,Wednesday,Alterado o arquivo readme.md,Alterado,Geral,Não
43c0949ff27e238f0aa77b8f886d383128cf80bb,2023-12-27,2023-W52,Wednesday,Alterado o arquivo readme.md,Alterado,Geral,Não
2a92570ab35cfeddcdcb22293354d7ee13401680,2023-12-27,2023-W52,Wednesday,Alterado o arquivo readme.md,Alterado,Geral,Não
62183fae4174d1130605201fb07e2f3282c4434c,2023-12-27,2023-W52,Wednesday,Alterado o arquivo readme.md,Alterado,Geral,Não
be0e0c89cf8acfece4ae172878021f2c65383e93,2023-12-27,2023-W52,Wednesday,Alterado o arquivo readme.md,Alterado,Geral,Não
17f5e9483e5189764b96f895594ce7f4b33c8582,2023-12-27,2023-W52,Wednesday,Alterado o arquivo readme.md,Alterado,Geral,Não
3d213e64af56089558e1b05e540be31477356df4,2023-12-27,2023-W52,Wednesday,Adicionado a pasta 20,Adicionado,Geral,Não
16ce32ed4884f50a82b1f4061bb87bd9aa8a64c4,2023-12-27,2023-W52,Wednesday,Alterado o arquivo readme.md,Alterado,Geral,Não
85d9fb3572d32d4b6d8b1f7da97b38fd1e3773b1,2023-12-27,2023-W52,Wednesday,Alterado o arquivo readme.md,Alterado,Geral,Não
2f6ae265d15008d4bfc0431f40e0dcc319b5fe6b,2023-12-27,2023-W52,Wednesday,Alterado o arquivo readme.md,Alterado,Geral,Não
2d00e16212d6e4a94149bc9ee4936704824ee280,2023-12-27,2023-W52,Wednesday,Alterado o arquivo readme.md,Alterado,Geral,Não
79559ca7940bade957f2340f4b160fc837f8503e,2023-12-27,2023-W52,Wednesday,Alterado o arquivo readme.md,Alterado,Geral,Não
e2c213734dbd0a970375f8f6673049ede9980526,2023-12-27,2023-W52,Wednesday,Alterado o nome da pasta 19,Alterado,Geral,Não
dcd1b4c06f1c64556a737d8bc5afcb412464a66c,2023-12-27,2023-W52,Wednesday,Alterado o nome da pasta 18,Alterado,Geral,Não
924dd6dcbbb16e4b1fdbf84e46a6eee75aac46d9,2023-12-27,2023-W52,Wednesday,Alterado o arquivo readme.md,Alterado,Geral,Não
be09eb9d16be90445f6c0f3d39a4bf57f5914f57,2023-12-27,2023-W52,Wednesday,Alterado o arquivo readme.md,Alterado,Geral,Não
cf96fb5a479fc25bc78874953a0e24eb96c07593,2023-12-27,2023-W52,Wednesday,Alterado o arquivo readme.md,Alterado,Geral,Não
32d4d6e27a5f593db6442f2878d5e31fb0528367,2023-12-27,2023-W52,Wednesday,Alterado o arquivo readme.md,Alterado,Geral,Não
73fa034a8973821c052eec1ce943ef7945b1d91e,2023-12-27,2023-W52,Wednesday,Adicionado a pasta 18,Adicionado,Geral,Não
75305eb356ba5663ec4be1f20735d3f0bd3d1a4d,2023-12-27,2023-W52,Wednesday,Adicionado a pasta 18,Adicionado,Geral,Não
58657451c60eb4368495e524f44b5c8055f60b6d,2023-12-26,2023-W52,Tuesday,Realizado revisão gramatical,Realizado,Geral,Não
de63bff74f149a3a99c3d7d12fed33f66b037afb,2023-12-26,2023-W52,Tuesday,Realizado revisão gramatical,Realizado,Geral,Não
ba7d514e9ba953488b90f68f7212dce1148d6e89,2023-12-26,2023-W52,Tuesday,Realizado revisão gramatical,Realizado,Geral,Não
232d5e092b34326dda003dc4e381da8faaffa1ff,2023-12-26,2023-W52,Tuesday,Realizado revisão gramatical,Realizado,Geral,Não
bca6297befaa1c1334263c2dc1521b48a56add80,2023-12-26,2023-W52,Tuesday,Alterado o arquivo readme.md,Alterado,Geral,Não
05840dc1cd19b7ef3b2793398a298b9c00f09b10,2023-12-26,2023-W52,Tuesday,Alterado imagens,Alterado,Geral,Não
0d5d42f36eddceede1a7ebd068fdb207f4a59ddc,2023-12-26,2023-W52,Tuesday,Alterado o arquivo readme.md,Alterado,Geral,Não
3600919ff50c87f44d6cd6e5d73e81975e2684d7,2023-12-26,2023-W52,Tuesday,Alterado o arquivo readme.md,Alterado,Geral,Não
70e8f259dc626d775f2925eec24c7f8fe5fe628c,2023-12-26,2023-W52,Tuesday,Alterado o arquivo readme.md,Alterado,Geral,Não
15f52007d055e1d52ecbada75821d479efea28cc,2023-12-26,2023-W52,Tuesday,Alterado o arquivo readme.md,Alterado,Geral,Não
5c309ccc6d6fa86dc447822ea9b7c5b79a45d4cc,2023-12-26,2023-W52,Tuesday,Alterado o arquivo readme.md,Alterado,Geral,Não
9895039590b4f04edcd305eb3b5167ff9c23e3b5,2023-12-26,2023-W52,Tuesday,Alterado o arquivo readme.md,Alterado,Geral,Não
d8e8e943deb5415518e42019dc5ad8e1a1f636ea,2023-12-26,2023-W52,Tuesday,Adicionado a pasta 17,Adicionado,Geral,Não
bfc6fefce3e22fc801a39b218b3f09bf394b5c4a,2023-12-26,2023-W52,Tuesday,Alterado o arquivo readme.md,Alterado,Geral,Não
a1fae685b459e091fe96530d019e8735c2695d81,2023-12-26,2023-W52,Tuesday,Alterado o arquivo readme.md,Alterado,Geral,Não
0f00726090df87ea5a6031300812e1cb20d6f14f,2023-12-26,2023-W52,Tuesday,Adicionado a pasta 16,Adicionado,Geral,Não
f5353cb382204af0805543e38e667ca353064156,2023-12-26,2023-W52,Tuesday,Adicionado a pasta 16,Adicionado,Geral,Não
bdd82aef250f1df058e41e817a3cd0654e26f0d6,2023-12-26,2023-W52,Tuesday,Alterado o arquivo readme.md,Alterado,Geral,Não
57c90b6913f136c083f88548a38770e14b193fe1,2023-12-26,2023-W52,Tuesday,Alterado o arquivo readme.md,Alterado,Geral,Não
8e1dc7d0fdacf382961b5a8f1e055a8b9f030f1f,2023-12-26,2023-W52,Tuesday,Alterado o arquivo readme.md,Alterado,Geral,Não
d9633b9ecf26c6a384a8af34215864ccd2ac12a6,2023-12-26,2023-W52,Tuesday,Alterado o arquivo readme.md,Alterado,Geral,Não
dce3504666403379cc3bc3d2947b777636444a28,2023-12-26,2023-W52,Tuesday,Alterado o arquivo readme.md,Alterado,Geral,Não
1fbd034733b9ab3e2149b430f2580a9a5238e6d9,2023-12-26,2023-W52,Tuesday,Alterado o arquivo readme.md,Alterado,Geral,Não
9ab90bfade10b5c9ae67a7412047e033279d2e40,2023-12-26,2023-W52,Tuesday,Adicionado a pasta 15,Adicionado,Geral,Não
f0031699a5806948c851c3912b36e0e8b67cf25f,2023-12-26,2023-W52,Tuesday,Adicionado a pasta 15,Adicionado,Geral,Não
e16386fb17a671f29476e9e65ef5295c05edfdea,2023-12-26,2023-W52,Tuesday,Alterado o arquivo readme.md,Alterado,Geral,Não
d46c00c55d58d25a873315076c982ff961c9cbc8,2023-12-26,2023-W52,Tuesday,Alterado o arquivo readme.md,Alterado,Geral,Não
772f0ae3187451eae61e01f725ff2e78bb0264bb,2023-12-26,2023-W52,Tuesday,Alterado o arquivo readme.md,Alterado,Geral,Não
510d367ee1070492f1c72262959a4fbd1ef601fa,2023-12-26,2023-W52,Tuesday,Alterado o arquivo readme.md,Alterado,Geral,Não
bd61bb05ee35ff0db552b80bac4da95417cc6669,2023-12-26,2023-W52,Tuesday,Alterado o arquivo readme.md,Alterado,Geral,Não
1f393943bb4e12c11c297cda0ec87b1fbafa040b,2023-12-26,2023-W52,Tuesday,Alterado o arquivo readme.md,Alterado,Geral,Não
0586a31958dacb1b83e8817cd46d9d37fa60ea44,2023-12-26,2023-W52,Tuesday,Alterado o arquivo readme.md,Alterado,Geral,Não
26bdd9f172ccab403399a0de7ea13f03500715ae,2023-12-26,2023-W52,Tuesday,Alterado o arquivo readme.md,Alterado,Geral,Não
3f588ed87c79d0efccc64ac26179dc4a66c98bb5,2023-12-26,2023-W52,Tuesday,Alterado o arquivo readme.md,Alterado,Geral,Não
23368b4149359e068edc9f3c11114ad052169708,2023-12-26,2023-W52,Tuesday,Alterado o arquivo readme.md,Alterado,Geral,Não
37637ae6f21c9172a22ec9f168ba3e0abf4d6ce5,2023-12-26,2023-W52,Tuesday,Alterado o arquivo readme.md,Alterado,Geral,Não
39fe737f3bb3236cfce63ee61079cc891858ed4e,2023-12-23,2023-W51,Saturday,Alterado o arquivo readme.md,Alterado,Geral,Não
e31f2d232e0eeaa9b14ab21e9bfd491924314fea,2023-12-22,2023-W51,Friday,Alterado o arquivo readme.md,Alterado,Geral,Não
09212e8072f7e04d918962b401239fe05a433b28,2023-12-22,2023-W51,Friday,Alterado o arquivo readme.md,Alterado,Geral,Não
182e2b33d4606d285c0b11155e68c5f9973173bf,2023-12-22,2023-W51,Friday,Alterado o arquivo readme.md,Alterado,Geral,Não
8004a1d4a67c1fea1c9889f23d870e13d00898ca,2023-12-22,2023-W51,Friday,Alterado o arquivo readme.md,Alterado,Geral,Não
78d32afe272bcb3526952006584912cb6beea5ae,2023-12-22,2023-W51,Friday,Alterado o arquivo readme.md,Alterado,Geral,Não
af6338432537c291e0384a9397df8ec25e3e92f4,2023-12-22,2023-W51,Friday,Alterado o arquivo readme.md,Alterado,Geral,Não
416a73427dcbf958adf67e4a36da4b96c3ec46d0,2023-12-22,2023-W51,Friday,Alterado o arquivo readme.md,Alterado,Geral,Não
98c2ec533730d7075a821238b03b36d5c8ac419c,2023-12-22,2023-W51,Friday,Alterado o arquivo readme.md,Alterado,Geral,Não
352d25f4d80344b68194f4285add451d524a07db,2023-12-22,2023-W51,Friday,Alterado o arquivo readme.md,Alterado,Geral,Não
01fd430ae997719da8d6ae8bdf1ea407e2603a5d,2023-12-22,2023-W51,Friday,Alterado o arquivo readme.md,Alterado,Geral,Não
726ebb9f382998aa94ee372efc0cd4602ef182da,2023-12-22,2023-W51,Friday,Alterado o arquivo readme.md,Alterado,Geral,Não
f643ce5672719372919df58422ea8641d4791fa8,2023-12-22,2023-W51,Friday,Alterado o arquivo readme.md,Alterado,Geral,Não
4824d6faada455aca59f30944dea7fa1458999df,2023-12-22,2023-W51,Friday,Alterado o arquivo readme.md,Alterado,Geral,Não
891caf8cc9c55d4cd035012de7567471618a6100,2023-12-22,2023-W51,Friday,Alterado o arquivo readme.md,Alterado,Geral,Não
4663ed79f24d9e833631a170ebaf8354f91ef25b,2023-12-21,2023-W51,Thursday,Alterado o arquivo readme.md,Alterado,Geral,Não
1163708ae91222437d2490c722d692ac46bf5d0a,2023-12-21,2023-W51,Thursday,Alterado o arquivo readme.md,Alterado,Geral,Não
de41668055ffcccea95586ea0bfc65bb3ebbd1a7,2023-12-21,2023-W51,Thursday,Adicionado a pasta 14 - Policing X Shapping,Adicionado,Geral,Não
4d2ab1c3d6d1051938c95dd1b263060be7638ce4,2023-12-21,2023-W51,Thursday,Alterado o arquivo readme.md,Alterado,Geral,Não
f2b03efaae19ac395729fe95185706897cf4ff62,2023-12-21,2023-W51,Thursday,Alterado o arquivo readme.md,Alterado,Geral,Não
70f46520ea5d3f0d98c63a6517af02b801ca26a9,2023-12-21,2023-W51,Thursday,Alterado o arquivo readme.md,Alterado,Geral,Não
3e9f04d7fe7beb392465a4feb3e0a232b6fc1366,2023-12-21,2023-W51,Thursday,Alterado o arquivo readme.md,Alterado,Geral,Não
daca6201b301b8c9c0ca11dba87e6f1180a13458,2023-12-21,2023-W51,Thursday,Alterado o arquivo readme.md,Alterado,Geral,Não
3a6f718f12f8f151fd30ae2e57d7df791b1ab016,2023-12-21,2023-W51,Thursday,Alterado o arquivo readme.md,Alterado,Geral,Não
873a9a54e79d95a74effc1bc3e10a897563431ae,2023-12-21,2023-W51,Thursday,Adicionado a pasta 13,Adicionado,Geral,Não
ca891b44380f3f4be8e9e5ad1a61bd53c112e4be,2023-12-20,2023-W51,Wednesday,Alterado o arquivo Readme.md,Alterado,Geral,Não
ba769d9bb945623e85c0af690137b0fcfc45037c,2023-12-20,2023-W51,Wednesday,Alterado o arquivo Readme.md,Alterado,Geral,Não
3747fe4da5cdc848fe0dea4d89d4c5def61c9392,2023-12-20,2023-W51,Wednesday,"Alterados os arquivos das pastas 10, 11 e 12",Alterado,Geral,Não
0b18ef595fab798c08a6b8cc6d2dad965b454edd,2023-12-20,2023-W51,Wednesday,Alterado o arquivo Readme.md,Alterado,Geral,Não
ef9f01f6e944b766cb5aba152491a20163b95cc0,2023-12-20,2023-W51,Wednesday,Alterado o arquivo Readme.md,Alterado,Geral,Não
1cfe6dcaf24dd5e1f9398f2f960a8c062edf4ff5,2023-12-20,2023-W51,Wednesday,Alterado o arquivo Readme.md,Alterado,Geral,Não
060a27b8f775c9b44583c26d292b1b144fbeb414,2023-12-20,2023-W51,Wednesday,Alterado o arquivo Readme.md,Alterado,Geral,Não
7760d70c642130fc5bf342350793f7562a573945,2023-12-20,2023-W51,Wednesday,Alterado o arquivo Readme.md,Alterado,Geral,Não
a9b99bb3be473728a6b863cbfff5a192d8eb9800,2023-12-20,2023-W51,Wednesday,Alterado o arquivo Readme.md,Alterado,Geral,Não
d38317268b0460fad6a39e7dd62989fc60044933,2023-12-20,2023-W51,Wednesday,Alterado o arquivo Readme.md,Alterado,Geral,Não
9838d1d6908cc953a8e2aa936f653e48615d690b,2023-12-17,2023-W50,Sunday,Alterado o arquivo Readme.md,Alterado,Geral,Não
cf5043ac134632bd356351598752bbefc17f7bea,2023-12-17,2023-W50,Sunday,Adicionado a pasta 12-Exemplo Prático de QoS - 03,Adicionado,Infrastructure,Sim
52ac1214cdc20a1304e08493c934417da60c940b,2023-12-15,2023-W50,Friday,Alterado o arquivo readme.md,Alterado,Geral,Não
2d9ec55522b7143771606f07922f370bba3fcfd5,2023-12-15,2023-W50,Friday,Alterado o arquivo readme.md,Alterado,Geral,Não
8d4a01a03eed2dc9661171ffe87430790668dd6c,2023-12-15,2023-W50,Friday,Adicionado a pasta 11-Exemplo Prático de QoS - 02,Adicionado,Infrastructure,Sim
da88b3d5051a3294d15e0fb14b9235eb39ebe46c,2023-12-15,2023-W50,Friday,Adicionado a pasta 11-Exemplo Prático de QoS - 02,Adicionado,Infrastructure,Sim
da055a7ae1256725c7e638e211ece68bd2f919ec,2023-12-15,2023-W50,Friday,Adicionado a pasta 11-Exemplo Prático de QoS - 02,Adicionado,Infrastructure,Sim
0cf879d0ba5563fed90c476082d37f933cae7d86,2023-12-15,2023-W50,Friday,Alterado o arquivo readme.md,Alterado,Geral,Não
8b154ef37d3ee67495350f239f901bc29d6e9420,2023-12-15,2023-W50,Friday,Alterado o arquivo readme.md,Alterado,Geral,Não
5e6f86c822172f001f0a2a136e9b62a099b1b83d,2023-12-15,2023-W50,Friday,Alterado o arquivo readme.md,Alterado,Geral,Não
67e3a892878cf76ae7ba343b9a7eeaa282c66e5e,2023-12-15,2023-W50,Friday,Alterado o arquivo readme.md,Alterado,Geral,Não
ace5f022e7e15b697d2647e39d8adf0c29dbe02f,2023-12-15,2023-W50,Friday,Alterado o arquivo readme.md,Alterado,Geral,Não
930d7595735bf4f63d71e6930cd4d2fc64230e71,2023-12-15,2023-W50,Friday,Alterado o arquivo readme.md,Alterado,Geral,Não
f2e574463a1ce29474fc1e2d41fcbd37b851b048,2023-12-15,2023-W50,Friday,Alterado o arquivo readme.md,Alterado,Geral,Não
d607583af51970996517add6fba7099ab2b6d9e7,2023-12-15,2023-W50,Friday,Alterado o arquivo readme.md,Alterado,Geral,Não
708afaa4a0f611918c835d6e52cfd3168492ebb5,2023-12-15,2023-W50,Friday,Alterado o arquivo readme.md,Alterado,Geral,Não
aa0a782fdaa46dfd1dcbcbbb79467739e7a7baf1,2023-12-15,2023-W50,Friday,Alterado o arquivo readme.md,Alterado,Geral,Não
1e14ee98da320465d895fe8bf92f86c76238f632,2023-12-15,2023-W50,Friday,Alterado o arquivo readme.md,Alterado,Geral,Não
62fdf88a4209f535080b3d2e3bac7ca95c156aa8,2023-12-14,2023-W50,Thursday,Adicionado a pasta 10-Exemplo Pratico de QoS,Adicionado,Infrastructure,Sim
2ac43f6cbeef918de61d7569bec5e5c56cc24698,2023-12-14,2023-W50,Thursday,Adicionado a pasta 10-Exemplo Pratico de QoS,Adicionado,Infrastructure,Sim
29485a2f1edcec35821a74675a33a6aa38dacee9,2023-12-14,2023-W50,Thursday,Adicionado a pasta 10-Exemplo Pratico de QoS,Adicionado,Infrastructure,Sim
8eac53ccd50cfeca82a21abd54fed06c7e37b0f7,2023-12-14,2023-W50,Thursday,Adicionado a pasta 10-Exemplo Pratico de QoS,Adicionado,Infrastructure,Sim
6661d9cf7c635e7567e502220eec44a6b9528a85,2023-12-14,2023-W50,Thursday,Adicionado a pasta 10-Exemplo Pratico de QoS,Adicionado,Infrastructure,Sim
326874c87cdff0b2b6b83be830c0407aa4bcee23,2023-12-14,2023-W50,Thursday,Adicionado a pasta 10-Exemplo Pratico de QoS,Adicionado,Infrastructure,Sim
5551c194453bd997bfba23387d2c80627c6f0dd8,2023-12-14,2023-W50,Thursday,Adicionado a pasta 10-Exemplo Pratico de QoS,Adicionado,Infrastructure,Sim
1dc1e49bd7c2364fbca112ab533e70fa9ea38ab0,2023-12-14,2023-W50,Thursday,Adicionado a pasta 10-Exemplo Pratico de QoS,Adicionado,Infrastructure,Sim
83ef2876ca97c9b0ccbbed60970e799e3b980e12,2023-12-13,2023-W50,Wednesday,Adicionado a pasta 10-Exemplo Pratico de QoS,Adicionado,Infrastructure,Sim
a0b9bae172f0ec5409d785a45bec058639e510e1,2023-12-13,2023-W50,Wednesday,Adicionado a pasta 10-Exemplo Pratico de QoS,Adicionado,Infrastructure,Sim
0359489a20b998e46d6a2f5830997946cd077d31,2023-12-13,2023-W50,Wednesday,Adicionado a pasta 10-Exemplo Pratico de QoS,Adicionado,Infrastructure,Sim
02fd561f4aba92d2032045f44801e68c3c8206fa,2023-12-13,2023-W50,Wednesday,Adicionado a pasta 10-Exemplo Pratico de QoS,Adicionado,Infrastructure,Sim
9a09062c8bf8b5ee07cf463627ad493623308d27,2023-12-13,2023-W50,Wednesday,Adicionado a pasta 10-Exemplo Pratico de QoS,Adicionado,Infrastructure,Sim
a4c3db082caa66c7178ac44825ab6cf4f3887684,2023-12-13,2023-W50,Wednesday,Adicionado a pasta 10-Exemplo Pratico de QoS,Adicionado,Infrastructure,Sim
1ea1dca96cfdc629083613031842f41ca37ec212,2023-12-13,2023-W50,Wednesday,Adicionado a pasta 10-Exemplo Pratico de QoS,Adicionado,Infrastructure,Sim
4c374669d10a2b92db862bbbfd1d0144202fc6e8,2023-12-13,2023-W50,Wednesday,Adicionado a pasta 10-Exemplo Pratico de QoS,Adicionado,Infrastructure,Sim
d0a218b730a5cc42874e2328ec49c3e8d2cecc77,2023-12-13,2023-W50,Wednesday,Adicionado a pasta 10-Exemplo Pratico de QoS,Adicionado,Infrastructure,Sim
c7c458376a8732802262881eab94d5aaffcca15b,2023-12-13,2023-W50,Wednesday,Adicionado a pasta 10-Exemplo Pratico de QoS,Adicionado,Infrastructure,Sim
845b9ee8b1804ad5d61634847ad4238136a0b1d9,2023-12-13,2023-W50,Wednesday,Adicionado a pasta 10-Exemplo Pratico de QoS,Adicionado,Infrastructure,Sim
f80ad4314b6fae36d3e0f68e0547681e8ffd7d20,2023-12-13,2023-W50,Wednesday,Alterado o arquivo readme.md,Alterado,Geral,Não
18864e4f2e3e8e4aaaa24b647455f2df0227886d,2023-12-13,2023-W50,Wednesday,Alterado o arquivo readme.md,Alterado,Geral,Não
5e09835371489f9310fb40d2cacd3db9d2cd868f,2023-12-13,2023-W50,Wednesday,Alterado o arquivo readme.md,Alterado,Geral,Não
48aa5b203545dcaf5623398e9b8c72a54e21689b,2023-12-13,2023-W50,Wednesday,Alterado o arquivo readme.md,Alterado,Geral,Não
2328d83e0f8bfea4f5aabaec32db6ddde712d4f1,2023-12-13,2023-W50,Wednesday,Alterado o arquivo readme.md,Alterado,Geral,Não
4e34733ed7620b701fc02856bd16079dd4cfc49b,2023-12-13,2023-W50,Wednesday,Alterado o arquivo readme.md,Alterado,Geral,Não
8ede8163a88145a6c6a516d3f7324e10e1720c81,2023-12-13,2023-W50,Wednesday,Alterado o arquivo readme.md,Alterado,Geral,Não
1e40432ed91004fdab4748d2818d3eb71430387b,2023-12-13,2023-W50,Wednesday,Alterado o arquivo readme.md,Alterado,Geral,Não
9e34eb3f382ed7e75402bd4fec8968624961ce6d,2023-12-13,2023-W50,Wednesday,Alterado o arquivo readme.md,Alterado,Geral,Não
ea1498d3e7f1cffcecf17beb5d108a36e6796247,2023-12-13,2023-W50,Wednesday,Alterado o arquivo readme.md,Alterado,Geral,Não
d624d418957607edd7924ad69d8a413661286b29,2023-12-13,2023-W50,Wednesday,Alterado o arquivo readme.md,Alterado,Geral,Não
fa693932f4ee951adcca0b280469ed800d3aa230,2023-12-13,2023-W50,Wednesday,Adicionado a pasta 10-Exemplo Pratico de QoS,Adicionado,Infrastructure,Sim
6d7cbdd82342d57d2d28cc0096d4fb0310272ae0,2023-12-13,2023-W50,Wednesday,Adicionado a pasta 10-Exemplo Pratico de QoS,Adicionado,Infrastructure,Sim
75652a4eb0d8d3ef66e66ba22ea33ec7a9e43728,2023-12-13,2023-W50,Wednesday,Adicionado a pasta 10-Exemplo Pratico de QoS,Adicionado,Infrastructure,Sim
8d2575acc56258b683f45359612c8c051bce03a4,2023-12-08,2023-W49,Friday,Adicionado a pasta 10-Exemplo Pratico de QoS,Adicionado,Infrastructure,Sim
781b2cc4a07c45518e55fe8386c660bae69efcec,2023-12-07,2023-W49,Thursday,Alterado o readme.md,Alterado,Geral,Não
ea28296b8d046e94ad2425457f9a9daa26a6e0a7,2023-12-07,2023-W49,Thursday,Alterado o readme.md,Alterado,Geral,Não
de563441d83d6e9a05724614b3532aac8d7d29c5,2023-12-07,2023-W49,Thursday,Alterado o readme.md,Alterado,Geral,Não
9f71108dd1a6ad27706457e9a474b66fcaed53f7,2023-12-07,2023-W49,Thursday,Alterado o readme.md,Alterado,Geral,Não
e5442dd55018c437094507601f6e343dc2de1d13,2023-12-07,2023-W49,Thursday,Adicionado a pasta 08-Exemplo de Wirelles QoS,Adicionado,Infrastructure,Não
0759184cdd1241e479ff5dc4f21339dc0710e3fc,2023-12-06,2023-W49,Wednesday,Alterado o readme.md,Alterado,Geral,Não
4973f2926cac770a92507fa52d4542ea0cab6e67,2023-12-06,2023-W49,Wednesday,Alterado o readme.md,Alterado,Geral,Não
d5d855154778de297f19f3a2de334e12403bd1a1,2023-12-06,2023-W49,Wednesday,Alterado o readme.md,Alterado,Geral,Não
7102c45841523c1d8c1e28b2c1508db6ae89fb7f,2023-12-06,2023-W49,Wednesday,Alterado o readme.md,Alterado,Geral,Não
6971f3bd9fd5d279d818b865534026192201589f,2023-12-06,2023-W49,Wednesday,Alterado o readme.md,Alterado,Geral,Não
27e172b83063ce2b9a5130e54a7c67fd239a2bfc,2023-12-06,2023-W49,Wednesday,Alterado o readme.md,Alterado,Geral,Não
3ecabb19e5e8611a3fa9cf0bc4bc8e4c17939bc4,2023-12-06,2023-W49,Wednesday,Alterado o readme.md,Alterado,Geral,Não
f98a9090c5899d4917109674435bd41468a8ced9,2023-12-06,2023-W49,Wednesday,Alterado o readme.md,Alterado,Geral,Não
607efdc4b054aab6640dbed0e6c819df27d41a4f,2023-12-06,2023-W49,Wednesday,Alterado o readme.md,Alterado,Geral,Não
9a7f620139709a6e52b40e0e23332b76c08539d7,2023-12-06,2023-W49,Wednesday,Alterado o readme.md,Alterado,Geral,Não
debbd9e36b48970a24ed31cc40ec2171f9297a50,2023-12-06,2023-W49,Wednesday,Alterado o readme.md,Alterado,Geral,Não
322040913464798d146ee29e3839d177f138ab8b,2023-12-06,2023-W49,Wednesday,Alterado o readme.md,Alterado,Geral,Não
773e6516c6a9c408ab56d5fefb537472ccdf3d5c,2023-12-06,2023-W49,Wednesday,Alterado o readme.md,Alterado,Geral,Não
5356d3feef80865b5334ca29a4f89e3f93dd540a,2023-12-06,2023-W49,Wednesday,Alterado o readme.md,Alterado,Geral,Não
0cd2edd69d087d53546a498e0fac3dd475354f3a,2023-12-06,2023-W49,Wednesday,Alterado o readme.md,Alterado,Geral,Não
b382d7fe9bc01434a7dfc73a53ef1fb90da34a8c,2023-12-06,2023-W49,Wednesday,Alterado o readme.md,Alterado,Geral,Não
e83e8f4213a7d8322445f763a78249d4d2a33d80,2023-12-06,2023-W49,Wednesday,Alterado o readme.md,Alterado,Geral,Não
5024acd36530050b7ce9de3a2097b15f6aaa7a41,2023-12-06,2023-W49,Wednesday,Alterado o readme.md,Alterado,Geral,Não
2bb437062713a46195a245ed61c56ec8c7642623,2023-12-06,2023-W49,Wednesday,Alterado o readme.md,Alterado,Geral,Não
8a2fc7d3abf1b7342022e14769033ca275f578bd,2023-12-05,2023-W49,Tuesday,Alterado o readme.md,Alterado,Geral,Não
9254bca4c376c0d75876c37fd605b06f18d90329,2023-12-05,2023-W49,Tuesday,Alterado o readme.md,Alterado,Geral,Não
f6e79c0ae774285aba94462994d41e4cd0a18b69,2023-12-05,2023-W49,Tuesday,Adicionado a pasta 08-Limite de confiança,Adicionado,Geral,Não
6b74820cbf76acf39a625de296cd9fe38bf2be90,2023-12-05,2023-W49,Tuesday,Adicionado a pasta 08-Limite de confiança,Adicionado,Geral,Não
2e5665472e8dabe459c025940cf7c1e4b8d28f94,2023-12-03,2023-W48,Sunday,Alterado o arquivo readme.md,Alterado,Geral,Não
f70088568a7f68135cc6f513ff78206417985c99,2023-12-03,2023-W48,Sunday,Alterado o arquivo readme.md,Alterado,Geral,Não
f5dfa4ea67ac97a1e65bd95c4418ce9997ebf430,2023-12-03,2023-W48,Sunday,Alterado o arquivo readme.md,Alterado,Geral,Não
c0cc3fa42d983afa6330b2c244f9372ad480f6a1,2023-12-03,2023-W48,Sunday,Alterado o arquivo readme.md,Alterado,Geral,Não
3790f2d19aafeb14db989e687f71b420019ad00a,2023-12-03,2023-W48,Sunday,Alterado o arquivo readme.md,Alterado,Geral,Não
c2960ade8af250bf1e6c7f4f10dcba12a3be27bd,2023-12-03,2023-W48,Sunday,Alterado o arquivo readme.md,Alterado,Geral,Não
a07c82b18e05977e4dbb1ee2d670c585edac0a8a,2023-12-03,2023-W48,Sunday,Alterado o arquivo readme.md,Alterado,Geral,Não
7b56f041ab1e6df5f466fc096601ae1babc6f8c7,2023-12-03,2023-W48,Sunday,Alterado o arquivo readme.md,Alterado,Geral,Não
fa363b52808233d807491531979a89725b5feaa9,2023-12-03,2023-W48,Sunday,Alterado o arquivo readme.md,Alterado,Geral,Não
8225973418350a9f3b32a0c0bd1fb277caf75365,2023-12-03,2023-W48,Sunday,Alterado o arquivo readme.md,Alterado,Geral,Não
f34aedb258fbb3c50051b414f432282ee2fd32ee,2023-12-03,2023-W48,Sunday,Alterado o arquivo readme.md,Alterado,Geral,Não
d0a4ab21053255fa25718204ad7f744ff0b1f7dc,2023-12-03,2023-W48,Sunday,Alterado o arquivo readme.md,Alterado,Geral,Não
c6a917712b8c96b02a73cb762b161e8534516125,2023-12-03,2023-W48,Sunday,Alterado o arquivo readme.md,Alterado,Geral,Não
a42bcd676d2a0b10e513b764f13b606050640d75,2023-12-03,2023-W48,Sunday,Alterado o arquivo readme.md,Alterado,Geral,Não
273c0c01cc1d987de70d5f76caf8f5910ad4818b,2023-12-02,2023-W48,Saturday,Alterado o arquivo readme.md,Alterado,Geral,Não
1ae7d3563ea98d1017e02c9d67630e2b2e71654f,2023-12-02,2023-W48,Saturday,Alterado o arquivo readme.md,Alterado,Geral,Não
d2e4c856159ef14f75906cdc8005ac9148304234,2023-12-02,2023-W48,Saturday,Alterado o arquivo readme.md,Alterado,Geral,Não
c64b11118457a8ebe17696cca20bf4941dbf3e51,2023-12-02,2023-W48,Saturday,Alterado o arquivo readme.md,Alterado,Geral,Não
f26ecf5d6bec91d918e4ffa1cfddf8da74a2b312,2023-12-02,2023-W48,Saturday,Alterado o arquivo readme.md,Alterado,Geral,Não
59f5d50463b01de498c9a2f996d060440aca70f0,2023-12-02,2023-W48,Saturday,Alterado o arquivo readme.md,Alterado,Geral,Não
42b687e36d6a255e3ef4cef15089419e37aa7d3f,2023-12-02,2023-W48,Saturday,Alterado o arquivo readme.md,Alterado,Geral,Não
54b66f59191b29e34587ae58fd6c049eb54a582a,2023-12-02,2023-W48,Saturday,Alterado o arquivo readme.md,Alterado,Geral,Não
abb37123884f1f5ad6ac0b1fbaf6c5994a80e32f,2023-12-02,2023-W48,Saturday,Alterado o arquivo readme.md,Alterado,Geral,Não
65b09f3d3c6e39613a0d7d299fdd56800cf1af77,2023-12-02,2023-W48,Saturday,Alterado o arquivo readme.md,Alterado,Geral,Não
9cd5c7bda4215eb778e94145c8dbbab2ca6e79ea,2023-12-02,2023-W48,Saturday,Alterado o arquivo readme.md,Alterado,Geral,Não
ca77045df1efc6b8a492ab680391a47415341e39,2023-12-02,2023-W48,Saturday,Alterado o arquivo readme.md,Alterado,Geral,Não
8962257ca2ce900ead86431b9234f9276936a4b7,2023-12-02,2023-W48,Saturday,Alterado o arquivo readme.md,Alterado,Geral,Não
7fa54a43c664f922ce1e6b8f5796eb5069445ebd,2023-12-01,2023-W48,Friday,Adicionado a pasta 06 - Marcação em Layer 3,Adicionado,Geral,Não
8c6fbb4e01d379df996bd38c529b7f1af540b81b,2023-12-01,2023-W48,Friday,Adicionado a pasta 06 - Marcação em Layer 3,Adicionado,Geral,Não
6337830e33e80a6cc3cca1894fb631232bb1cc30,2023-12-01,2023-W48,Friday,Alterado o arquivo readme.md,Alterado,Geral,Não
b10292b75d7a3b6a787e449f53ea562c4cc9a8ff,2023-12-01,2023-W48,Friday,Alterado o arquivo readme.md,Alterado,Geral,Não
8234883d4709a85a57b4c1af13f7b2b6d608f347,2023-12-01,2023-W48,Friday,Alterado o arquivo readme.md,Alterado,Geral,Não
d6fea3d7cab68819f59858c2b5210bb4729c0995,2023-12-01,2023-W48,Friday,Alterado o arquivo readme.md,Alterado,Geral,Não
979e8ad9d57b81c2ef1f0db18a5cf6764dfcde9e,2023-12-01,2023-W48,Friday,Alterado o arquivo readme.md,Alterado,Geral,Não
ad097281ee716e1c02705a50733fe04d184069b6,2023-12-01,2023-W48,Friday,Alterado o arquivo readme.md,Alterado,Geral,Não
3de14c43e61e1df6d5cd988f5e864c6c02a774cf,2023-12-01,2023-W48,Friday,Alterado o arquivo readme.md,Alterado,Geral,Não
ffbe53bf2633ed9313b3dfab90df094d3e8cb4c8,2023-12-01,2023-W48,Friday,Alterado o arquivo readme.md,Alterado,Geral,Não
5824ff1074e8fb94d929c61321eaa22f2b1b892f,2023-12-01,2023-W48,Friday,Alterado o arquivo readme.md,Alterado,Geral,Não
3b8dd026a75d0ddc23b43b9eaf474cd5e67dad63,2023-12-01,2023-W48,Friday,Alterado o arquivo readme.md,Alterado,Geral,Não
5bc4d9a2826f9bc1357dc4be2769a42289fabd4a,2023-12-01,2023-W48,Friday,Alterado o arquivo readme.md,Alterado,Geral,Não
b042da7a3b3307d16a9437fadb5a60e2cac01379,2023-12-01,2023-W48,Friday,Alterado o arquivo readme.md,Alterado,Geral,Não
27eda26497bd4b9e0e37626a137c016b9188302d,2023-12-01,2023-W48,Friday,Adicionado a pasta 06 - Marcação em Layer 2,Adicionado,Geral,Não
1b7f14cfe998a0924e65f375ca8dfd2462a706fa,2023-11-30,2023-W48,Thursday,Alterado o arquivo readme.md,Alterado,Geral,Não
96a2f93f6623218b707818c96782c2e2721f3e98,2023-11-30,2023-W48,Thursday,Alterado o arquivo readme.md,Alterado,Geral,Não
d25c84406a104d7367be0755b859c53309f26be8,2023-11-30,2023-W48,Thursday,Alterado o arquivo readme.md,Alterado,Geral,Não
9fa6f6c4d9351fb3ecf9aee803480e49a7acadd5,2023-11-30,2023-W48,Thursday,Alterado o arquivo readme.md,Alterado,Geral,Não
702b1d84dc8708f3c41d468612821652cd24635b,2023-11-30,2023-W48,Thursday,Alterado o arquivo readme.md,Alterado,Geral,Não
fd1c369f83e1b0a3fa826787d8e0550804370b4b,2023-11-30,2023-W48,Thursday,Alterado o arquivo readme.md,Alterado,Geral,Não
26ec08db56c6a800c7e2e7abaf546ddd6295997b,2023-11-30,2023-W48,Thursday,Alterado o arquivo readme.md,Alterado,Geral,Não
a33db386bd10dcbd0f7b49761601b566c68f3f0b,2023-11-30,2023-W48,Thursday,Alterado o arquivo readme.md,Alterado,Geral,Não
879ec658c1525c380881fa8887718de76bec895e,2023-11-30,2023-W48,Thursday,Alterado o arquivo readme.md,Alterado,Geral,Não
3fdad13ee7ae24f6d2538d1933c9392ef3ad4e42,2023-11-30,2023-W48,Thursday,Alterado o arquivo readme.md,Alterado,Geral,Não
3391dc722bdc4173c83e489128501a54dd3c3f33,2023-11-30,2023-W48,Thursday,Alterado o arquivo readme.md,Alterado,Geral,Não
c604056433d771c5285c1524eadba3abf8ca799b,2023-11-29,2023-W48,Wednesday,Alterado o arquivo readme.md,Alterado,Geral,Não
e7e8087e28ca5a981e755fce008f25fc8b131299,2023-11-29,2023-W48,Wednesday,Alterado o arquivo readme.md,Alterado,Geral,Não
b0f001d562ba261e0d7d6345da45b2ce60c041e1,2023-11-29,2023-W48,Wednesday,Alterado o arquivo readme.md,Alterado,Geral,Não
7ce837e944d54fa99f491e9d6638dd58af36c4a1,2023-11-29,2023-W48,Wednesday,Alterado o arquivo readme.md,Alterado,Geral,Não
50d663e4da90796f7d624d26a3e68514b12b609b,2023-11-29,2023-W48,Wednesday,Alterado o arquivo readme.md,Alterado,Geral,Não
484542cf16b1a8c2c441a7618e5eabb5136b4364,2023-11-29,2023-W48,Wednesday,Alterado o arquivo readme.md,Alterado,Geral,Não
516a91f8937dfb0ef3fd589a9d0fd5fd9a9a0a3e,2023-11-29,2023-W48,Wednesday,Alterado o arquivo readme.md,Alterado,Geral,Não
9fafb2233f8e17268c58c63dda3db49c56e166c4,2023-11-29,2023-W48,Wednesday,Alterado o arquivo readme.md,Alterado,Geral,Não
6304427b479996bd95eb767595e1b38508c3be32,2023-11-29,2023-W48,Wednesday,Alterado o arquivo readme.md,Alterado,Geral,Não
1ef7539278535177ad053d33c4805fa4387c6cb6,2023-11-29,2023-W48,Wednesday,Alterado o arquivo readme.md,Alterado,Geral,Não
d82db6adac46a11c4639bdb9544b082f22a618dc,2023-11-29,2023-W48,Wednesday,Alterado o arquivo readme.md,Alterado,Geral,Não
2770290453e8a6f92fa47848b92b1d735acf8bce,2023-11-29,2023-W48,Wednesday,Alterado o arquivo readme.md,Alterado,Geral,Não
6f131323ad1642b0a8b92087970b20cb647c582c,2023-11-29,2023-W48,Wednesday,Alterado o arquivo readme.md,Alterado,Geral,Não
1b68a58a5683b064724736df128a2d69716bd337,2023-11-29,2023-W48,Wednesday,Alterado o arquivo readme.md,Alterado,Geral,Não
d50d4cb125828a31df4fca803d6f5929ccc95816,2023-11-29,2023-W48,Wednesday,Alterado o arquivo readme.md,Alterado,Geral,Não
76c2b73201a87c9289cff5abea13b0fa32060418,2023-11-29,2023-W48,Wednesday,Alterado o arquivo readme.md,Alterado,Geral,Não
7fb77770a239a75cb445aaf77e7cf068309acde0,2023-11-17,2023-W46,Friday,Alterado o arquivo read.me,Alterado,Geral,Não
a67edc236cd13667048d90c406067a30fe27fd63,2023-11-17,2023-W46,Friday,Alterado o arquivo read.me,Alterado,Geral,Não
1d447743eba37bcfd0ed4b5d859f408930872076,2023-11-17,2023-W46,Friday,Alterado o arquivo read.me,Alterado,Geral,Não
2f86c1e62cffc676ee6f5b5368498f77a02358d3,2023-11-17,2023-W46,Friday,Alterado o arquivo read.me,Alterado,Geral,Não
b20eb7dc5efeba5960944e26b4d62b82e56be4d6,2023-11-17,2023-W46,Friday,Alterado o arquivo read.me,Alterado,Geral,Não
1fd8ade1e365477e3c8290d97eb821e2b61e9ce6,2023-11-17,2023-W46,Friday,Alterado o arquivo read.me,Alterado,Geral,Não
63225aede4d4c564c74f9140e646a06339a17abb,2023-11-17,2023-W46,Friday,Alterado o arquivo read.me,Alterado,Geral,Não
f7afc4065088092897a97bf1bd5154168f3f92c7,2023-11-17,2023-W46,Friday,Alterado o arquivo read.me,Alterado,Geral,Não
ab722695d8780deae5deac1a75f3630fbee36bd9,2023-11-17,2023-W46,Friday,Alterado o arquivo read.me,Alterado,Geral,Não
b60ec2c918cfd7860492b9d24da315ea9cd5ac9a,2023-11-17,2023-W46,Friday,Alterado o arquivo read.me,Alterado,Geral,Não
4767f980f039133f4fc250aba065db6f7c7c95f2,2023-11-17,2023-W46,Friday,Alterado o arquivo read.me,Alterado,Geral,Não
261cd87610f6981c97fc892de72573c6da2239c1,2023-11-17,2023-W46,Friday,Alterado o arquivo read.me,Alterado,Geral,Não
5a7066e076f0f52eddfca7b5431586aca4d550b0,2023-11-17,2023-W46,Friday,Alterado o arquivo read.me,Alterado,Geral,Não
f4c5a2a441204cb02bed0c6daafd9de9f652201b,2023-11-17,2023-W46,Friday,Alterado o arquivo read.me,Alterado,Geral,Não
790fe582d7157eb65a9aed384c1057557f332e26,2023-11-17,2023-W46,Friday,Alterado o arquivo read.me,Alterado,Geral,Não
55bb2b4fcf8e229a1d1496463352ecdb9f30e345,2023-11-17,2023-W46,Friday,Alterado o arquivo read.me,Alterado,Geral,Não
bf833bbb458b6cbb211e5ba6892af10f6015e93b,2023-11-17,2023-W46,Friday,Alterado o arquivo read.me,Alterado,Geral,Não
3917b3d82db9cfdf56fb85e3e4178fe80d30fcfe,2023-11-17,2023-W46,Friday,Adicionado a pasta 05 - Modelos e macanismos,Adicionado,Geral,Não
724d24e53983c0f8199ffa309dddba9f325c6837,2023-11-17,2023-W46,Friday,Adicionado a pasta 05 - Modelos e macanismos,Adicionado,Geral,Não
9457c113d65be989c693b7dd2f01eb5f65229792,2023-11-17,2023-W46,Friday,Alterado o arquivo readme.md,Alterado,Geral,Não
6f6d84f6b511ee7797b64d2b4fb95689f81de99e,2023-11-17,2023-W46,Friday,Alterado o arquivo readme.md,Alterado,Geral,Não
52566c1f17c5ed21221065c593c956e030746a3f,2023-11-17,2023-W46,Friday,Alterado o arquivo readme.md,Alterado,Geral,Não
9dd5e07168e6fe2c37d298faef6c7d6ee94e71d8,2023-11-17,2023-W46,Friday,Alterado o arquivo readme.md,Alterado,Geral,Não
6cb9b50c0aae3d93b1db87bdb220388c3962d25b,2023-11-17,2023-W46,Friday,Alterado o arquivo readme.md,Alterado,Geral,Não
b70829154fa059670ce66bc16950b88ee7f9956e,2023-11-17,2023-W46,Friday,Alterado o arquivo readme.md,Alterado,Geral,Não
b634965dfddbd49eac4f143f9d9200f22fcbef87,2023-11-17,2023-W46,Friday,Alterado o arquivo readme.md,Alterado,Geral,Não
30b74b23c65bb0940553af52b7ad2965d1d1bf4e,2023-11-17,2023-W46,Friday,Alterado o arquivo readme.md,Alterado,Geral,Não
84bc45d661bce5289d3e93315d657f38a5728eab,2023-11-17,2023-W46,Friday,Alterado o arquivo readme.md,Alterado,Geral,Não
0d89cf60f4c356ee57045d37a5ba3cbad61c587c,2023-11-17,2023-W46,Friday,Alterado o arquivo readme.md,Alterado,Geral,Não
6727b72ff6168d5e97aa1601975878230417a35d,2023-11-17,2023-W46,Friday,Alterado o arquivo readme.md,Alterado,Geral,Não
7d75b9e9e2c4d21b393347e1342d6803cccc4fe3,2023-11-17,2023-W46,Friday,Alterado o arquivo readme.md,Alterado,Geral,Não
7cf8f594462bd4e0ab31c5d9fdf47b3928d26822,2023-11-17,2023-W46,Friday,Alterado o arquivo readme.md,Alterado,Geral,Não
64ed3848b321ee83a546090de0d73ff257770b05,2023-11-17,2023-W46,Friday,Alterado o arquivo readme.md,Alterado,Geral,Não
538c4d32bd2801a07524f0c8df6d9f41ab3ef27f,2023-11-17,2023-W46,Friday,Alterado o arquivo readme.md,Alterado,Geral,Não
222cb25fa9a29721f8cfbb554608258e7237ef4f,2023-11-17,2023-W46,Friday,Alterado o arquivo readme.md,Alterado,Geral,Não
9053f954a7e31fd9ad5782667eaa78ab7f8bda58,2023-11-17,2023-W46,Friday,Alterado o arquivo readme.md,Alterado,Geral,Não
76e0a41e750c4a0727b99c0344db15406998be4a,2023-11-17,2023-W46,Friday,Alterado o arquivo readme.md,Alterado,Geral,Não
6189ae0feecf112e94660a3f0fd6324a10039486,2023-11-17,2023-W46,Friday,Alterado o arquivo readme.md,Alterado,Geral,Não
19e253662566c46851f34cc94ebca8ac7cc292db,2023-11-17,2023-W46,Friday,Alterado o arquivo readme.md,Alterado,Geral,Não
757f4a62bfb310b6c013a4a4b518e4be67132e5c,2023-11-17,2023-W46,Friday,Alterado o arquivo readme.md,Alterado,Geral,Não
00cb763e655194279e3b1e39d696cdbbea0d9d88,2023-11-17,2023-W46,Friday,Alterado o arquivo readme.md,Alterado,Geral,Não
a4a80a81b072144fe6b3feda2613237fe5efed6d,2023-11-17,2023-W46,Friday,Alterado o arquivo readme.md,Alterado,Geral,Não
c836869ee07a901a2c0d287c2a740840ff73466d,2023-11-16,2023-W46,Thursday,Alterado o arquivo readme.md,Alterado,Geral,Não
1f133270950d5e953b9a694bd8fa394c626e9b5b,2023-11-16,2023-W46,Thursday,Alterado o arquivo readme.md,Alterado,Geral,Não
e48426cd29b071a7e1f418f6a28e6867e494e6b0,2023-11-16,2023-W46,Thursday,Adicionado a pasta 04-Problemas,Adicionado,Geral,Não
758a8a137b7085ac9e87a632628ea839cc8a8745,2023-11-16,2023-W46,Thursday,Alterado o arquivo readme.md,Alterado,Geral,Não
6ffe4f85e2f14a5fd716b53d0cf43963f1111bcd,2023-11-15,2023-W46,Wednesday,Alterado o arquivo readme.md,Alterado,Geral,Não
53ae9a3060ff35b234a4de16e8cd99abbcb3c3b2,2023-11-15,2023-W46,Wednesday,Alterado o arquivo readme.md,Alterado,Geral,Não
64cf77dba00af966e96f08d6f146e12347a62274,2023-11-15,2023-W46,Wednesday,Alterado o arquivo readme.md,Alterado,Geral,Não
c3da8889fe6d6e2719eaeaa1f84014f9d176ab93,2023-11-15,2023-W46,Wednesday,Alterado o arquivo readme.md,Alterado,Geral,Não
1674d4fcef66fdcad2b1728bf5c836d84855e6ad,2023-11-15,2023-W46,Wednesday,Alterado o arquivo readme.md,Alterado,Geral,Não
fde1569cd65fd8ac1d5a1b3d3f40668c7dbcaab6,2023-11-15,2023-W46,Wednesday,Alterado o arquivo readme.md,Alterado,Geral,Não
e789e23437acb35ffd5e88a92efbe9e3761bfc11,2023-11-15,2023-W46,Wednesday,Alterado o arquivo readme.md,Alterado,Geral,Não
d96a90813a6bb4a4d2b608520a03a6b594d6f803,2023-11-15,2023-W46,Wednesday,Alterado o arquivo readme.md,Alterado,Geral,Não
c7acbe77be61a32af6543f52841ab1dd87e6fbc2,2023-11-15,2023-W46,Wednesday,Alterado o arquivo readme.md,Alterado,Geral,Não
f69b6121aa26759c8281eea73d354506a852ae44,2023-11-15,2023-W46,Wednesday,Alterado o arquivo readme.md,Alterado,Geral,Não
01b200e986f16ac3c8cc0fcd5ad55ae5ddba2028,2023-11-15,2023-W46,Wednesday,Alterado o arquivo readme.md,Alterado,Geral,Não
e8726ccec46d4892c8c081f01cc785ac2a27faa6,2023-11-15,2023-W46,Wednesday,Alterado o arquivo readme.md,Alterado,Geral,Não
7b22d24164ad6a3a48840e1151078f22a15c511d,2023-11-15,2023-W46,Wednesday,Alterado o arquivo readme.md,Alterado,Geral,Não
52a23e43f4683317c658661663fabfe282faafc5,2023-11-15,2023-W46,Wednesday,Alterado o arquivo readme.md,Alterado,Geral,Não
49df50bb977b657ad3c8c3b23fef415c9603278e,2023-11-15,2023-W46,Wednesday,Alterado o arquivo readme.md,Alterado,Geral,Não
d078b6b3fdb4180c617cfbc63286e4e2c80ed90c,2023-11-15,2023-W46,Wednesday,Alterado o arquivo readme.md,Alterado,Geral,Não
18e331bb21125abd129af9419f40eda2d07121e3,2023-11-15,2023-W46,Wednesday,Alterado o arquivo readme.md,Alterado,Geral,Não
7cf221f7cfc8e587dde14db45ede4417d8d75308,2023-11-15,2023-W46,Wednesday,Alterado o arquivo readme.md,Alterado,Geral,Não
cb61453f77dc95eb726013d3f2fa381a822f3d8b,2023-11-15,2023-W46,Wednesday,Alterado o arquivo readme.md,Alterado,Geral,Não
13907f83724ab2463bff8d20e7cdf15b9cff64ba,2023-11-15,2023-W46,Wednesday,Alterado o arquivo readme.md,Alterado,Geral,Não
a3ef304f4dd3b5023e3aa768a29e7cf47d6bfd88,2023-11-15,2023-W46,Wednesday,Alterado o arquivo readme.md,Alterado,Geral,Não
d2e451a94b4af0b42598ac84b83974b4ac73787f,2023-11-15,2023-W46,Wednesday,Alterado o arquivo readme.md,Alterado,Geral,Não
36ef8e3f6156a0698f5db3d08403428cffe4a034,2023-11-15,2023-W46,Wednesday,Alterado o arquivo readme.md,Alterado,Geral,Não
ed596aa8cb03b6df24389532815386a34c6c76e9,2023-11-15,2023-W46,Wednesday,Alterado o arquivo readme.md,Alterado,Geral,Não
a615d59f18328ad557920c278677e488a131736a,2023-11-15,2023-W46,Wednesday,Alterado o arquivo readme.md,Alterado,Geral,Não
0f30776d2113b1e918e95bb678f9aba22f19014d,2023-11-15,2023-W46,Wednesday,Alterado o arquivo readme.md,Alterado,Geral,Não
a73b05f3037bece31a3256f0d800d7d7e0d9403e,2023-11-14,2023-W46,Tuesday,Alterado o arquivo readme.md,Alterado,Geral,Não
e9b7b935ffac0712632bb8c6c0d6eb92052ec52e,2023-11-14,2023-W46,Tuesday,Alterado o arquivo readme.md,Alterado,Geral,Não
66aa4a5c4a3c80e10be34afe6b84ca900e1072bc,2023-11-14,2023-W46,Tuesday,Alterado o arquivo readme.md,Alterado,Geral,Não
1c49647a458db42094c09edf0698907c2eff3c21,2023-11-13,2023-W46,Monday,Alterado o arquivo readme.md,Alterado,Geral,Não
f325fcd9cbf313b2852ec35b11295f76b21f81aa,2023-11-13,2023-W46,Monday,Alterado o arquivo readme.md,Alterado,Geral,Não
171fb7c3747c926895468cac379589437ad4185f,2023-11-13,2023-W46,Monday,Adicionado a pasta 03 - Auto QoS,Adicionado,Infrastructure,Não
b2b53a6c208408da71f7260aa0fb88aa77d277b2,2023-11-13,2023-W46,Monday,Alterado o readme.md,Alterado,Geral,Não
d6e99508a06c2e984abd83811474b03d00bbf3c7,2023-11-13,2023-W46,Monday,Alterado o readme.md,Alterado,Geral,Não
a4892d2a852ebede5345b6db078f1fe18fbe57f8,2023-11-13,2023-W46,Monday,Alterado o readme.md,Alterado,Geral,Não
f0626c4dd748439d4f396e7b32efb766e7361c03,2023-11-13,2023-W46,Monday,Alterado o readme.md,Alterado,Geral,Não
b504771418b980c93e4ba791ade43a1095c09255,2023-11-13,2023-W46,Monday,Alterado o readme.md,Alterado,Geral,Não
3926a389480255d208d1804c9e64681f732ff08b,2023-11-13,2023-W46,Monday,Alterado o readme.md,Alterado,Geral,Não
b09ee166763eca5f1546a9e12609d301da71b3c6,2023-11-13,2023-W46,Monday,Alterado o readme.md,Alterado,Geral,Não
b526f1f2f00a6d17ec069a61f0a6ae04ead2beea,2023-11-13,2023-W46,Monday,Alterado o readme.md,Alterado,Geral,Não
4f6d074f7a12e69967b228980d00f6f5bd303fd5,2023-11-13,2023-W46,Monday,Alterado o readme.md,Alterado,Geral,Não
43310e782a0bb7407a0f2e4343d5675397c61094,2023-11-13,2023-W46,Monday,Alterado o readme.md,Alterado,Geral,Não
0c49caef756c4e6dc90a4aa6a8e12f7a151cf5d2,2023-11-13,2023-W46,Monday,Alterado o readme.md,Alterado,Geral,Não
e51273b1ba0ffb197ed0747b9f7e82e9f0f0727c,2023-11-13,2023-W46,Monday,Alterado o readme.md,Alterado,Geral,Não
88e548644e3348c0180ae70fddb7a3c1df403d95,2023-11-13,2023-W46,Monday,Arrumando a pasta 02,Acertado,Geral,Não
8a3dccbe3d94bfaf565634111f0075ea64298b55,2023-11-13,2023-W46,Monday,Arrumando a pasta 02,Acertado,Geral,Não
6fcf39480df7bd54267efa6a48ed09b5ed215cd8,2023-11-13,2023-W46,Monday,Alterado o arquivo Readme.md,Alterado,Geral,Não
d7932124f9a590623ed96d1dcbc3decea839eff3,2023-11-13,2023-W46,Monday,Adicionado a pasta 02 - Limit de Banda - Shapping,Adicionado,Geral,Não
1aa99f1bb0c0f3df213d968d3a94d76191ef6fa2,2023-11-13,2023-W46,Monday,Alterado o arquivo readme.md,Alterado,Geral,Não
542a8b7e49693dbf7bd9a4fa1d46d38bbb35bd24,2023-11-13,2023-W46,Monday,Alterado o arquivo readme.md,Alterado,Geral,Não
d77ba49d9ca5fc0d8255e420bf3a2cd6d175efe4,2023-11-13,2023-W46,Monday,Alterado o arquivo readme.md,Alterado,Geral,Não
ba8d638e9bc20685964b6140e1e182acc8786d17,2023-11-13,2023-W46,Monday,Alterado o arquivo readme.md,Alterado,Geral,Não
ae79bf7bd29d1ac9218c4b71b1e095e2b38c01e4,2023-11-13,2023-W46,Monday,Alterado o arquivo readme.md,Alterado,Geral,Não
38357cdb133a62ddc23cfea8af3267e0e67aa670,2023-11-11,2023-W45,Saturday,Adicionado arquivos de backup dos roteadores de policing e backup do laboratório,Adicionado,Geral,Não
c760d97fc74f1655fca317565287aa08704560cb,2023-11-11,2023-W45,Saturday,Adicionado arquivos de backup dos roteadores de policing e backup do laboratório,Adicionado,Geral,Não
a791f95d1622793f2196161fcf6080e9bd3d8afe,2023-11-11,2023-W45,Saturday,Alterado o arquivo readme.md,Alterado,Geral,Não
2a7e8988e164b2854d38d3cd2811cffbb2b96d16,2023-11-11,2023-W45,Saturday,Alterado o arquivo readme.md,Alterado,Geral,Não
2c6c8f96f9b6af4042f6d8770279bb05164c4b3a,2023-11-11,2023-W45,Saturday,Alterado o arquivo readme.md,Alterado,Geral,Não
9633c1cce2345a2cea94963385b3a54b6f6399b6,2023-11-11,2023-W45,Saturday,Alterado o arquivo readme.md,Alterado,Geral,Não
2a7e63c7e7506eb6a56874c0cda9a49bc5f8ee8d,2023-11-10,2023-W45,Friday,Alterado o arquivo readme.md,Alterado,Geral,Não
b504748d125887839b81d26d3015cbc0d9468283,2023-11-10,2023-W45,Friday,Alterado o arquivo readme.md,Alterado,Geral,Não
906fe32e0863001dc044719a87a9aa810fcd03bc,2023-11-10,2023-W45,Friday,Alterado o arquivo readme.md,Alterado,Geral,Não
ead063c78ea4f0666b6e0b8a197ffc4b819e6577,2023-11-10,2023-W45,Friday,Alterado o arquivo readme.md,Alterado,Geral,Não
9f90cf4e96e30fcf018a2cbe4a2433d2fac35cc8,2023-11-10,2023-W45,Friday,Alterado o arquivo readme.md,Alterado,Geral,Não
dcd51b5f44c8ccfacf49ab2db82d465a72f017a9,2023-11-10,2023-W45,Friday,Alterado o arquivo readme.md,Alterado,Geral,Não
e7c39d0a4afa0ed5ce27b290fac48bd09cd84a3e,2023-11-10,2023-W45,Friday,Alterado o arquivo readme.md,Alterado,Geral,Não
a22b252b75009fa0b0c2ffdc20e8f9acbf8c6cbe,2023-11-10,2023-W45,Friday,Alterado o arquivo readme.md,Alterado,Geral,Não
cfcac9e278c4208b46632721694f731a99d010ae,2023-11-10,2023-W45,Friday,Alterado o arquivo readme.md,Alterado,Geral,Não
3d077284f5a599fe8015023632ee9820964cc53f,2023-11-10,2023-W45,Friday,Alterado o arquivo readme.md,Alterado,Geral,Não
d7c32e4eb08a4103d55b83f30f9a9f14461222c0,2023-11-10,2023-W45,Friday,Alterado o arquivo readme.md,Alterado,Geral,Não
ac68c844f7974ee4959a0d4e3474d93a412c1df4,2023-11-10,2023-W45,Friday,Alterado o arquivo readme.md,Alterado,Geral,Não
a36ccac5868012d9bcb343de80e09dde03f39161,2023-11-10,2023-W45,Friday,Alterado o arquivo readme.md,Alterado,Geral,Não
acdc73c12c4ab489977e341f287749d260636e75,2023-11-10,2023-W45,Friday,Alterado o arquivo readme.md,Alterado,Geral,Não
f0ce2b652f8374a751823de67400becd791eac57,2023-11-10,2023-W45,Friday,Alterado o arquivo readme.md,Alterado,Geral,Não
5b456389939f7407b48137a1266a751781fcf601,2023-11-10,2023-W45,Friday,Alterado o arquivo readme.md,Alterado,Geral,Não
f845a53e764030c093e298889b5857d2f81e0ab1,2023-11-10,2023-W45,Friday,Alterado o arquivo readme.md,Alterado,Geral,Não
887e82af6057e2c5e92f13a15ade52870174e38c,2023-11-10,2023-W45,Friday,Alterado o arquivo readme.md,Alterado,Geral,Não
e0e07949cc5734062d1e2fde21e8fed74505a1d2,2023-11-10,2023-W45,Friday,Alterado o arquivo readme.md,Alterado,Geral,Não
5c06a07d9e5e744297e77b974cc14615cf374aae,2023-11-10,2023-W45,Friday,Alterado o arquivo readme.md,Alterado,Geral,Não
e80d0b0dd611a46d7fd9f183c09dd0c510052be2,2023-11-10,2023-W45,Friday,Alterado o arquivo readme.md,Alterado,Geral,Não
0dc9a81fa5971c88cacb30f500f4ff68b2b447fb,2023-11-10,2023-W45,Friday,Alterado readme.md,Alterado,Geral,Não
93a4394861929340a0305a37fd2471b1523f7c60,2023-11-10,2023-W45,Friday,Alterado readme.md,Alterado,Geral,Não
3718039f9983742a440ced119768be47a4990eb9,2023-11-10,2023-W45,Friday,Alterado imagem cenario,Alterado,Geral,Não
1d194e38e4aca9fd8bc877c426342be1be64a547,2023-11-09,2023-W45,Thursday,Adicionado readme.md na pasta de QOS,Adicionado,Infrastructure,Não
23063ed9921a26c7a6a69633590543e2ba3e4e95,2023-11-09,2023-W45,Thursday,Adicionado readme.md na pasta de QOS,Adicionado,Infrastructure,Não
e1d4141928cec85763cf36be531c2f98bd9d4515,2023-11-09,2023-W45,Thursday,Adicionado readme.md na pasta de QOS,Adicionado,Infrastructure,Não
21637299fb7e028adc6cac5fde6d98e62c471a62,2023-11-09,2023-W45,Thursday,Adicionado pastas por itens do blueprint,Adicionado,Geral,Não
5a3e9c851dc30e5253317c2dbdbd5b7200cc5502,2023-11-09,2023-W45,Thursday,Alterado o readme.md da pasta CCNP 350-401 ENCOR,Alterado,Geral,Não
be1841a6e1dff52fd00e6ce9e3258e085f247fb6,2023-11-09,2023-W45,Thursday,Alterado o readme.md da pasta CCNP 350-401 ENCOR,Alterado,Geral,Não
7e45ec2e97ce5fcfbacfa9745e9fd37fc95ca93e,2023-11-09,2023-W45,Thursday,Adicionado a pasta CCNP 350-401 ENCOR,Adicionado,Geral,Não
2d2f8a07084562eb700b50ab5602fd6d3e542e75,2023-11-09,2023-W45,Thursday,Alterado o readme.md,Alterado,Geral,Não
5680f1f411e0811550e4d6856223194aab80e270,2023-11-09,2023-W45,Thursday,Alterado o readme.md,Alterado,Geral,Não
d009e00216c7882623e14e707bbc38f6605f8f58,2023-11-09,2023-W45,Thursday,Alterado o readme.md,Alterado,Geral,Não
7d3743adda134122135a04f17f02980499e53d22,2023-11-09,2023-W45,Thursday,Alterado o readme.md,Alterado,Geral,Não
befc1b6de3518a8b99bce1dfc40131d077b49a1f,2023-11-09,2023-W45,Thursday,Alterado o readme.md,Alterado,Geral,Não
ee2c50e7d21979759d0a7d8b5f2f2ec5fd4104a6,2023-11-09,2023-W45,Thursday,Alterado o readme.md,Alterado,Geral,Não
bfe467a7d74ac67da6af5265f95e08f005b1afff,2023-11-09,2023-W45,Thursday,Alterado o readme.md,Alterado,Geral,Não
21f425c7c9a1d09701febe6d62bef8c989d515c7,2023-11-09,2023-W45,Thursday,Alterado o readme.md,Alterado,Geral,Não
3a98d252a5be22a77717d428e165a5cbfeab4e77,2023-11-09,2023-W45,Thursday,Alterado o readme.md,Alterado,Geral,Não
62f5eadbe58877d587f8b02790d2c1db76dd92ac,2023-11-09,2023-W45,Thursday,Alterado o readme.md,Alterado,Geral,Não
a7677444682c25b10b96499d267c84f7e0e91021,2023-11-09,2023-W45,Thursday,Alterado o readme.md,Alterado,Geral,Não
5614a557a625bba2e841d7e46d2f98247b215411,2023-11-09,2023-W45,Thursday,Alterado o readme.md,Alterado,Geral,Não
2bb73dc9ea2a1eb5ac3bc54eb0509e41b0dec825,2023-11-09,2023-W45,Thursday,Alterado o readme.md,Alterado,Geral,Não
c69ab4cf942872a40811ee216d6badc739e991b9,2023-11-09,2023-W45,Thursday,Alterado o readme.md,Alterado,Geral,Não
a5128008b9c67681d4404fe8d1aa3826184232a0,2023-11-09,2023-W45,Thursday,Alterado o readme.md,Alterado,Geral,Não
b45753b23c27beb0737f2da58e30f5b410ffbde8,2023-11-09,2023-W45,Thursday,Alterado o readme.md,Alterado,Geral,Não
7bbc2354c8722e8971d9bb8863a95fd722df3c8c,2023-11-09,2023-W45,Thursday,Alterado o readme.md,Alterado,Geral,Não
3c24beaee8d91211852502bee68a4f6c624a857e,2023-11-09,2023-W45,Thursday,Alterado o readme.md,Alterado,Geral,Não
c3f60fb635685a070e4f1bb801c982feba9aaf1e,2023-11-09,2023-W45,Thursday,Alterado o readme.md,Alterado,Geral,Não
fd063dc98fab3cfd7d4094ffb71f3680e1c4c068,2023-11-09,2023-W45,Thursday,Alterado o readme.md,Alterado,Geral,Não
0e13b2ca980bea1d33d5c16750e207ee2f0cbad1,2023-11-09,2023-W45,Thursday,Update README.md,Atualizado,Geral,Não
6170a4fcd36698d649c0508acaa39dd063b0d677,2023-11-09,2023-W45,Thursday,Update README.md,Atualizado,Geral,Não
d8eb56312a0856b1f98849c8aa36025b952c25cb,2023-11-09,2023-W45,Thursday,Update README.md,Atualizado,Geral,Não
426eabfe5908b6ff88fda0a24e7c16f1a80b34ae,2023-11-09,2023-W45,Thursday,vault backup: 2023-11-09 16:34:43,Outro,Geral,Não
5633ce6791cb5d52890eba816bec083902eeaade,2023-11-09,2023-W45,Thursday,vault backup: 2023-11-09 16:34:18,Outro,Geral,Não
58ad0a6b4c799a667db720f6b686afb66802f853,2023-11-09,2023-W45,Thursday,vault backup: 2023-11-09 16:32:08,Outro,Geral,Não
318adb70f09c551753f397562103ce46e873e277,2023-11-09,2023-W45,Thursday,Initial commit,Outro,Geral,Não
